Product,Options,Solvantis Variant ID,Shopify Product ID,Shopify Variant ID,Shopify Inventory Item ID,Previous Solvantis SKU,Previous Shopify SKU,Restored OG SKU,Leading Apostrophe Normalized,IMS Verified,Shopify Verified
Aaliyah Off The Shoulder Sequins Mesh Tee - By Frankie,Size: L,c325bf59-bb3e-44c6-b60e-f89a943c207c,10596924457265,53015377576241,55116449710385,836-1 - BF9-5,836-1 - BF9,836-1 - BF9,no,yes,yes
Aaliyah Off The Shoulder Sequins Mesh Tee - By Frankie,Size: L,dc08eada-7fd1-4e7c-8c82-32a65617b184,10596949655857,53015939940657,55117014991153,836-1 - BF9-10,836-1 - BF9,836-1 - BF9,no,yes,yes
Aaliyah Off The Shoulder Sequins Mesh Tee - By Frankie,Size: L,ca787453-1519-452c-bf3b-8b92693f9f97,10597820203313,53022197449009,55123335905585,836-1 - BF9-15,836-1 - BF9,836-1 - BF9,no,yes,yes
Aaliyah Off The Shoulder Sequins Mesh Tee - By Frankie,Size: M,88441b46-390f-4f9f-b4c0-0de20dcf8f5f,10596924457265,53015377543473,55116449677617,836-1 - BF9-4,836-1 - BF9,836-1 - BF9,no,yes,yes
Aaliyah Off The Shoulder Sequins Mesh Tee - By Frankie,Size: M,4822ea72-04af-4238-a4cd-1442445fdbf9,10596949655857,53015939907889,55117014958385,836-1 - BF9-9,836-1 - BF9,836-1 - BF9,no,yes,yes
Aaliyah Off The Shoulder Sequins Mesh Tee - By Frankie,Size: M,9302a2c1-5d64-496f-b8c9-1d0b65b79040,10597820203313,53022197416241,55123335872817,836-1 - BF9-14,836-1 - BF9,836-1 - BF9,no,yes,yes
Aaliyah Off The Shoulder Sequins Mesh Tee - By Frankie,Size: S,96f4bafc-0e0b-4291-a600-c1df603adb42,10596924457265,53015377510705,55116449644849,836-1 - BF9-3,836-1 - BF9,836-1 - BF9,no,yes,yes
Aaliyah Off The Shoulder Sequins Mesh Tee - By Frankie,Size: S,cf9ec665-fd56-4471-a775-09e1dd2a883e,10596949655857,53015939875121,55117014925617,836-1 - BF9-8,836-1 - BF9,836-1 - BF9,no,yes,yes
Aaliyah Off The Shoulder Sequins Mesh Tee - By Frankie,Size: S,6691b9b7-0bd5-494c-b07e-715f19812b2c,10597820203313,53022197383473,55123335840049,836-1 - BF9-13,836-1 - BF9,836-1 - BF9,no,yes,yes
Aaliyah Off The Shoulder Sequins Mesh Tee - By Frankie,Size: XL,19b2a25f-b6e1-4a32-b790-bdf50d531f33,10596924457265,53015377609009,55116449743153,836-1 - BF9-6,836-1 - BF9,836-1 - BF9,no,yes,yes
Aaliyah Off The Shoulder Sequins Mesh Tee - By Frankie,Size: XL,c0c72fce-bb03-4214-8e94-cfa549c91ddc,10596949655857,53015939973425,55117015023921,836-1 - BF9-11,836-1 - BF9,836-1 - BF9,no,yes,yes
Aaliyah Off The Shoulder Sequins Mesh Tee - By Frankie,Size: XS,1f0d1de6-b19a-4e7d-a985-5f41fef98069,10596924457265,53015377477937,55116449612081,836-1 - BF9-2,836-1 - BF9,836-1 - BF9,no,yes,yes
Aaliyah Off The Shoulder Sequins Mesh Tee - By Frankie,Size: XS,71764702-eebb-4635-b1d0-3e98a85b8464,10596949655857,53015939842353,55117014892849,836-1 - BF9-7,836-1 - BF9,836-1 - BF9,no,yes,yes
Aaliyah Off The Shoulder Sequins Mesh Tee - By Frankie,Size: XS,e0a5d948-71f2-408b-9b01-ed155bcdbb0f,10597820203313,53022197350705,55123335807281,836-1 - BF9-12,836-1 - BF9,836-1 - BF9,no,yes,yes
Ada Linen Mini Dress - Mustard/Yellow - GDS,Size: L,58effb9e-d446-4268-875a-53d1457bb547,7191248634013,41594095927453,43691065868445,2803318-4,2803318,2803318,no,yes,yes
Ada Linen Mini Dress - Mustard/Yellow - GDS,Size: M,faa767e4-4955-48e6-a61e-ed05a511af82,7191248634013,41594095894685,43691065835677,2803318-3,2803318,2803318,no,yes,yes
Ada Linen Mini Dress - Mustard/Yellow - GDS,Size: S,e713ac89-5f4c-4172-87d5-ede2656bb2d8,7191248634013,41594095861917,43691065802909,2803318-2,2803318,2803318,no,yes,yes
Ada Linen Mini Dress - Mustard/Yellow - GDS,Size: XL,3cf6efc7-fd88-4ef3-b709-fcb37c9940f8,7191248634013,41594095960221,43691065901213,2803318-5,2803318,2803318,no,yes,yes
Ada Linen Mini Dress - Pink,Size: L,aeb660f8-81a6-45f2-81c4-6e30b90d5377,8006179291441,43944797962545,45994292871473,280 3318 mkt-3,280 3318 mkt,280 3318 mkt,no,yes,yes
Ada Linen Mini Dress - Pink,Size: S,e685070d-ef56-46fd-b2f8-6a39faa41611,8006179291441,43944797897009,45994292805937,280 3318 mkt-2,280 3318 mkt,280 3318 mkt,no,yes,yes
Ada Linen Mini Dress - Pink,Size: XL,48d75a92-c35a-4cc8-9fae-563b0cc42dde,8006179291441,43944797995313,45994292904241,280 3318 mkt-4,280 3318 mkt,280 3318 mkt,no,yes,yes
Ada Linen Shorts - Yellow - GDS,Size: L,04ac59cc-4ade-4cae-a499-d4ffa053671f,7293224943773,42015180390557,44113908924573,GDS109-4,GDS109,GDS109,no,yes,yes
Ada Linen Shorts - Yellow - GDS,Size: M,ed0ce5ed-2f6d-4924-9524-6e57c51318cf,7293224943773,42015180357789,44113908891805,GDS109-3,GDS109,GDS109,no,yes,yes
Ada Linen Shorts - Yellow - GDS,Size: S,2c4916de-b1e9-4533-891c-26d6778364d4,7293224943773,42015180325021,44113908859037,GDS109-2,GDS109,GDS109,no,yes,yes
Ada Linen Shorts - Yellow - GDS,Size: XL,163112da-9414-468d-a236-c1a18468f44e,7293224943773,42015180423325,44113908957341,GDS109-5,GDS109,GDS109,no,yes,yes
Ada Midi Linen Dress - Mustard/Yellow - GDS,Size: L,94743279-539a-4fad-a36f-060bc1614033,7191356309661,41594489569437,43691459510429,2803317 - GDS BOX11-4,2803317 - GDS BOX11,2803317 - GDS BOX11,no,yes,yes
Ada Midi Linen Dress - Mustard/Yellow - GDS,Size: M,7cf89fc4-9c38-407c-8daa-8d796c20ee70,7191356309661,41594489536669,43691459444893,2803317 - GDS BOX11-3,2803317 - GDS BOX11,2803317 - GDS BOX11,no,yes,yes
Ada Midi Linen Dress - Mustard/Yellow - GDS,Size: S,6a2ecb8b-fc08-4ba4-a387-c0ec0d3612f0,7191356309661,41594489503901,43691459412125,2803317 - GDS BOX11-2,2803317 - GDS BOX11,2803317 - GDS BOX11,no,yes,yes
Ada Midi Linen Dress - Mustard/Yellow - GDS,Size: XL,216bc3a5-686f-46b7-9c1d-11485aa99df2,7191356309661,41594489602205,43691459543197,2803317 - GDS BOX11-5,2803317 - GDS BOX11,2803317 - GDS BOX11,no,yes,yes
Ada Midi Linen Dress - Navy - GDS,Size: L,3d3a31fb-9c15-41e3-9086-8cdd815eda1a,8576027099441,45733225988401,47779808674097,280 3317A - BOX 9 GDS-4,280 3317A - BOX 9 GDS,280 3317A - BOX 9 GDS,no,yes,yes
Ada Midi Linen Dress - Navy - GDS,Size: M,56ae402c-6b0f-454b-a8e5-8fb141fe1107,8576027099441,45733225922865,47779808641329,280 3317A - BOX 9 GDS-3,280 3317A - BOX 9 GDS,280 3317A - BOX 9 GDS,no,yes,yes
Ada Midi Linen Dress - Navy - GDS,Size: S,33306345-8417-4d0e-924b-0f9375b39cdc,8576027099441,45733225857329,47779808608561,280 3317A - BOX 9 GDS-2,280 3317A - BOX 9 GDS,280 3317A - BOX 9 GDS,no,yes,yes
Ada Midi Linen Dress - Navy - GDS,Size: XL,774933e1-6cd4-4175-bb5b-186a77a0c83a,8576027099441,45733226021169,47779808706865,280 3317A - BOX 9 GDS-5,280 3317A - BOX 9 GDS,280 3317A - BOX 9 GDS,no,yes,yes
Ada Midi Linen Dress - Pink,Size: L,b0d914a4-4231-4ecc-847d-ea312678471a,8006153077041,43944660205873,45994155114801,280 3317-2,280 3317,280 3317,no,yes,yes
Ada Midi Linen Dress - Pink,Size: S,4af87ceb-e0b1-4549-a52e-8bad7574078d,8006153077041,43944660140337,45994155049265,280 3317 mkt-2,280 3317 mkt,280 3317 mkt,no,yes,yes
Ada Midi Linen Dress - Pink,Size: XL,33460ebb-64e3-470d-ab9d-62d73a4c5c6f,8006153077041,43944660238641,45994155147569,280 3317-3,280 3317,280 3317,no,yes,yes
Ada Mini Linen Dress - Khaki - GDS,Size: L,5dc5de4a-4bba-4544-b369-a3cc9b147f3a,8576063471921,45733385961777,47779968713009,280 3318A Box 6 GDS-4,280 3318A Box 6 GDS,280 3318A Box 6 GDS,no,yes,yes
Ada Mini Linen Dress - Khaki - GDS,Size: M,fdd77bca-3785-4d74-b8bb-156d39e6a492,8576063471921,45733385929009,47779968680241,280 3318A Box 6 GDS-3,280 3318A Box 6 GDS,280 3318A Box 6 GDS,no,yes,yes
Ada Mini Linen Dress - Khaki - GDS,Size: S,ffb653a1-7be4-4e33-b261-b9f91065c5a8,8576063471921,45733385896241,47779968647473,280 3318A Box 6 GDS-2,280 3318A Box 6 GDS,280 3318A Box 6 GDS,no,yes,yes
Ada Mini Linen Dress - Khaki - GDS,Size: XL,b34da2c9-b96e-4150-9907-99212a57a346,8576063471921,45733385994545,47779968745777,280 3318A Box 6 GDS-5,280 3318A Box 6 GDS,280 3318A Box 6 GDS,no,yes,yes
Ada Mini Linen Dress - Navy/Blue - GDS,Size: L,3de373b5-a950-4ec6-aa8d-bbb9830c944b,8576079200561,45733452415281,47780035166513,280 3318A Box 11-4,280 3318A Box 11,280 3318A Box 11,no,yes,yes
Ada Mini Linen Dress - Navy/Blue - GDS,Size: M,e523f000-35a0-478b-baa1-68341b6d03f6,8576079200561,45733452382513,47780035133745,280 3318A Box 11-3,280 3318A Box 11,280 3318A Box 11,no,yes,yes
Ada Mini Linen Dress - Navy/Blue - GDS,Size: S,e09a37d2-5eb6-425c-a3d7-323cf11795d0,8576079200561,45733452349745,47780035100977,280 3318A Box 11-2,280 3318A Box 11,280 3318A Box 11,no,yes,yes
Ada Mini Linen Dress - Navy/Blue - GDS,Size: XL,3a2459f4-e758-4c46-b450-60515cc9c7bb,8576079200561,45733452448049,47780035199281,280 3318A Box 11-5,280 3318A Box 11,280 3318A Box 11,no,yes,yes
Adalee Midi Dress - Multicolour,Size: 10,3359d264-e628-432c-ab2b-217aafc434df,9495207706929,48749154763057,50796566085937,ADALEE - T4-3,ADALEE - T4,ADALEE - T4,no,yes,yes
Adalee Midi Dress - Multicolour,Size: 12,94ca6d10-8f5d-421b-b994-31ec704bed17,9495207706929,48749154795825,50796566118705,ADALEE - T4-4,ADALEE - T4,ADALEE - T4,no,yes,yes
Adalee Midi Dress - Multicolour,Size: 14,33d01a6c-6650-4436-abc1-c1c2cde26e51,9495207706929,48749154828593,50796566151473,ADALEE - T4-5,ADALEE - T4,ADALEE - T4,no,yes,yes
Adalee Midi Dress - Multicolour,Size: 8,ec166be6-6d8c-4411-ae2b-e8d5a1d0a4ca,9495207706929,48749154730289,50796566053169,ADALEE - T4-2,ADALEE - T4,ADALEE - T4,no,yes,yes
Agnes Long Dress - Beige/white - GDS,Size: 10/S,d3289239-dbab-4153-aaed-3befb63d2fa5,7191297360029,41594282672285,43691252514973,2803328-2,2803328,2803328,no,yes,yes
Agnes Long Dress - Beige/white - GDS,Size: 12/M,9a9ee9ae-6412-4ca3-8136-b8471f649cc7,7191297360029,41594282705053,43691252547741,2803328-3,2803328,2803328,no,yes,yes
Agnes Long Dress - Beige/white - GDS,Size: 14/L,0631eca3-c6bb-4a0b-94f3-2802de5ccce0,7191297360029,41594282737821,43691252580509,2803328-4,2803328,2803328,no,yes,yes
Agnes Long Dress - Beige/white - GDS,Size: 16/XL,8a38ef84-64f2-464b-bac8-8fb01d25b613,7191297360029,41594282770589,43691252613277,2803328-5,2803328,2803328,no,yes,yes
Agnes Long Sleeve Embroidery Dress,Size: 10/S,7da93a21-fb0b-438c-b879-f00b4f9ede1b,8576125665585,45733647221041,47780229972273,Box 11 GDS-2,Box 11 GDS,Box 11 GDS,no,yes,yes
Agnes Long Sleeve Embroidery Dress,Size: 12/M,fc912d46-ec9b-4b01-ba79-09f79fb24d38,8576125665585,45733647253809,47780230005041,Box 11 GDS-3,Box 11 GDS,Box 11 GDS,no,yes,yes
Agnes Long Sleeve Embroidery Dress,Size: 14/L,f4eaf4f3-1723-49e2-bfd1-7ffd78667eb9,8576125665585,45733647286577,47780230037809,Box 11 GDS-4,Box 11 GDS,Box 11 GDS,no,yes,yes
Agnes Long Sleeve Embroidery Dress,Size: 16/XL,48e33582-d683-40b6-a497-7eaf11ca575c,8576125665585,45733647319345,47780230070577,Box 11 GDS-5,Box 11 GDS,Box 11 GDS,no,yes,yes
Alanah Top - Pink/Purple/Mustard,Size: 16,57e36f2c-f398-47fa-85b7-6aa4460d801a,7486579376285,42646557720733,44744169226397,JA129-RB013P - T3-6,JA129-RB013P - T3,JA129-RB013P - T3,no,yes,yes
Alanah Top - Pink/Purple/Mustard,Size: 18,d4c93d74-8204-4cda-98a7-f0018181463d,7486579376285,42646557753501,44744169259165,JA129-RB013P - T3-7,JA129-RB013P - T3,JA129-RB013P - T3,no,yes,yes
Alanah Top - Pink/Purple/Mustard,Size: 20,f64ed60f-6285-484e-9a54-7473da029937,7486579376285,42646557786269,44744169291933,JA129-RB013P - T3-8,JA129-RB013P - T3,JA129-RB013P - T3,no,yes,yes
Alanah Top - Pink/Purple/Mustard,Size: L,d53ead6f-fa4f-4306-96cd-26f258fd0d0a,7486579376285,42646557655197,44744169160861,JA129-RB013P - T3-4,JA129-RB013P - T3,JA129-RB013P - T3,no,yes,yes
Alanah Top - Pink/Purple/Mustard,Size: M,01926c45-45ee-44e3-882b-2b707ae83891,7486579376285,42646557622429,44744169128093,JA129-RB013P - T3-3,JA129-RB013P - T3,JA129-RB013P - T3,no,yes,yes
Alanah Top - Pink/Purple/Mustard,Size: S,5fa49022-5c8d-4f03-914e-4d98ea8ba620,7486579376285,42646557589661,44744169095325,JA129-RB013P - T3-2,JA129-RB013P - T3,JA129-RB013P - T3,no,yes,yes
Alanah Top - Pink/Purple/Mustard,Size: XL,5dc23047-bdf6-4d36-908a-8d476ea4b7f7,7486579376285,42646557687965,44744169193629,JA129-RB013P - T3-5,JA129-RB013P - T3,JA129-RB013P - T3,no,yes,yes
Alba Maxi Dress - Pink Floral,Size: L,143eebfa-2e6e-422c-ad33-8ca53706c430,8632529223985,45979882750257,48026483196209,20161270#900 - A5-4,20161270#900 - A5,20161270#900 - A5,no,yes,yes
Alba Maxi Dress - Pink Floral,Size: M,d4ad6b75-db65-4f70-b9f7-224fd151e546,8632529223985,45979882717489,48026483163441,20161270#900 - A5-3,20161270#900 - A5,20161270#900 - A5,no,yes,yes
Alba Maxi Dress - Pink Floral,Size: S,b9ae8cc4-9d52-4b9a-974a-9e6e56f8cc73,8632529223985,45979882684721,48026483130673,20161270#900 - A5-2,20161270#900 - A5,20161270#900 - A5,no,yes,yes
Alba Maxi Dress - Pink Floral,Size: X,6e01a81a-4a8a-4b63-90e8-e4061e5ced7b,8632529223985,45979882783025,48026483228977,20161270#900 - A5-5,20161270#900 - A5,20161270#900 - A5,no,yes,yes
Aleena Dress - Cream - GDS,Size: L,910d7dae-c57f-4f02-9ca7-fdb31cf7b704,8725669577009,46267877490993,48314853294385,2801353 Box6 6 GDS-4,2801353 Box6 6 GDS,2801353 Box6 6 GDS,no,yes,yes
Aleena Dress - Cream - GDS,Size: M,3a19fc44-0f4a-4861-a2ec-6690299709d7,8725669577009,46267877458225,48314853261617,2801353 Box6 6 GDS-3,2801353 Box6 6 GDS,2801353 Box6 6 GDS,no,yes,yes
Aleena Dress - Cream - GDS,Size: S,c79c3c1c-e2f4-4f9d-9b51-1ca2f0b452ca,8725669577009,46267877425457,48314853228849,2801353 Box6 6 GDS-2,2801353 Box6 6 GDS,2801353 Box6 6 GDS,no,yes,yes
Aleena Dress - Cream - GDS,Size: XL,b3f74d1c-3ae3-4d1c-8276-75222fe4aa29,8725669577009,46267877523761,48314853327153,2801353 Box6 6 GDS-5,2801353 Box6 6 GDS,2801353 Box6 6 GDS,no,yes,yes
Alexis lace Midi Dress -  White,Size: L/14,e9b6ea09-0dce-49df-8825-e6ab084ed17c,9957161861425,49840091857201,51889675534641,2521 2103-5,2521 2103,2521 2103,no,yes,yes
Alexis lace Midi Dress -  White,Size: M/12,debd00c2-f883-4a0b-b572-ba3e41757a9e,9957161861425,49840091824433,51889675501873,2521 2103-4,2521 2103,2521 2103,no,yes,yes
Alexis lace Midi Dress -  White,Size: S/10,9d789989-4d32-40df-b2f8-8892021a9734,9957161861425,49840091791665,51889675469105,2521 2103-3,2521 2103,2521 2103,no,yes,yes
Alexis lace Midi Dress -  White,Size: XS/8,6689c889-90e6-4915-ae39-c3b515a53721,9957161861425,49840091758897,51889675436337,2521 2103-2,2521 2103,2521 2103,no,yes,yes
Alexis Midi Dress - Aqua,Size: 16,b454fe6a-d244-4d18-a469-0c12e02ef159,9909854044465,49710009844017,51757041680689,JA80-0878 - B9-7,JA80-0878 - B9,JA80-0878 - B9,no,yes,yes
Alexis Midi Dress - Aqua,Size: 18,5ee4a56b-e6a8-41d8-8021-1d77aac05099,9909854044465,49710009876785,51757041713457,JA80-0878 - B9-8,JA80-0878 - B9,JA80-0878 - B9,no,yes,yes
Alexis Midi Dress - Aqua,Size: L,44b6d258-d32f-48b5-a945-bac1d87caa82,9909854044465,49710009778481,51757041615153,JA80-0878 - B9-5,JA80-0878 - B9,JA80-0878 - B9,no,yes,yes
Alexis Midi Dress - Aqua,Size: M,6f82fc86-3864-4861-9803-612be38329fe,9909854044465,49710009745713,51757041582385,JA80-0878 - B9-4,JA80-0878 - B9,JA80-0878 - B9,no,yes,yes
Alexis Midi Dress - Aqua,Size: S,5abbf2ee-b6da-4f06-85c0-aa7bd1ee7780,9909854044465,49710009712945,51757041549617,JA80-0878 - B9-3,JA80-0878 - B9,JA80-0878 - B9,no,yes,yes
Alexis Midi Dress - Aqua,Size: XL,f6e338b8-07a5-46e6-a38d-f799afb52980,9909854044465,49710009811249,51757041647921,JA80-0878 - B9-6,JA80-0878 - B9,JA80-0878 - B9,no,yes,yes
Alexis Midi Dress - Aqua,Size: XS,4585d3cd-64d6-421b-9ce1-c2e1acb1aa9d,9909854044465,49710009680177,51757041516849,JA80-0878 - B9-2,JA80-0878 - B9,JA80-0878 - B9,no,yes,yes
Alexis Mini Dress - Aqua,Size: L,950ec9a7-08c0-4e7a-ac17-fabd75ce771b,9909846999345,49709996769585,51757028639025,JS80257NS-0878 - B9-5,JS80257NS-0878 - B9,JS80257NS-0878 - B9,no,yes,yes
Alexis Mini Dress - Aqua,Size: M,c5322774-fc61-4ced-aca7-eb0dba8f6793,9909846999345,49709996736817,51757028606257,JS80257NS-0878 - B9-4,JS80257NS-0878 - B9,JS80257NS-0878 - B9,no,yes,yes
Alexis Mini Dress - Aqua,Size: S,9903ff20-effb-44fc-8048-472372ad9f00,9909846999345,49709996704049,51757028573489,JS80257NS-0878 - B9-3,JS80257NS-0878 - B9,JS80257NS-0878 - B9,no,yes,yes
Alexis Mini Dress - Aqua,Size: XS,0862da8b-7f3a-47a4-8674-3792559f6280,9909846999345,49709996671281,51757028540721,JS80257NS-0878 - B9-2,JS80257NS-0878 - B9,JS80257NS-0878 - B9,no,yes,yes
Ali Kimono - Bright Pink,Size: L,06f6db8f-4f55-46cd-a9c1-ca0debeb0bff,7500623970461,42907666546845,45005943341213,HJ314 - T3-4,HJ314 - T3,HJ314 - T3,no,yes,yes
Ali Kimono - Bright Pink,Size: M,5d9c2d40-9121-4f8e-bafc-96af5b1496b1,7500623970461,42907666514077,45005943308445,HJ314 - T3-3,HJ314 - T3,HJ314 - T3,no,yes,yes
Ali Kimono - Bright Pink,Size: S,1257e86f-361d-4bb9-bd5f-a84f52e673a1,7500623970461,42907663794333,45005940621469,HJ314 - T3-2,HJ314 - T3,HJ314 - T3,no,yes,yes
Ali Kimono - Bright Pink,Size: XL,35b52a49-3e97-4348-b204-65862618d2ca,7500623970461,42907666579613,45005943373981,HJ314 - T3-5,HJ314 - T3,HJ314 - T3,no,yes,yes
Ali Kimono - Pink/Purple,Size: L,aff59cf2-37bf-4e9f-8658-8874aadb12b2,7500623184029,42907699478685,45005976273053,HJ314 - T4-4,HJ314 - T4,HJ314 - T4,no,yes,yes
Ali Kimono - Pink/Purple,Size: M,e4593829-6175-403d-a944-e1f7d14d71db,7500623184029,42907699413149,45005976240285,HJ314 - T4-3,HJ314 - T4,HJ314 - T4,no,yes,yes
Ali Kimono - Pink/Purple,Size: S,02cd8f44-b014-4780-aa2c-168778b65648,7500623184029,42907699380381,45005976207517,HJ314 - T4-2,HJ314 - T4,HJ314 - T4,no,yes,yes
Ali Kimono - Pink/Purple,Size: XL,e8f37a45-d10e-45b6-a8d2-1c6e2ee473dd,7500623184029,42907699511453,45005976305821,HJ314 - T4-5,HJ314 - T4,HJ314 - T4,no,yes,yes
Alice Cut Out Dress - Blue,Size: 10,e10682c6-a584-48c9-a183-8961a4709107,7277679149213,41929967272093,44028072427677,89383 - A-3,89383 - A,89383 - A,no,yes,yes
Alice Cut Out Dress - Blue,Size: 12,58b7268f-51a2-4b9b-a429-ba8258fbea35,7277679149213,41929967304861,44028072460445,89383 - A-4,89383 - A,89383 - A,no,yes,yes
Alice Cut Out Dress - Blue,Size: 8,88eca59f-6b19-45c3-9aa6-68f6536d4b4f,7277679149213,41929967239325,44028072394909,89383 - A-2,89383 - A,89383 - A,no,yes,yes
Alice Cut Out Midi Dress - Black,Size: 10,49ff1173-9f28-447f-8703-37ad0e5cf724,7277619118237,41929387311261,44027491319965,89383 - F-3,89383 - F,89383 - F,no,yes,yes
Alice Cut Out Midi Dress - Black,Size: 12,ed7200e7-fed6-42d7-8a17-ceb829e423e1,7277619118237,41934012547229,44032125501597,89383 - F-4,89383 - F,89383 - F,no,yes,yes
Alice Cut Out Midi Dress - Black,Size: 8,a0f45f7f-296a-474e-9d43-e0b4a2703a00,7277619118237,41929387212957,44027491221661,89383 - F-2,89383 - F,89383 - F,no,yes,yes
Alice Cut Out Midi Dress - Mint,Size: 10,bb7499b6-7605-4d98-8fb3-339e7dcc65ea,7277676003485,41929961046173,44028066201757,89383 - F-7,89383 - F,89383 - F,no,yes,yes
Alice Cut Out Midi Dress - Mint,Size: 12,bf5082fb-70d0-4981-9cbe-a8357b3257ba,7277676003485,41929961078941,44028066234525,89383 - F-8,89383 - F,89383 - F,no,yes,yes
Alice Cut Out Midi Dress - Mint,Size: 6,ac740999-6e9e-492e-8a18-276a477c341c,7277676003485,41929960980637,44028066136221,89383 - F-5,89383 - F,89383 - F,no,yes,yes
Alice Cut Out Midi Dress - Mint,Size: 8,2a4e61c8-4af4-4cc3-92b9-fd7eee8846b2,7277676003485,41929961013405,44028066168989,89383 - F-6,89383 - F,89383 - F,no,yes,yes
Alice Cut Out Midi Dress - White,Size: 10,9a6ca88c-f741-407f-aa53-b42731ffb039,7277647429789,41929509404829,44027613413533,89383 - F-11,89383 - F,89383 - F,no,yes,yes
Alice Cut Out Midi Dress - White,Size: 12,d6404cd6-b2e7-437d-bfad-fc7dd7234516,7277647429789,41929509437597,44027613446301,89383 - F-12,89383 - F,89383 - F,no,yes,yes
Alice Cut Out Midi Dress - White,Size: 6,72fc6214-4434-4af6-b1b4-299781c81697,7277647429789,41929509339293,44027613347997,89383 - F-9,89383 - F,89383 - F,no,yes,yes
Alice Cut Out Midi Dress - White,Size: 8,e3eb09e5-3dc5-49a9-9929-218305291c89,7277647429789,41929509372061,44027613380765,89383 - F-10,89383 - F,89383 - F,no,yes,yes
Alina Cotton Set - By Frankie,Size: L,b2767b71-da44-4d18-ba3c-5b00d6bf6a9d,10541935362353,52413536960817,54509555482929,79-2 - BF2-5,79-2 - BF2,79-2 - BF2,no,yes,yes
Alina Cotton Set - By Frankie,Size: L,2d98539e-feed-45f8-9d2c-7566f3739640,10541946503473,52413568090417,54509586612529,79-2 - BF2-10,79-2 - BF2,79-2 - BF2,no,yes,yes
Alina Cotton Set - By Frankie,Size: M,dbceac36-86d7-41c6-b273-8e37ca5b2b1c,10541935362353,52413536928049,54509555450161,79-2 - BF2-4,79-2 - BF2,79-2 - BF2,no,yes,yes
Alina Cotton Set - By Frankie,Size: M,27f0dcc1-41c5-4876-b157-5d17b5edd79a,10541946503473,52413568057649,54509586579761,79-2 - BF2-9,79-2 - BF2,79-2 - BF2,no,yes,yes
Alina Cotton Set - By Frankie,Size: S,5cc111dc-1c2b-46a3-8360-1dfb4e7fcc95,10541935362353,52413536895281,54509555417393,79-2 - BF2-3,79-2 - BF2,79-2 - BF2,no,yes,yes
Alina Cotton Set - By Frankie,Size: S,f851931f-a085-437a-a375-b6f5c255dbf0,10541946503473,52413568024881,54509586546993,79-2 - BF2-8,79-2 - BF2,79-2 - BF2,no,yes,yes
Alina Cotton Set - By Frankie,Size: XL,c0df6ed9-b425-47ce-ab52-87184c3dcbe7,10541935362353,52413536993585,54509555515697,79-2 - BF2-6,79-2 - BF2,79-2 - BF2,no,yes,yes
Alina Cotton Set - By Frankie,Size: XS,79ff4d7b-ebc7-4f92-b60b-006c72ecee0f,10541935362353,52413536862513,54509555384625,79-2 - BF2-2,79-2 - BF2,79-2 - BF2,no,yes,yes
Alina Cotton Set - By Frankie,Size: XS,93236909-31e8-4f52-b89e-5e57954d7801,10541946503473,52413567992113,54509586514225,79-2 - BF2-7,79-2 - BF2,79-2 - BF2,no,yes,yes
Alina Set Long - Blue,Size: 10,43cb22a3-36cd-4ef6-9b98-a67142aed1cb,10075893694769,50294059598129,52347715027249,"W2031708-5, W2021741-2 - A13-3","W2031708-5, W2021741-2 - A13","W2031708-5, W2021741-2 - A13",no,yes,yes
Alina Set Long - Blue,Size: 12,704cb1af-a92f-4e4a-91c3-5cf02529aecb,10075893694769,50294059630897,52347715060017,"W2031708-5, W2021741-2 - A13-4","W2031708-5, W2021741-2 - A13","W2031708-5, W2021741-2 - A13",no,yes,yes
Alina Set Long - Blue,Size: 14,95a5c92c-8feb-4321-a7c6-0bea6ce3dca1,10075893694769,50294059663665,52347715092785,"W2031708-5, W2021741-2 - A13-5","W2031708-5, W2021741-2 - A13","W2031708-5, W2021741-2 - A13",no,yes,yes
Alina Set Long - Blue,Size: 8,b6bb26d5-f662-4e69-a467-54aaec6911bc,10075893694769,50294059565361,52347714994481,"W2031708-5, W2021741-2 - A13-2","W2031708-5, W2021741-2 - A13","W2031708-5, W2021741-2 - A13",no,yes,yes
All The Things Maxi - By Frankie,Size: L,9516cb5b-640e-4e3e-ad46-f85f4854b2bf,10609621369137,53119358173489,55220974354737,930-72 - T4-5,930-72 - T4,930-72 - T4,no,yes,yes
All The Things Maxi - By Frankie,Size: M,e25aadbf-62b7-4bbf-acb7-56f134897f76,10609621369137,53119358140721,55220974321969,930-72 - T4-4,930-72 - T4,930-72 - T4,no,yes,yes
All The Things Maxi - By Frankie,Size: S,9c46c0a1-a9f0-4128-b21e-2bbcba22e972,10609621369137,53119358107953,55220974289201,930-72 - T4-3,930-72 - T4,930-72 - T4,no,yes,yes
All The Things Maxi - By Frankie,Size: XS,83c861cd-3c54-4a2a-b7be-16706eef87fa,10609621369137,53119358075185,55220974256433,930-72 - T4-2,930-72 - T4,930-72 - T4,no,yes,yes
All The Things Shirt & Shorts Set - By Frankie,Size: L,7091a992-17c2-4d07-a57c-19e4a19ae9be,10607150793009,53110567338289,55212160516401,10-12 - T4-5,10-12 - T4,10-12 - T4,no,yes,yes
All The Things Shirt & Shorts Set - By Frankie,Size: M,2e6afaf5-6f1b-4742-ab19-5f9f22f1650c,10607150793009,53110567305521,55212160483633,10-12 - T4-4,10-12 - T4,10-12 - T4,no,yes,yes
All The Things Shirt & Shorts Set - By Frankie,Size: S,43c8162e-96ea-4493-8057-2ac84cd7dd8c,10607150793009,53110567272753,55212160450865,10-12 - T4-3,10-12 - T4,10-12 - T4,no,yes,yes
All The Things Shirt & Shorts Set - By Frankie,Size: XS,800fe6c9-102c-45a4-a0cd-3b0574efc1fe,10607150793009,53110567239985,55212160418097,10-12 - T4-2,10-12 - T4,10-12 - T4,no,yes,yes
Amara Blouse - Green,Size: 10,e1612727-2f17-48b9-9c9b-ed04f34e378a,9909879898417,49710066565425,51757098402097,2021504-4 - A14-3,2021504-4 - A14,2021504-4 - A14,no,yes,yes
Amara Blouse - Green,Size: 12,85559076-cf08-4170-a681-c65994fd88fc,9909879898417,49710066598193,51757098434865,2021504-4 - A14-4,2021504-4 - A14,2021504-4 - A14,no,yes,yes
Amara Blouse - Green,Size: 14,63089098-b372-4007-94c1-c80ad4d9105f,9909879898417,49710066630961,51757098467633,2021504-4 - A14-5,2021504-4 - A14,2021504-4 - A14,no,yes,yes
Amara Blouse - Green,Size: 8,700520b3-2846-4187-95a6-2b2a1cb4af98,9909879898417,49710066532657,51757098369329,2021504-4 - A14-2,2021504-4 - A14,2021504-4 - A14,no,yes,yes
Amelia Leopard Top,Size: 10,a25385fc-d4b7-48eb-8c14-497ee8a55bb8,1402178797664,12391357284448,12590095532128,B5-12,B5,B5,no,yes,yes
Amelia Leopard Top,Size: 12,a236cbd0-834d-4be1-9138-d105fe28b21d,1402178797664,12391357317216,12590095564896,B5-13,B5,B5,no,yes,yes
Amelia Leopard Top,Size: 6,0a7ac568-a262-4def-bc0e-8b9eb52f9b74,1402178797664,12398846476384,12599924981856,B5-14,B5,B5,no,yes,yes
Amelia Leopard Top,Size: 8,afc7ba26-2eab-4383-95f4-48e5ceb3c70a,1402178797664,12391357251680,12590095499360,B5-11,B5,B5,no,yes,yes
Amelia Maxi Dress- Black/White,Size: 10,2b8b422f-4230-41f6-9d16-b17ed8304368,4541558423648,31944312553568,33525183873120,6658 - A-2,6658 - A,6658 - A,no,yes,yes
Amelia Maxi Dress- Black/White,Size: 12,dfad7355-2848-48af-94f8-4eedb0015826,4541558423648,31944312586336,33525183905888,6658 - A-3,6658 - A,6658 - A,no,yes,yes
Amelia Maxi Dress- Black/White,Size: 14,c9b0279f-a72e-417a-a9b5-73e892794f72,4541558423648,31967026282592,33548027199584,6658 - A-4,6658 - A,6658 - A,no,yes,yes
Amelia Maxi Dress- Black/White,Size: 16,de2d86f8-82e6-4b2d-8143-f7ef15d14e99,4541558423648,31967026348128,33548027297888,6658 - A-5,6658 - A,6658 - A,no,yes,yes
Amira Mini Dress - Blue,Size: 10,923e9eb7-a785-4341-ab8e-39adf2877fe8,8815506915633,46606040629553,48654023229745,201482-19 - D-3,201482-19 - D,201482-19 - D,no,yes,yes
Amira Mini Dress - Blue,Size: 10,2ad63a3f-5b43-4749-9c0b-9dbf9011b41e,10075876786481,50320705192241,52374257762609,W2011656-1 - A4-4,W2011656-1 - A4,W2011656-1 - A4,no,yes,yes
Amira Mini Dress - Blue,Size: 12,8bfc39cc-6423-4903-accf-e52092e603ec,8815506915633,46606040662321,48654023262513,201482-19 - D-4,201482-19 - D,201482-19 - D,no,yes,yes
Amira Mini Dress - Blue,Size: 12,43ca97e1-734e-49a1-a54b-2c1edef450f0,10075876786481,50320705225009,52374257795377,W2011656-1 - A4-5,W2011656-1 - A4,W2011656-1 - A4,no,yes,yes
Amira Mini Dress - Blue,Size: 14,1702f390-4013-4628-9b87-9891e04e88d2,8815506915633,46606040727857,48654023295281,201482-19 - D-5,201482-19 - D,201482-19 - D,no,yes,yes
Amira Mini Dress - Blue,Size: 6,a8ef06c0-0d06-429e-9a15-e8076ca0a0f0,10075876786481,50293983314225,52347638710577,W2011656-1 - A4-2,W2011656-1 - A4,W2011656-1 - A4,no,yes,yes
Amira Mini Dress - Blue,Size: 8,8b4c5990-465c-4181-b8ae-c10ddb4be875,8815506915633,46606040596785,48654023196977,201482-19 - D-2,201482-19 - D,201482-19 - D,no,yes,yes
Amira Mini Dress - Blue,Size: 8,e17250a6-c454-4e4b-b168-d1cb45a1a475,10075876786481,50320705159473,52374257729841,W2011656-1 - A4-3,W2011656-1 - A4,W2011656-1 - A4,no,yes,yes
Amy Mini Dress - Lilac/Purple,Size: 10,dfba0bba-d765-472c-aa68-b55a8a84d2fa,7475273367709,42625672183965,44723132563613,ST2438D02 - B1-3,ST2438D02 - B1,ST2438D02 - B1,no,yes,yes
Amy Mini Dress - Lilac/Purple,Size: 12,41c89a93-0215-4c7a-b889-87347ac47339,7475273367709,42625687257245,44723147669661,ST2438D02 - B1-4,ST2438D02 - B1,ST2438D02 - B1,no,yes,yes
Amy Mini Dress - Lilac/Purple,Size: 8,254ba698-2f14-4b98-9afa-2c24b7e87c0c,7475273367709,42625672151197,44723132530845,ST2438D02 - B1-2,ST2438D02 - B1,ST2438D02 - B1,no,yes,yes
Anabel Maxi Dress - Black Floral,Size: L,8d2b5f87-891b-4553-913c-6286ecd9c3e1,8312253186353,44895014486321,46940103704881,2017 382B - A10-4,2017 382B - A10,2017 382B - A10,no,yes,yes
Anabel Maxi Dress - Black Floral,Size: M,9d654c25-7696-4c4b-af7d-c02edf15fd96,8312253186353,44895014453553,46940103672113,2017 382B - A10-3,2017 382B - A10,2017 382B - A10,no,yes,yes
Anabel Maxi Dress - Black Floral,Size: S,a44074ad-df1b-4225-8013-ebebde25ba0e,8312253186353,44895014420785,46940103639345,2017 382B - A10-2,2017 382B - A10,2017 382B - A10,no,yes,yes
Anabel Maxi Dress - Black Floral,Size: XL,94d9c860-45c2-45dc-8074-4da022497171,8312253186353,44895014519089,46940103737649,2017 382B - A10-5,2017 382B - A10,2017 382B - A10,no,yes,yes
Anastasia Midi Linen Dress - Orange/Multi - GDS,Size: L,46c38ce8-e4ad-4c86-8438-d5381d96b27d,8250172801329,44638699061553,46683650687281,Anastasia Midi Box 2 GDS-4,Anastasia Midi Box 2 GDS,Anastasia Midi Box 2 GDS,no,yes,yes
Anastasia Midi Linen Dress - Orange/Multi - GDS,Size: M,d72679bd-29a3-4456-a56f-2ce6a7b8bbdd,8250172801329,44638699028785,46683650654513,Anastasia Midi Box 2 GDS-3,Anastasia Midi Box 2 GDS,Anastasia Midi Box 2 GDS,no,yes,yes
Anastasia Midi Linen Dress - Orange/Multi - GDS,Size: S,0a75acf2-9da2-4959-aef3-d8794cff92f7,8250172801329,44638698996017,46683650621745,Anastasia Midi Box 2 GDS-2,Anastasia Midi Box 2 GDS,Anastasia Midi Box 2 GDS,no,yes,yes
Anastasia Midi Linen Dress - Orange/Multi - GDS,Size: XL,054ace11-3479-4f53-b048-4768154acfd1,8250172801329,44638699094321,46683650720049,Anastasia Midi Box 2 GDS-5,Anastasia Midi Box 2 GDS,Anastasia Midi Box 2 GDS,no,yes,yes
Anastasia Midi Linen Dress - Pink/Multi - GDS,Size: L,139752b2-2688-4da0-b752-6a9103891d3a,8250165395761,44638690967857,46683642626353,Anastasia Midi Box 2 GDS-9,Anastasia Midi Box 2 GDS,Anastasia Midi Box 2 GDS,no,yes,yes
Anastasia Midi Linen Dress - Pink/Multi - GDS,Size: M,2306ce24-12a1-40f1-b89e-61e3f53da379,8250165395761,44638690935089,46683642593585,Anastasia Midi Box 2 GDS-8,Anastasia Midi Box 2 GDS,Anastasia Midi Box 2 GDS,no,yes,yes
Anastasia Midi Linen Dress - Pink/Multi - GDS,Size: S,c724e37f-79d7-4bff-b3a5-182bd9b147d9,8250165395761,44638690902321,46683642560817,Anastasia Midi Box 2 GDS-7,Anastasia Midi Box 2 GDS,Anastasia Midi Box 2 GDS,no,yes,yes
Anastasia Midi Linen Dress - Pink/Multi - GDS,Size: XL,488caa9c-f5ee-4b9c-96fc-beb111d2db15,8250165395761,44638691033393,46683642659121,Anastasia Midi Box 2 GDS-10,Anastasia Midi Box 2 GDS,Anastasia Midi Box 2 GDS,no,yes,yes
Anastasia Midi Linen Dress - Pink/Multi - GDS,Size: XS,1c6cded1-366c-4371-bb72-74cba71a3acb,8250165395761,44638690869553,46683642528049,Anastasia Midi Box 2 GDS-6,Anastasia Midi Box 2 GDS,Anastasia Midi Box 2 GDS,no,yes,yes
Anastasia Short Dress - Orange/Yellow/Blue - GDS,Size: L,36fe4de9-f74a-44df-84ef-ea027d8b8bb1,8843993284913,46746522091825,48794804191537,Anastasia Mini Box 2 GDS-5,Anastasia Mini Box 2 GDS,Anastasia Mini Box 2 GDS,no,yes,yes
Anastasia Short Dress - Orange/Yellow/Blue - GDS,Size: M,a88fca9e-a762-47a6-92c6-61c275084ef1,8843993284913,46746522059057,48794804158769,Anastasia Mini Box 2 GDS-4,Anastasia Mini Box 2 GDS,Anastasia Mini Box 2 GDS,no,yes,yes
Anastasia Short Dress - Orange/Yellow/Blue - GDS,Size: S,bf261d0f-b78d-4a0d-8eac-537a2af6b301,8843993284913,46746522026289,48794804126001,Anastasia Mini Box 2 GDS-3,Anastasia Mini Box 2 GDS,Anastasia Mini Box 2 GDS,no,yes,yes
Anastasia Short Dress - Orange/Yellow/Blue - GDS,Size: XS,12746be4-ccd1-449f-9e13-399b8b5bd1b9,8843993284913,46746521993521,48794804093233,Anastasia Mini Box 2 GDS-2,Anastasia Mini Box 2 GDS,Anastasia Mini Box 2 GDS,no,yes,yes
Anastasia Short Dress - Pink/Orange/Blue - GDS,Size: L,1b782bbd-17db-47ec-973b-47fbb9265181,8843994136881,46746522583345,48794804683057,Anastasia short Box 2 GDS-5,Anastasia short Box 2 GDS,Anastasia short Box 2 GDS,no,yes,yes
Anastasia Short Dress - Pink/Orange/Blue - GDS,Size: M,95deedce-27ee-4ef2-a68c-460efd71b3d3,8843994136881,46746522550577,48794804650289,Anastasia short Box 2 GDS-4,Anastasia short Box 2 GDS,Anastasia short Box 2 GDS,no,yes,yes
Anastasia Short Dress - Pink/Orange/Blue - GDS,Size: S,810bcb99-fe58-47cb-8cb4-afa62746caef,8843994136881,46746522517809,48794804617521,Anastasia short Box 2 GDS-3,Anastasia short Box 2 GDS,Anastasia short Box 2 GDS,no,yes,yes
Anastasia Short Dress - Pink/Orange/Blue - GDS,Size: XS,e945bea5-1ef1-4e70-8e68-a8ddf4068c78,8843994136881,46746522485041,48794804584753,Anastasia short Box 2 GDS-2,Anastasia short Box 2 GDS,Anastasia short Box 2 GDS,no,yes,yes
Anine Linen Maxi Dress - White,Size: L,52ea060e-ead1-4d47-89c3-85834657ffa9,8990845796657,47282343608625,49331361251633,SJ-0064 - A4-5,SJ-0064 - A4,SJ-0064 - A4,no,yes,yes
Anine Linen Maxi Dress - White,Size: M,a6f84482-f849-4cc5-9cff-e6fff9b8f71c,8990845796657,47282343543089,49331361218865,SJ-0064 - A4-4,SJ-0064 - A4,SJ-0064 - A4,no,yes,yes
Anine Linen Maxi Dress - White,Size: S,2f5c5890-f4fc-4782-97bb-1265715457d8,8990845796657,47282343477553,49331361186097,SJ-0064 - A4-3,SJ-0064 - A4,SJ-0064 - A4,no,yes,yes
Anine Linen Maxi Dress - White,Size: XS,d77bede7-ce97-4ae5-828f-83b62c2d2573,8990845796657,47282343412017,49331361153329,SJ-0064 - A4-2,SJ-0064 - A4,SJ-0064 - A4,no,yes,yes
Annabella Blouse - Pink,Size: L,b5c2d1b3-25e4-43a7-beba-17f93f20996c,10332709060913,51540930855217,53608143782193,JS2023048-1030 Jaase Box 55-5,JS2023048-1030 Jaase Box 55,JS2023048-1030 Jaase Box 55,no,yes,yes
Annabella Blouse - Pink,Size: M,cf52fd58-f76c-4b98-90e4-63f1d4b709a1,10332709060913,51540930822449,53608143749425,JS2023048-1030 Jaase Box 55-4,JS2023048-1030 Jaase Box 55,JS2023048-1030 Jaase Box 55,no,yes,yes
Annabella Blouse - Pink,Size: S,41234bab-7bcf-4c33-9f13-91b08c08b306,10332709060913,51540930789681,53608143716657,JS2023048-1030 Jaase Box 55-3,JS2023048-1030 Jaase Box 55,JS2023048-1030 Jaase Box 55,no,yes,yes
Annabella Blouse - Pink,Size: XS,18e97423-dcc9-4e53-a057-7984fafc086c,10332709060913,51540930756913,53608143683889,JS2023048-1030 Jaase Box 55-2,JS2023048-1030 Jaase Box 55,JS2023048-1030 Jaase Box 55,no,yes,yes
Annabella Maxi - Pink,Size: L,bc11f83d-4fd4-40a3-9d72-c37035e99760,10226905907505,51126317121841,53195945738545,JS2017382D - 1030 - A9-5,JS2017382D - 1030 - A9,JS2017382D - 1030 - A9,no,yes,yes
Annabella Maxi - Pink,Size: M,8d836ffc-0c7a-4749-8f0e-eb5ae7d8b997,10226905907505,51126317089073,53195945705777,JS2017382D - 1030 - A9-4,JS2017382D - 1030 - A9,JS2017382D - 1030 - A9,no,yes,yes
Annabella Maxi - Pink,Size: S,7f5423ae-da4d-4255-83f6-79da808926f7,10226905907505,51126317056305,53195945673009,JS2017382D - 1030 - A9-3,JS2017382D - 1030 - A9,JS2017382D - 1030 - A9,no,yes,yes
Annabella Maxi - Pink,Size: XS,5eb691db-b054-4a2f-9209-e960433d53de,10226905907505,51126317023537,53195945640241,JS2017382D - 1030 - A9-2,JS2017382D - 1030 - A9,JS2017382D - 1030 - A9,no,yes,yes
Annabella Midi - Pink,Size: L,85c57a5c-7e28-4e98-b758-ea78fceaefd7,10226906530097,51126340387121,53195969003825,JAS2108-1 - 1030 - A9-5,JAS2108-1 - 1030 - A9,JAS2108-1 - 1030 - A9,no,yes,yes
Annabella Midi - Pink,Size: M,2b932c2a-e424-4f72-a3bb-55d6e5cd5717,10226906530097,51126340354353,53195968971057,JAS2108-1 - 1030 - A9-4,JAS2108-1 - 1030 - A9,JAS2108-1 - 1030 - A9,no,yes,yes
Annabella Midi - Pink,Size: S,d7b6e522-0850-4a08-9d05-3b452d2e86bf,10226906530097,51126340321585,53195968938289,JAS2108-1 - 1030 - A9-3,JAS2108-1 - 1030 - A9,JAS2108-1 - 1030 - A9,no,yes,yes
Annabella Midi - Pink,Size: XS,96590f96-8293-480b-8adf-7f30aaeeee6c,10226906530097,51126340288817,53195968905521,JAS2108-1 - 1030 - A9-2,JAS2108-1 - 1030 - A9,JAS2108-1 - 1030 - A9,no,yes,yes
Antique White Lace Shorts - By Frankie,Size: L,5001bc9d-7041-469a-8bb7-33304c3538d4,10460393439537,52073296331057,54163622691121,737-4 B15-5,737-4 B15,737-4 B15,no,yes,yes
Antique White Lace Shorts - By Frankie,Size: M,627e5f2f-130c-489f-966e-07836a0ce5fc,10460393439537,52073296298289,54163622658353,737-4 B15-4,737-4 B15,737-4 B15,no,yes,yes
Antique White Lace Shorts - By Frankie,Size: S,6724681b-d2b3-40f5-acdf-077a75eb0d71,10460393439537,52073296265521,54163622625585,737-4 B15-3,737-4 B15,737-4 B15,no,yes,yes
Antique White Lace Shorts - By Frankie,Size: XS,076c687f-3ac3-4894-ac2d-b0e3c21ba372,10460393439537,52073296232753,54163622592817,737-4 B15-2,737-4 B15,737-4 B15,no,yes,yes
Anya Maxi Dress - Brown/Pink,Size: L,635b7f9a-46d9-4acd-853e-41cd9a7ef0b0,10191227748657,50742941614385,52812430639409,JS20160916 - 1070 - A9-5,JS20160916 - 1070 - A9,JS20160916 - 1070 - A9,no,yes,yes
Anya Maxi Dress - Brown/Pink,Size: M,c91b3d4e-9530-4abf-a2ec-e6bf8a7e6995,10191227748657,50742941581617,52812430606641,JS20160916 - 1070 - A9-4,JS20160916 - 1070 - A9,JS20160916 - 1070 - A9,no,yes,yes
Anya Maxi Dress - Brown/Pink,Size: S,103de781-3e38-441e-9079-8edde0321332,10191227748657,50742941548849,52812430573873,JS20160916 - 1070 - A9-3,JS20160916 - 1070 - A9,JS20160916 - 1070 - A9,no,yes,yes
Anya Maxi Dress - Brown/Pink,Size: XS,8beeb26a-2522-4e02-90f3-cad2fccc29fa,10191227748657,50742941516081,52812430541105,JS20160916 - 1070 - A9-2,JS20160916 - 1070 - A9,JS20160916 - 1070 - A9,no,yes,yes
Anya Shorts - Brown/Pink,Size: L,83a7ccf0-f8dc-4652-aa21-a91044f14e24,10191230665009,50742948921649,52812437946673,JS2024033 - 1070 - A9-5,JS2024033 - 1070 - A9,JS2024033 - 1070 - A9,no,yes,yes
Anya Shorts - Brown/Pink,Size: M,d6be686f-fa1b-48e7-b9c2-96f6a26d5e52,10191230665009,50742948888881,52812437913905,JS2024033 - 1070 - A9-4,JS2024033 - 1070 - A9,JS2024033 - 1070 - A9,no,yes,yes
Anya Shorts - Brown/Pink,Size: S,c781c23e-c04f-4893-b539-56256e6370d5,10191230665009,50742948856113,52812437881137,JS2024033 - 1070 - A9-3,JS2024033 - 1070 - A9,JS2024033 - 1070 - A9,no,yes,yes
Anya Shorts - Brown/Pink,Size: XS,c7fe5fdf-3bd4-4599-88af-ef3ac8321a80,10191230665009,50742948823345,52812437848369,JS2024033 - 1070 - A9-2,JS2024033 - 1070 - A9,JS2024033 - 1070 - A9,no,yes,yes
Anya Singlet Top - Brown/Pink,Size: L,6265e4f5-b48a-4ba3-a282-8aae0fd94a8b,10191232270641,50742953705777,52812442730801,JS2024032 - 1070 - A9-5,JS2024032 - 1070 - A9,JS2024032 - 1070 - A9,no,yes,yes
Anya Singlet Top - Brown/Pink,Size: M,292f3f4f-a390-4091-9613-587fe4c54660,10191232270641,50742953673009,52812442698033,JS2024032 - 1070 - A9-4,JS2024032 - 1070 - A9,JS2024032 - 1070 - A9,no,yes,yes
Anya Singlet Top - Brown/Pink,Size: S,c967da17-a0f5-42e0-a8c1-99edc7109207,10191232270641,50742953640241,52812442665265,JS2024032 - 1070 - A9-3,JS2024032 - 1070 - A9,JS2024032 - 1070 - A9,no,yes,yes
Anya Singlet Top - Brown/Pink,Size: XS,0aa679cd-a84a-4bf7-b5af-51a535047e02,10191232270641,50742953607473,52812442632497,JS2024032 - 1070 - A9-2,JS2024032 - 1070 - A9,JS2024032 - 1070 - A9,no,yes,yes
Aperol Spritz Set - By Frankie,Size: L,23543855-5948-45b9-9a39-f23a1db7102a,10126498234673,50505221210417,52562130043185,138-3 - B11-5,138-3 - B11,138-3 - B11,no,yes,yes
Aperol Spritz Set - By Frankie,Size: M,d4996c6e-f816-4f6e-a0aa-9574da5ea722,10126498234673,50505221177649,52562130010417,138-3 - B11-4,138-3 - B11,138-3 - B11,no,yes,yes
Aperol Spritz Set - By Frankie,Size: S,33361b00-ae75-4dae-b39a-666187577e3e,10126498234673,50505221144881,52562129977649,138-3 - B11-3,138-3 - B11,138-3 - B11,no,yes,yes
Aperol Spritz Set - By Frankie,Size: XS,e86953da-dee4-4cc1-a93b-67e479203eb1,10126498234673,50505221112113,52562129944881,138-3 - B11-2,138-3 - B11,138-3 - B11,no,yes,yes
Arista Maxi Dress - Blue,Size: 16,facd8008-c7d8-47e3-9569-1c0710496bd4,10037569814833,50131075924273,52181507735857,20160916-0192 - A13-7,20160916-0192 - A13,20160916-0192 - A13,no,yes,yes
Arista Maxi Dress - Blue,Size: 18,4a725cfd-8422-4b04-8492-2f9cb4febf86,10037569814833,50131075957041,52181507768625,20160916-0192 - A13-8,20160916-0192 - A13,20160916-0192 - A13,no,yes,yes
Arista Maxi Dress - Blue,Size: L,73f452ed-6280-4d8e-8ac6-331db6ff49f7,10037569814833,50127383363889,52177788928305,20160916-0192 - A13-5,20160916-0192 - A13,20160916-0192 - A13,no,yes,yes
Arista Maxi Dress - Blue,Size: M,6aa29754-6959-4b4d-84eb-58ee21975332,10037569814833,50127383331121,52177788895537,20160916-0192 - A13-4,20160916-0192 - A13,20160916-0192 - A13,no,yes,yes
Arista Maxi Dress - Blue,Size: S,ef21a2d7-282c-4efa-a542-adbc78f99a0f,10037569814833,50127383298353,52177788862769,20160916-0192 - A13-3,20160916-0192 - A13,20160916-0192 - A13,no,yes,yes
Arista Maxi Dress - Blue,Size: XL,ea5724f8-5e5c-4f00-8877-244e7e15bb4d,10037569814833,50127383396657,52177788961073,20160916-0192 - A13-6,20160916-0192 - A13,20160916-0192 - A13,no,yes,yes
Arista Maxi Dress - Blue,Size: XS,e917cd8c-f12a-40aa-9d73-924ef3dfbbd6,10037569814833,50127383265585,52177788830001,20160916-0192 - A13-2,20160916-0192 - A13,20160916-0192 - A13,no,yes,yes
Arista Maxi Skirt - Blue,Size: L,dc2e6766-c37a-403f-bff4-b2acdecab2c1,10037573419313,50127394341169,52177799905585,9487-0192 - A13-5,9487-0192 - A13,9487-0192 - A13,no,yes,yes
Arista Maxi Skirt - Blue,Size: M,cdb810bd-be20-4baf-ad8c-a982b0074676,10037573419313,50127394308401,52177799872817,9487-0192 - A13-4,9487-0192 - A13,9487-0192 - A13,no,yes,yes
Arista Maxi Skirt - Blue,Size: S,c0155cca-5ed5-4e40-bf46-b1b8ad746d8d,10037573419313,50127394275633,52177799840049,9487-0192 - A13-3,9487-0192 - A13,9487-0192 - A13,no,yes,yes
Arista Maxi Skirt - Blue,Size: XS,beb95657-3404-425d-83ec-f6652e725592,10037573419313,50127394242865,52177799807281,9487-0192 - A13-2,9487-0192 - A13,9487-0192 - A13,no,yes,yes
Arista Singlet Top - Blue,Size: L,541b1ca0-19c5-48b1-9a7c-041cb7811b80,10037576991025,50127400665393,52177806197041,9490-0192 - A13-5,9490-0192 - A13,9490-0192 - A13,no,yes,yes
Arista Singlet Top - Blue,Size: M,71a79401-5811-4cc4-926d-a70f2d57a52f,10037576991025,50127400632625,52177806164273,9490-0192 - A13-4,9490-0192 - A13,9490-0192 - A13,no,yes,yes
Arista Singlet Top - Blue,Size: S,59e13d76-83f5-4cfe-909b-cccabb99f628,10037576991025,50127400599857,52177806131505,9490-0192 - A13-3,9490-0192 - A13,9490-0192 - A13,no,yes,yes
Arista Singlet Top - Blue,Size: XS,c171f475-2b65-4659-aa47-3cb7e883786d,10037576991025,50127400567089,52177806098737,9490-0192 - A13-2,9490-0192 - A13,9490-0192 - A13,no,yes,yes
Arla Cream Sequins Tee - By Frankie,Size: L,d3f2b8bd-9bf6-403c-a44c-c1fa20a69eba,10663375274289,54068029817137,56175132508465,36304 - B9-5,36304 - B9,36304 - B9,no,yes,yes
Arla Cream Sequins Tee - By Frankie,Size: M,b722e5a0-3573-45fb-a2a9-9a72814e42ac,10663375274289,54068029784369,56175132475697,36304 - B9-4,36304 - B9,36304 - B9,no,yes,yes
Arla Cream Sequins Tee - By Frankie,Size: S,d8b9a6e8-10cf-4e52-9cfb-1e936d4c3259,10663375274289,54068029751601,56175132442929,36304 - B9-3,36304 - B9,36304 - B9,no,yes,yes
Arla Cream Sequins Tee - By Frankie,Size: XS,571b6d3b-2123-4fb8-b3d4-2d4a51fb002a,10663375274289,54068029718833,56175132410161,36304 - B9-2,36304 - B9,36304 - B9,no,yes,yes
Arla Pants - Pink,Size: 16,3c24bde4-b942-4148-adff-59cfc571fb38,10053343805745,50199892787505,52252325773617,JB-040 - A11-7,JB-040 - A11,JB-040 - A11,no,yes,yes
Arla Pants - Pink,Size: 18,137c3220-ce54-49f7-b8a9-0f92d237a7b1,10053343805745,50199892820273,52252325806385,JB-040 - A11-8,JB-040 - A11,JB-040 - A11,no,yes,yes
Arla Pants - Pink,Size: L,9724fd7f-ae51-4e16-b5c5-c185e9a34efd,10053343805745,50190896136497,52243226067249,JB-040 - A11-5,JB-040 - A11,JB-040 - A11,no,yes,yes
Arla Pants - Pink,Size: M,b1e86442-8d6b-4126-b3eb-51edf0c4294a,10053343805745,50190896103729,52243226034481,JB-040 - A11-4,JB-040 - A11,JB-040 - A11,no,yes,yes
Arla Pants - Pink,Size: S,056ed265-0714-4a0e-b4a1-93dda7a7187f,10053343805745,50190896070961,52243226001713,JB-040 - A11-3,JB-040 - A11,JB-040 - A11,no,yes,yes
Arla Pants - Pink,Size: XL,a1737a14-5967-4763-9ef8-5508843a7299,10053343805745,50190896169265,52243226100017,JB-040 - A11-6,JB-040 - A11,JB-040 - A11,no,yes,yes
Arla Pants - Pink,Size: XS,692f7c93-d2a4-4b52-bf41-f8294f3dc0e7,10053343805745,50190896038193,52243225968945,JB-040 - A11-2,JB-040 - A11,JB-040 - A11,no,yes,yes
Arla Shirt - Pink,Size: 16,ba18ed75-611d-4cc6-a1b0-07cafebbcdbb,10053345280305,50199886299441,52252319285553,JB-036 - A11-7,JB-036 - A11,JB-036 - A11,no,yes,yes
Arla Shirt - Pink,Size: 18,52287ca5-4084-4a2f-b268-5eeac1d56853,10053345280305,50199886332209,52252319318321,JB-036 - A11-8,JB-036 - A11,JB-036 - A11,no,yes,yes
Arla Shirt - Pink,Size: L,c6207d24-ccb3-4602-9843-1f41395fd274,10053345280305,50190897938737,52243227869489,JB-036 - A11-5,JB-036 - A11,JB-036 - A11,no,yes,yes
Arla Shirt - Pink,Size: M,04aac121-96e8-4b47-9e00-373c347ee7af,10053345280305,50190897905969,52243227836721,JB-036 - A11-4,JB-036 - A11,JB-036 - A11,no,yes,yes
Arla Shirt - Pink,Size: S,630638d9-17a3-4666-8194-13788d81a1fe,10053345280305,50190897873201,52243227803953,JB-036 - A11-3,JB-036 - A11,JB-036 - A11,no,yes,yes
Arla Shirt - Pink,Size: XL,8f8c62e8-0abf-4791-a5f8-7f98da26f895,10053345280305,50190897971505,52243227902257,JB-036 - A11-6,JB-036 - A11,JB-036 - A11,no,yes,yes
Arla Shirt - Pink,Size: XS,15816303-4036-44b2-90fb-a2dbebf42799,10053345280305,50190897840433,52243227771185,JB-036 - A11-2,JB-036 - A11,JB-036 - A11,no,yes,yes
Arlo Crop Top - Orange/Pink,Size: L,722e4da7-eb39-4408-8164-9315dfeea8f0,8119584162097,44266482499889,46314120610097,2019827T#902 - A12-4,2019827T#902 - A12,2019827T#902 - A12,no,yes,yes
Arlo Crop Top - Orange/Pink,Size: M,d97761c7-f867-4a19-bcb2-d31db1f675a3,8119584162097,44266482467121,46314120577329,2019827T#902 - A12-3,2019827T#902 - A12,2019827T#902 - A12,no,yes,yes
Arlo Crop Top - Orange/Pink,Size: S,67b73bb9-5cbc-4691-bf56-6cf05f61a7f4,8119584162097,44266482401585,46314120544561,2019827T#902 - A12-2,2019827T#902 - A12,2019827T#902 - A12,no,yes,yes
Arlo Crop Top - Orange/Pink,Size: XL,951007e8-89f3-4809-b7e1-a3a40c6cc153,8119584162097,44266482532657,46314120642865,2019827T#902 - A12-5,2019827T#902 - A12,2019827T#902 - A12,no,yes,yes
Arlo Mini Dress - Orange/Pink,Size: L,4a6df780-4098-4167-b1f4-7b8268497935,8119830741297,44266919100721,46314557243697,20175068S#902 - I-4,20175068S#902 - I,20175068S#902 - I,no,yes,yes
Arlo Mini Dress - Orange/Pink,Size: M,8c45ea94-9831-46d5-aea3-77aa21d31adc,8119830741297,44266919067953,46314557210929,20175068S#902 - I-3,20175068S#902 - I,20175068S#902 - I,no,yes,yes
Arlo Mini Dress - Orange/Pink,Size: S,0b86cef6-e953-4ea1-ac86-59a6c8723770,8119830741297,44266919035185,46314557178161,20175068S#902 - I-2,20175068S#902 - I,20175068S#902 - I,no,yes,yes
Arlo Mini Dress - Orange/Pink,Size: XL,0fdcb5a2-949d-4891-b9b1-9d0deabb0211,8119830741297,44266919133489,46314557276465,20175068S#902 - I-5,20175068S#902 - I,20175068S#902 - I,no,yes,yes
Arlo skirt - Orange/Pink,Size: L,72f9905e-4278-4a3d-af56-97166e6428c2,8119673749809,44266698801457,46314336977201,20175011B#902 - T2-4,20175011B#902 - T2,20175011B#902 - T2,no,yes,yes
Arlo skirt - Orange/Pink,Size: M,bfca25a7-b1a9-4f6b-80e0-189b09de25fc,8119673749809,44266698768689,46314336944433,20175011B#902 - T2-3,20175011B#902 - T2,20175011B#902 - T2,no,yes,yes
Arlo skirt - Orange/Pink,Size: S,a1a84594-e980-44bc-8514-9c53a076537b,8119673749809,44266698735921,46314336911665,20175011B#902 - T2-2,20175011B#902 - T2,20175011B#902 - T2,no,yes,yes
Arlo skirt - Orange/Pink,Size: XL,78e6c3f8-3c68-43d8-9f5f-c60bde45d30d,8119673749809,44266698834225,46314337009969,20175011B#902 - T2-5,20175011B#902 - T2,20175011B#902 - T2,no,yes,yes
Asa Cardi- Navy/Beige/Multicolour,Size: M/L,23c3af78-6f55-400b-9233-bee6e54a7d26,5541762203805,35835824963741,37855222268061,2395 Jumpers Box 4-2,2395 Jumpers Box 4,2395 Jumpers Box 4,no,yes,yes
Atlantic Lace Trim Kimono - Boho Kimono - Sage Collective,Size: 10,1bee9438-e751-4ac2-93a8-ec1296e76d57,8478606855,27363492231,16955208263,242 Old Box 3-2,242 Old Box 3,242 Old Box 3,no,yes,yes
Atlantic Lace Trim Kimono - Boho Kimono - Sage Collective,Size: 12,2c721bd3-3f52-40d9-82e0-46bbd8749512,8478606855,27363492295,16955208519,242 Old Box 3-3,242 Old Box 3,242 Old Box 3,no,yes,yes
Atlantic Lace Trim Kimono - Boho Kimono - Sage Collective,Size: 14,2c231668-7e45-4628-9e25-7ea4166d2da6,8478606855,27363492359,16955208647,242 Old Box 3-4,242 Old Box 3,242 Old Box 3,no,yes,yes
Audrey Baby Doll Mini -Multi,Size: 10/S,b1a5f0f9-8189-4933-9f05-3957dece1204,10177205371185,50706758533425,52776264106289,MO3345 - L-3,MO3345 - L,MO3345 - L,no,yes,yes
Audrey Baby Doll Mini -Multi,Size: 12/M,78d08dcf-e7bc-4427-a910-c3170f487701,10177205371185,50706758566193,52776264139057,MO3345 - L-4,MO3345 - L,MO3345 - L,no,yes,yes
Audrey Baby Doll Mini -Multi,Size: 14/L,0248c917-e420-434f-a351-8f8edb968a87,10177205371185,50706758598961,52776264171825,MO3345 - L-5,MO3345 - L,MO3345 - L,no,yes,yes
Audrey Baby Doll Mini -Multi,Size: 8/XS,301f53ed-e267-4013-92f7-5b6933701d03,10177205371185,50706758500657,52776264073521,MO3345 - L-2,MO3345 - L,MO3345 - L,no,yes,yes
Audrey Wide Leg Pants - Black,Size: 10,ffdb1bd4-2ab3-4660-af08-278727be4f4a,7334474154141,42680391532701,44778404708509,K359 - D-3,K359 - D,K359 - D,no,yes,yes
Audrey Wide Leg Pants - Black,Size: 12,83cc5769-8cc1-4ff1-9ea6-3cdbab158535,7334474154141,42680391565469,44778404741277,K359 - D-4,K359 - D,K359 - D,no,yes,yes
Audrey Wide Leg Pants - Black,Size: 14,6e2e35cb-cf33-4f66-852e-0fa52c13a47c,7334474154141,42680391598237,44778404774045,K359 - D-5,K359 - D,K359 - D,no,yes,yes
Audrey Wide Leg Pants - Black,Size: 8,b6e98d48-61e2-4d8d-9af1-6b889dab6c42,7334474154141,42680391499933,44778404675741,K359 - D-2,K359 - D,K359 - D,no,yes,yes
Ava Sparkle Top - Pink,Size: 10,d97b94dd-0f56-4a64-8be0-ca76fe6146f7,7093117845661,41212922691741,43308667535517,31092-26-2,31092-26,31092-26,no,yes,yes
Ava Sparkle Top - Pink,Size: 12,f30fa9cf-0e96-4999-9097-40041b0b7265,7093117845661,41212922724509,43308667568285,31092-26-3,31092-26,31092-26,no,yes,yes
Ava Sparkle Top - Pink,Size: 14,e90a3de6-a18f-4fb8-acec-345257b28640,7093117845661,41212922757277,43308667601053,31092-26-4,31092-26,31092-26,no,yes,yes
Ava Sparkle top Blue/Yellow,Size: 10,bad966f6-9ada-4cfb-bb2a-e0cc94797973,6590573478045,39426952790173,41520996024477,31092-32-2,31092-32,31092-32,no,yes,yes
Ava Sparkle top Blue/Yellow,Size: 12,88a79970-4363-465d-9144-d737468ff146,6590573478045,39426952822941,41520996057245,31092-32-3,31092-32,31092-32,no,yes,yes
Ava Sparkle top Blue/Yellow,Size: 14,421d5725-d825-44be-94be-df3ec1521900,6590573478045,39426952855709,41520996090013,31092-32-4,31092-32,31092-32,no,yes,yes
Ayla Halter Neck Maxi - Blue/Pink/Orange,Size: L,c6188843-b8fa-4edc-9df6-a1a2d1f67e0f,7275587698845,41914288767133,44012366856349,S15-0818 - A8-4,S15-0818 - A8,S15-0818 - A8,no,yes,yes
Ayla Halter Neck Maxi - Blue/Pink/Orange,Size: M,34c9504b-3919-4684-98ae-5c55a217cf4e,7275587698845,41914288734365,44012366823581,S15-0818 - A8-3,S15-0818 - A8,S15-0818 - A8,no,yes,yes
Ayla Halter Neck Maxi - Blue/Pink/Orange,Size: S,93999b88-699d-4fa8-b3c9-33c3eedbb5b6,7275587698845,41914288701597,44012366790813,S15-0818 - A8-2,S15-0818 - A8,S15-0818 - A8,no,yes,yes
Ayla Halter Neck Maxi - Blue/Pink/Orange,Size: XL,60bb0df9-dfcb-4772-87c5-30168fb30430,7275587698845,41914288799901,44012366889117,S15-0818 - A8-5,S15-0818 - A8,S15-0818 - A8,no,yes,yes
Ayla Maxi Dress - Blue,Size: 16,cfb8b355-e318-45d5-ba4c-218e5fa5c108,7104847118493,41238953820317,43334738509981,J1063 203 - A4-6,J1063 203 - A4,J1063 203 - A4,no,yes,yes
Ayla Maxi Dress - Blue,Size: 18,cb819cf8-c444-4c05-82ed-6788aae4ddb0,7104847118493,41238953853085,43334738542749,J1063 203 - A4-7,J1063 203 - A4,J1063 203 - A4,no,yes,yes
Ayla Maxi Dress - Blue,Size: 20,8a5b4074-5fa0-4d31-8f4b-a1f92151cab2,7104847118493,41238953885853,43334738575517,J1063 203 - A4-8,J1063 203 - A4,J1063 203 - A4,no,yes,yes
Ayla Maxi Dress - Blue,Size: L,5776ec34-5330-4665-932c-42ece4558435,7104847118493,41237556560029,43333335449757,J1063 203 - A4-4,J1063 203 - A4,J1063 203 - A4,no,yes,yes
Ayla Maxi Dress - Blue,Size: M,70dd6d9d-d6e2-41f2-8e47-e874008ff5e0,7104847118493,41237556527261,43333335416989,J1063 203 - A4-3,J1063 203 - A4,J1063 203 - A4,no,yes,yes
Ayla Maxi Dress - Blue,Size: S,fae9dd47-a778-40f0-90a4-250a0d6338e4,7104847118493,41237556494493,43333335384221,J1063 203 - A4-2,J1063 203 - A4,J1063 203 - A4,no,yes,yes
Ayla Maxi Dress - Blue,Size: XL,6c75746f-709c-4b06-bcc1-65ed11df3f9b,7104847118493,41237556592797,43333335482525,J1063 203 - A4-5,J1063 203 - A4,J1063 203 - A4,no,yes,yes
Baby Blue Racer Stripe Shorts - By Frankie,Size: L,e69d6743-0ea3-4593-b6b4-9e446fa9e7ce,10467101933873,52111827632433,54202747224369,43-6 B12-5,43-6 B12,43-6 B12,no,yes,yes
Baby Blue Racer Stripe Shorts - By Frankie,Size: M,e5e55bd7-2a31-48de-874b-f9a62f10ceb3,10467101933873,52111827599665,54202747191601,43-6 B12-4,43-6 B12,43-6 B12,no,yes,yes
Baby Blue Racer Stripe Shorts - By Frankie,Size: S,f8718d56-667f-4b20-897d-fb442f0e5ebe,10467101933873,52111827566897,54202747158833,43-6 B12-3,43-6 B12,43-6 B12,no,yes,yes
Baby Blue Racer Stripe Shorts - By Frankie,Size: XL,0c58ad0f-dae5-48cd-83d6-8e68f36a258f,10467101933873,52111827665201,54202747257137,43-6 B12-6,43-6 B12,43-6 B12,no,yes,yes
Baby Blue Racer Stripe Shorts - By Frankie,Size: XS,3bbaf5d6-d315-4488-bcfd-b452836bb286,10467101933873,52111827534129,54202747126065,43-6 B12-2,43-6 B12,43-6 B12,no,yes,yes
Baby Pink Racer Stripe Shorts - By Frankie,Size: L,1128bb52-1613-4acd-9d0a-1ccaf6b3568b,10619139883313,53159839433009,55261628530993,43-9 - B12-5,43-9 - B12,43-9 - B12,no,yes,yes
Baby Pink Racer Stripe Shorts - By Frankie,Size: M,10e0fe18-832b-4728-b143-31f43e319eb3,10619139883313,53159839400241,55261628498225,43-9 - B12-4,43-9 - B12,43-9 - B12,no,yes,yes
Baby Pink Racer Stripe Shorts - By Frankie,Size: S,680d06c4-acc5-4ede-ab0f-b9c985105f7b,10619139883313,53159839367473,55261628465457,43-9 - B12-3,43-9 - B12,43-9 - B12,no,yes,yes
Baby Pink Racer Stripe Shorts - By Frankie,Size: XS,4b6f86f7-dc88-427d-a3c2-6093e436cdd2,10619139883313,53159839334705,55261628432689,43-9 - B12-2,43-9 - B12,43-9 - B12,no,yes,yes
Bailey Mini Dress - Pink/Blue,Size: L,30547e13-076d-47fe-91ce-b7f55467a78b,10501537005873,52256938492209,54350765293873,JS-2019864C - G-5,JS-2019864C - G,JS-2019864C - G,no,yes,yes
Bailey Mini Dress - Pink/Blue,Size: M,45b8429f-a715-44a2-8e74-97d0ee212c0e,10501537005873,52256938459441,54350765261105,JS-2019864C - G-4,JS-2019864C - G,JS-2019864C - G,no,yes,yes
Bailey Mini Dress - Pink/Blue,Size: S,cbc96c4b-ba86-4aae-b039-25420c383d79,10501537005873,52256938426673,54350765228337,JS-2019864C - G-3,JS-2019864C - G,JS-2019864C - G,no,yes,yes
Bailey Mini Dress - Pink/Blue,Size: XS,00507bca-a474-469b-a271-3b0dfdf80bff,10501537005873,52256938393905,54350765195569,JS-2019864C - G-2,JS-2019864C - G,JS-2019864C - G,no,yes,yes
Bailey Shirred Maxi Dress - Pink/Blue,Size: L,8480213f-fcc9-42d0-ab01-7ea02b48b2cf,10501535957297,52256925581617,54350752416049,JS2019826-1170   G-5,JS2019826-1170   G,JS2019826-1170   G,no,yes,yes
Bailey Shirred Maxi Dress - Pink/Blue,Size: M,924aa610-0867-4937-9e7d-f36c5de967d5,10501535957297,52256925548849,54350752383281,JS2019826-1170   G-4,JS2019826-1170   G,JS2019826-1170   G,no,yes,yes
Bailey Shirred Maxi Dress - Pink/Blue,Size: S,e6650e32-32d4-4a88-b960-6181bd2b5f41,10501535957297,52256925516081,54350752350513,JS2019826-1170   G-3,JS2019826-1170   G,JS2019826-1170   G,no,yes,yes
Bailey Shirred Maxi Dress - Pink/Blue,Size: XS,bef2f9f7-8ea0-41c1-859f-ebf5bc8dd6a3,10501535957297,52256925483313,54350752317745,JS2019826-1170   G-2,JS2019826-1170   G,JS2019826-1170   G,no,yes,yes
Baku Top - Mint,Size: 10,cc3e5636-c4bd-475f-ba17-8aef8d8620c5,1402179256416,12391358201952,12590097104992,B5-16,B5,B5,no,yes,yes
Baku Top - Mint,Size: 12,08b6fdc8-57e7-433c-a968-c717775b2d5e,1402179256416,12391358234720,12590097137760,B5-17,B5,B5,no,yes,yes
Baku Top - Mint,Size: 14,be926576-0de8-4138-8a6d-75c6c00132a2,1402179256416,12391358267488,12590097170528,B5-18,B5,B5,no,yes,yes
Baku Top - Mint,Size: 8,a2a3db73-c95c-48fe-a71e-5c82695fc673,1402179256416,12391358169184,12590097072224,B5-15,B5,B5,no,yes,yes
Basic Brown/Blue Stripe Tee,Size: L,0dd00c00-8458-406c-acf6-7b4319f03475,10695893025073,54627808837937,56738158936369,1234 - A19-6,1234 - A19,1234 - A19,no,yes,yes
Basic Brown/Blue Stripe Tee,Size: M,5a8e358e-6e99-4d0c-90dc-d149fccb4534,10695893025073,54627808805169,56738158903601,1234 - A19-5,1234 - A19,1234 - A19,no,yes,yes
Basic Brown/Blue Stripe Tee,Size: S,3822e65e-fa0a-42fd-b33a-c69f65664961,10695893025073,54627682189617,56738032288049,1234 - A19-4,1234 - A19,1234 - A19,no,yes,yes
Basic Brown/Blue Stripe Tee,Size: XS,f5052461-ccb5-4cc7-af4e-e27a8c5151c6,10695893025073,54627682156849,56738032255281,1234 - A19-3,1234 - A19,1234 - A19,no,yes,yes
Basic Brown/Blue Stripe Tee,Size: XXS,590e0a33-edfb-4350-911c-ed3454c837b3,10695893025073,54627682124081,56738032222513,1234 - A19-2,1234 - A19,1234 - A19,no,yes,yes
Basic Cobalt Tee With Red Stripe,Size: M,479e6c55-074e-440a-9365-efaea3fd6f6a,10684496281905,54408788181297,56517991334193,VV11032-4,VV11032,VV11032,no,yes,yes
Basic Cobalt Tee With Red Stripe,Size: S,231d61f0-f002-45ce-8e7d-3030b50c3791,10684496281905,54408788148529,56517991301425,VV11032-3,VV11032,VV11032,no,yes,yes
Basic Cobalt Tee With Red Stripe,Size: XS,3aa0e289-cc3e-4593-a5a8-aa1f70e5751e,10684496281905,54408788115761,56517991268657,VV11032-2,VV11032,VV11032,no,yes,yes
Basic Cream Tee With Blue Stripe,Size: L,37fc6007-5ffa-4102-ae04-1944394fea8d,10684486123825,54408109162801,56517304156465,LOL71192 - A18-4,LOL71192 - A18,LOL71192 - A18,no,yes,yes
Basic Cream Tee With Blue Stripe,Size: M,49d75b57-5940-4833-8085-51e0f03e6af5,10684486123825,54408109130033,56517304123697,LOL71192 - A18-3,LOL71192 - A18,LOL71192 - A18,no,yes,yes
Basic Cream Tee With Blue Stripe,Size: S,3f4d9409-de6c-40dd-9e62-8d45a76cdafe,10684486123825,54408109097265,56517304090929,LOL71192 - A18-2,LOL71192 - A18,LOL71192 - A18,no,yes,yes
Basic Instinct Tank Top,Size: s,b1425596-d6d2-4b27-9f0f-a9f219dc8e79,10284946954,39105778570,27838204042,B5-19,B5,B5,no,yes,yes
Basic Linen Set - Natural,Size: 10,47f03599-0ec7-49fd-8e6b-714ffabd0d03,9130254893361,47608111726897,49657511903537,2031603-3 - I-3,2031603-3 - I,2031603-3 - I,no,yes,yes
Basic Linen Set - Natural,Size: 12,75b74788-a960-4c88-bfb1-a893ecea7d4c,9130254893361,47608111759665,49657511936305,2031603-3 - I-4,2031603-3 - I,2031603-3 - I,no,yes,yes
Basic Linen Set - Natural,Size: 14,23f384e5-24f8-449f-aba7-d2ed560b66b5,9130254893361,47608111792433,49657511969073,2031603-3 - I-5,2031603-3 - I,2031603-3 - I,no,yes,yes
Basic Linen Set - Natural,Size: 8,e97962db-e706-444c-8369-a234cfa9dc63,9130254893361,47608111694129,49657511870769,2031603-3 - I-2,2031603-3 - I,2031603-3 - I,no,yes,yes
Basics stripe Top - Black,Size: 10,c4ce5ca5-afe9-46c3-aa66-80b1b164e493,10627981396,41359299412,29971705748,A3090 - B5-2,A3090 - B5,A3090 - B5,no,yes,yes
Basics stripe Top - Black,Size: 12,93e778da-3638-4f13-8d55-8897b43fe104,10627981396,41359299476,29971705812,A3090 - B5-3,A3090 - B5,A3090 - B5,no,yes,yes
Basics stripe Top - Black,Size: 14,8fd87332-0fae-4997-8b36-5121b6add4da,10627981396,41359299540,29971705876,A3090 - B5-4,A3090 - B5,A3090 - B5,no,yes,yes
Basics stripe Top - white,Size: 10,61b39cf8-6596-477c-a18b-6d44f6823ec9,10628012052,41359446676,29971853012,A3090 - B5-6,A3090 - B5,A3090 - B5,no,yes,yes
Basics stripe Top - white,Size: 12,a62f3569-fc30-4af0-b8ba-55be86961b37,10628012052,41359446740,29971853076,A3090 - B5-7,A3090 - B5,A3090 - B5,no,yes,yes
Basics stripe Top - white,Size: 14,e659f793-522b-4d84-ba02-74eb66158712,10628012052,41359446804,29971853140,A3090 - B5-8,A3090 - B5,A3090 - B5,no,yes,yes
Basics stripe Top - white,Size: 8,e05550f5-21a1-41a6-9ecd-4c94e40c5470,10628012052,41359446612,29971852948,A3090 - B5-5,A3090 - B5,A3090 - B5,no,yes,yes
Beaded Hoop Earrings,Size: One size,6e8ac89f-04ce-4a86-b90a-22eb5e80bb30,9088147030321,47488973799729,49538199912753,AEA-3038-2,AEA-3038,AEA-3038,no,yes,yes
Beige/Brown Stripe Shirt Set - By Frankie,Size: L,8119c311-d292-44dd-9df3-d424da4892ae,10585571557681,52919150018865,55019739873585,697-4 - A5-5,697-4 - A5,697-4 - A5,no,yes,yes
Beige/Brown Stripe Shirt Set - By Frankie,Size: M,de540f51-d55c-4242-a5cb-8d3eb0cb7ab9,10585571557681,52919149986097,55019739840817,697-4 - A5-4,697-4 - A5,697-4 - A5,no,yes,yes
Beige/Brown Stripe Shirt Set - By Frankie,Size: S,97d57cae-0f0b-4699-a87e-487ee43baca1,10585571557681,52919149953329,55019739808049,697-4 - A5-3,697-4 - A5,697-4 - A5,no,yes,yes
Beige/Brown Stripe Shirt Set - By Frankie,Size: XS,8e4ff961-a145-4505-a6d7-d3f32d0c6412,10585571557681,52919149920561,55019739775281,697-4 - A5-2,697-4 - A5,697-4 - A5,no,yes,yes
Bella Jumpsuit - Navy Maroon/white stripe,Size: 10,ad92915d-866c-4747-a5cb-8c87469804ec,5367897227421,35054965194909,37074334285981,B5-21,B5,B5,no,yes,yes
Bella Jumpsuit - Navy Maroon/white stripe,Size: 12,2162abf1-90cd-4e18-860a-4475f3d058b2,5367897227421,35054965227677,37074334318749,B5-22,B5,B5,no,yes,yes
Bella Jumpsuit - Navy Maroon/white stripe,Size: 8,c7bcf365-82a6-484b-b833-371572c628ae,5367897227421,35054965162141,37074334253213,B5-20,B5,B5,no,yes,yes
Bella Long Sleeve Maxi Dress - Aqua,Size: 10,185f9c63-2271-4831-9ebc-cfb753e215f8,7277685801117,41930030383261,44028135571613,S0570 - 115 - B7-3,S0570 - 115 - B7,S0570 - 115 - B7,no,yes,yes
Bella Long Sleeve Maxi Dress - Aqua,Size: 12,55c6a7ed-d0e9-440c-ab59-494fd426d572,7277685801117,41930030416029,44028135604381,S0570 - 115 - B7-4,S0570 - 115 - B7,S0570 - 115 - B7,no,yes,yes
Bella Long Sleeve Maxi Dress - Aqua,Size: 14,f9b50e7b-ea69-454a-9b58-e3157340129f,7277685801117,41930030448797,44028135637149,S0570 - 115 - B7-5,S0570 - 115 - B7,S0570 - 115 - B7,no,yes,yes
Bella Long Sleeve Maxi Dress - Aqua,Size: 16,a4c0e566-b70f-4fa6-b269-79c26da009c4,7277685801117,41930030481565,44028135669917,S0570 - 115 - B7-6,S0570 - 115 - B7,S0570 - 115 - B7,no,yes,yes
Bella Long Sleeve Maxi Dress - Aqua,Size: 18,4bbef7e7-badd-4108-860c-e3f63bd7e128,7277685801117,41934224195741,44032337182877,S0570 - 115 - B7-7,S0570 - 115 - B7,S0570 - 115 - B7,no,yes,yes
Bella Long Sleeve Maxi Dress - Aqua,Size: 8,185dc801-2b6f-4c15-b0cb-8019e5b6d644,7277685801117,41930030350493,44028135538845,S0570 - 115 - B7-2,S0570 - 115 - B7,S0570 - 115 - B7,no,yes,yes
Bettina Mini Dress - Coral,Size: 10/S,d30e9500-19aa-40ef-82a9-aae9bd84e3df,9957134827825,49839870050609,51889453203761,2511 2074-3,2511 2074,2511 2074,no,yes,yes
Bettina Mini Dress - Coral,Size: 12/M,9e0a07d1-e24e-4514-a688-025bbd3c545c,9957134827825,49839870083377,51889453236529,2511 2074-4,2511 2074,2511 2074,no,yes,yes
Bettina Mini Dress - Coral,Size: 14/L,cb2f00f0-6254-4cae-b8c4-5e588b1645b6,9957134827825,49839870116145,51889453269297,2511 2074-5,2511 2074,2511 2074,no,yes,yes
Bettina Mini Dress - Coral,Size: 8/XS,46e9d493-d6b1-487b-9a50-1989d138a377,9957134827825,49839870017841,51889453170993,2511 2074-2,2511 2074,2511 2074,no,yes,yes
Billie Off Shoulder Top- Pink/Purple/Orange,Size: L,aa7027e2-0611-4514-81eb-b03602429dbd,6743504519325,40370998476957,42467089219741,JA81 - A12-4,JA81 - A12,JA81 - A12,no,yes,yes
Billie Off Shoulder Top- Pink/Purple/Orange,Size: M,b732eefc-35ce-44a6-b746-2f31433730c9,6743504519325,40370998444189,42467089186973,JA81 - A12-3,JA81 - A12,JA81 - A12,no,yes,yes
Billie Off Shoulder Top- Pink/Purple/Orange,Size: S,3f054e13-eae9-4929-b991-6638d4d7415a,6743504519325,40370998411421,42467089154205,JA81 - A12-2,JA81 - A12,JA81 - A12,no,yes,yes
Billie Off Shoulder Top- Pink/Purple/Orange,Size: XL,8ae2f9aa-44d4-4a18-a9e4-7495f9a49004,6743504519325,40370998509725,42467089252509,JA81 - A12-5,JA81 - A12,JA81 - A12,no,yes,yes
Black Lace Pants  - By Frankie,Size: L,85eb39a8-6df9-4807-9792-9fefb0f453dd,10313637855537,51445589672241,53512873148721,567 By frankie pants Box-5,567 By frankie pants Box,567 By frankie pants Box,no,yes,yes
Black Lace Pants  - By Frankie,Size: M,e43413a0-0b40-4b7d-9d6c-03a443a2276e,10313637855537,51445589639473,53512873115953,567 By frankie pants Box-4,567 By frankie pants Box,567 By frankie pants Box,no,yes,yes
Black Lace Pants  - By Frankie,Size: S,f3a5c815-ab96-46dd-97fc-515e375d01b2,10313637855537,51445589606705,53512873083185,567 By frankie pants Box-3,567 By frankie pants Box,567 By frankie pants Box,no,yes,yes
Black Lace Pants  - By Frankie,Size: XS,ed4b6709-4479-4d2c-96e1-e3a35d207e7d,10313637855537,51445589573937,53512873050417,567 By frankie pants Box-2,567 By frankie pants Box,567 By frankie pants Box,no,yes,yes
Black Lace Pants With Stars  - By Frankie,Size: L,2583a035-7d3d-4cf4-83e0-7b9fa0796608,10611422724401,53126029672753,55227658174769,748-1 - BF3-5,748-1 - BF3,748-1 - BF3,no,yes,yes
Black Lace Pants With Stars  - By Frankie,Size: M,812c5d0c-ba5a-490e-a90b-1685659e0e9f,10611422724401,53126029639985,55227658142001,748-1 - BF3-4,748-1 - BF3,748-1 - BF3,no,yes,yes
Black Lace Pants With Stars  - By Frankie,Size: S,a18de1f1-325c-4906-b6c8-11b62f84b470,10611422724401,53126029607217,55227658109233,748-1 - BF3-3,748-1 - BF3,748-1 - BF3,no,yes,yes
Black Lace Pants With Stars  - By Frankie,Size: XS,c7c82f96-609e-4ee0-bafe-2380d8526c20,10611422724401,53126029574449,55227658076465,748-1 - BF3-2,748-1 - BF3,748-1 - BF3,no,yes,yes
Black Lace Skirt  - By Frankie,Size: L,4fd036d9-e186-4c35-a05b-15e95c9eac37,10292637794609,51360566411569,53428176060721,6556 - BF7-5,6556 - BF7,6556 - BF7,no,yes,yes
Black Lace Skirt  - By Frankie,Size: M,ee48b55e-9e79-4f73-ae9c-78ca3caf9ae9,10292637794609,51360566378801,53428176027953,6556 - BF7-4,6556 - BF7,6556 - BF7,no,yes,yes
Black Lace Skirt  - By Frankie,Size: S,88673a9b-4f5a-43a3-9dd2-aa2a5c5f6ab2,10292637794609,51360566346033,53428175995185,6556 - BF7-3,6556 - BF7,6556 - BF7,no,yes,yes
Black Lace Skirt  - By Frankie,Size: XS,aaaca0b4-4954-4c31-a51e-14279ca35923,10292637794609,51360566313265,53428175962417,6556 - BF7-2,6556 - BF7,6556 - BF7,no,yes,yes
Black Oversized Tee With Lace Skirt - By Frankie,Size: L,887806fd-5fc9-4e9b-a5d9-b863f3b05800,10281502605617,51325157966129,53392867295537,657-1-5,657-1,657-1,no,yes,yes
Black Oversized Tee With Lace Skirt - By Frankie,Size: L,92160c4b-6023-4185-b7c1-60314a9003a8,10664126120241,54089941319985,56197165777201,202603 Black - A19-5,202603 Black - A19,202603 Black - A19,no,yes,yes
Black Oversized Tee With Lace Skirt - By Frankie,Size: M,7515abef-5624-4687-a054-c2ce14ff49fe,10281502605617,51325157933361,53392867262769,657-1-4,657-1,657-1,no,yes,yes
Black Oversized Tee With Lace Skirt - By Frankie,Size: M,2c3ccd83-b03c-4cec-a1af-8f550727ea2a,10664126120241,54089941287217,56197165744433,202603 Black - A19-4,202603 Black - A19,202603 Black - A19,no,yes,yes
Black Oversized Tee With Lace Skirt - By Frankie,Size: S,c7e8215a-3fac-4252-81cc-4c0b2d479800,10281502605617,51325157900593,53392867230001,657-1-3,657-1,657-1,no,yes,yes
Black Oversized Tee With Lace Skirt - By Frankie,Size: S,5d735f84-69bf-459d-a46d-4bbeb3022bbd,10664126120241,54089941254449,56197165711665,202603 Black - A19-3,202603 Black - A19,202603 Black - A19,no,yes,yes
Black Oversized Tee With Lace Skirt - By Frankie,Size: XS,bccd67e9-23cf-4f7f-80af-839c54ef6cbe,10281502605617,51325157867825,53392867197233,657-1-2,657-1,657-1,no,yes,yes
Black Oversized Tee With Lace Skirt - By Frankie,Size: XS,c9f3a57b-c242-4826-8db5-011f0b5565d8,10664126120241,54089941221681,56197165678897,202603 Black - A19-2,202603 Black - A19,202603 Black - A19,no,yes,yes
Black Ribbed Bodysuit,Size: M/10,2b44e04e-c731-4425-a570-d18b276427b3,10181636456753,50718306599217,52787802210609,CN0011B - N-7,CN0011B - N,CN0011B - N,no,yes,yes
Black Ribbed Bodysuit,Size: S/8,dd8255c4-6ba0-4f92-a530-579a98a65e64,10181636456753,50718306566449,52787802177841,CN0011B - N-6,CN0011B - N,CN0011B - N,no,yes,yes
Black Ribbed Bodysuit,Size: XS/6,83141b82-c80b-4c1e-a02a-858d0c37e5d9,10181636456753,50718306533681,52787802145073,CN0011B - N-5,CN0011B - N,CN0011B - N,no,yes,yes
Black Ruffle Top With Satin Skirt  Set - By Frankie,Size: L,e330e1cf-e971-4086-821c-b83bab79895f,10362667434289,51690511040817,53759061000497,#541-5,#541,#541,no,yes,yes
Black Ruffle Top With Satin Skirt  Set - By Frankie,Size: M,9b197658-8d95-4003-9b6b-25fc43ccb634,10362667434289,51690511008049,53759060967729,#541-4,#541,#541,no,yes,yes
Black Ruffle Top With Satin Skirt  Set - By Frankie,Size: S,4efe26d2-4498-4c57-a62d-1fc2f9753e00,10362667434289,51690510975281,53759060934961,#541-3,#541,#541,no,yes,yes
Black Ruffle Top With Satin Skirt  Set - By Frankie,Size: XS,a1238e9b-0464-4ddd-a401-081bdf396bfb,10362667434289,51690510942513,53759060902193,#541-2,#541,#541,no,yes,yes
Blair Mini Dress - Black - GDS,Size: L,66f6b822-c619-4786-b3a1-f755b9081f60,8725952921905,46268422979889,48315399143729,2803367 Box 3 GDS-5,2803367 Box 3 GDS,2803367 Box 3 GDS,no,yes,yes
Blair Mini Dress - Black - GDS,Size: M,0e86159e-c588-48d1-8f19-fdb8ba134fa8,8725952921905,46268422947121,48315399110961,2803367 Box 3 GDS-4,2803367 Box 3 GDS,2803367 Box 3 GDS,no,yes,yes
Blair Mini Dress - Black - GDS,Size: S,0f7e5501-481d-4092-8a4e-e90e8093b038,8725952921905,46268422914353,48315399078193,2803367 Box 3 GDS-3,2803367 Box 3 GDS,2803367 Box 3 GDS,no,yes,yes
Blair Mini Dress - Black - GDS,Size: XS,773facc5-6499-4bdc-a853-1fcc3e3afc84,8725952921905,46268422881585,48315399045425,2803367 Box 3 GDS-2,2803367 Box 3 GDS,2803367 Box 3 GDS,no,yes,yes
Blaire Linen Mini Dress - White - GDS,Size: L,76b371ce-2ebf-4fb5-9e86-f840581b3057,8725948563761,46268404400433,48315380564273,2803367 Box 2 GDS-5,2803367 Box 2 GDS,2803367 Box 2 GDS,no,yes,yes
Blaire Linen Mini Dress - White - GDS,Size: M,450d403a-be1d-4b64-8c54-1632da747c92,8725948563761,46268404367665,48315380531505,2803367 Box 2 GDS-4,2803367 Box 2 GDS,2803367 Box 2 GDS,no,yes,yes
Blaire Linen Mini Dress - White - GDS,Size: S,bab815cd-c843-4d3a-a2c4-1220417a764c,8725948563761,46268404334897,48315380498737,2803367 Box 2 GDS-3,2803367 Box 2 GDS,2803367 Box 2 GDS,no,yes,yes
Blaire Linen Mini Dress - White - GDS,Size: XS,0f73967d-c4e8-4939-969f-d492bf685b62,8725948563761,46268404302129,48315380465969,2803367 Box 2 GDS-2,2803367 Box 2 GDS,2803367 Box 2 GDS,no,yes,yes
Blossom Kimono - Green/Red,Size: L,fe40fee6-cf97-4a8e-b915-6cb8c085d1cc,7340463456413,43930831683889,45980320170289,Y-2017 - B3-3,Y-2017 - B3,Y-2017 - B3,no,yes,yes
Blossom Kimono - Green/Red,Size: M,aecf3aad-d0c5-480c-9d44-f3df10209541,7340463456413,42175752274077,44274375655581,Y-2017 - B3-2,Y-2017 - B3,Y-2017 - B3,no,yes,yes
Blossom Kimono - Green/Red,Size: XL,29b8c6e7-bf5d-4ebf-adff-87f134fb0065,7340463456413,50279725400369,52333262995761,Y-2017 - B3-4,Y-2017 - B3,Y-2017 - B3,no,yes,yes
Blossom Kimono - Multicolour,Size: M/L,c3c98c6a-7ff2-4aee-8e0b-a168bf713d54,6896823369885,40616785936541,42713216090269,C020530 Old Box 1-2,C020530 Old Box 1,C020530 Old Box 1,no,yes,yes
Blue Shorts with Red Hearts - By Frankie,Size: L,4d0abb78-fb7c-4182-a4f8-e25a1013af84,10447589802289,52020207026481,54110352769329,43-1 BF7-5,43-1 BF7,43-1 BF7,no,yes,yes
Blue Shorts with Red Hearts - By Frankie,Size: M,aaa47947-b3c8-43df-a023-6d8ef9b03981,10447589802289,52020206993713,54110352736561,43-1 BF7-4,43-1 BF7,43-1 BF7,no,yes,yes
Blue Shorts with Red Hearts - By Frankie,Size: S,5ac78da9-7b82-43ee-8428-ae97e9d84a5c,10447589802289,52020206960945,54110352703793,43-1 BF7-3,43-1 BF7,43-1 BF7,no,yes,yes
Blue Shorts with Red Hearts - By Frankie,Size: XS,5f2dd88a-8624-415c-af85-49ad70dabe8c,10447589802289,52020206928177,54110352671025,43-1 BF7-2,43-1 BF7,43-1 BF7,no,yes,yes
Blue Shorts with Red Stars - By Frankie,Size: L,91bea1cb-e6d9-4b22-9ed5-e923430dbca0,10554343489841,52455681655089,54552758976817,A14-5,A14,A14,no,yes,yes
Blue Shorts with Red Stars - By Frankie,Size: M,a444f8b8-6a1f-492f-bc9a-459cd0b8c893,10554343489841,52455681622321,54552758944049,A14-4,A14,A14,no,yes,yes
Blue Shorts with Red Stars - By Frankie,Size: S,e67168c9-be1e-423b-a5b0-5c22b0ec93bd,10554343489841,52455681589553,54552758911281,A14-3,A14,A14,no,yes,yes
Blue Shorts with Red Stars - By Frankie,Size: XS,888148c0-29e7-4e88-9868-c77053925a69,10554343489841,52455681556785,54552758878513,A14-2,A14,A14,no,yes,yes
Blue/White Stripe Shorts - By Frankie,Size: L,5a71d59e-af9a-44bc-a4a5-7284229f2183,10289607967025,51344990044465,53412642554161,644 - A14-5,644 - A14,644 - A14,no,yes,yes
Blue/White Stripe Shorts - By Frankie,Size: M,8070347c-a6e5-47da-9d66-c36156b8fe70,10289607967025,51344990011697,53412642521393,644 - A14-4,644 - A14,644 - A14,no,yes,yes
Blue/White Stripe Shorts - By Frankie,Size: S,8a2eb9c2-45c1-4ba2-861c-fda64a4f2b9c,10289607967025,51344989978929,53412642488625,644 - A14-3,644 - A14,644 - A14,no,yes,yes
Blue/White Stripe Shorts - By Frankie,Size: XS,a0c84bf4-afa3-4777-b9d9-64c70f7bb398,10289607967025,51344989946161,53412642455857,644 - A14-2,644 - A14,644 - A14,no,yes,yes
Braxton Mini Shirt Dress - Navy,Size: L,4755c136-3720-4177-a9c3-c952b6a328bb,10297664569649,51383413408049,53450891788593,JS-2019603D-1132 - E-5,JS-2019603D-1132 - E,JS-2019603D-1132 - E,no,yes,yes
Braxton Mini Shirt Dress - Navy,Size: M,0bdbabe8-2743-432b-8891-78885365fe5a,10297664569649,51383413375281,53450891755825,JS-2019603D-1132 - E-4,JS-2019603D-1132 - E,JS-2019603D-1132 - E,no,yes,yes
Braxton Mini Shirt Dress - Navy,Size: S,c7ded42b-0056-4341-9e00-afa6ab1dfb5e,10297664569649,51383413342513,53450891723057,JS-2019603D-1132 - E-3,JS-2019603D-1132 - E,JS-2019603D-1132 - E,no,yes,yes
Braxton Mini Shirt Dress - Navy,Size: XS,2da500db-516c-42b2-95a5-ab3758363ce1,10297664569649,51383413309745,53450891690289,JS-2019603D-1132 - E-2,JS-2019603D-1132 - E,JS-2019603D-1132 - E,no,yes,yes
Braxton Top - Navy,Size: L,4f3d6554-0369-4bd1-a992-557e90e1cfd6,10297664110897,51383408230705,53450886611249,JAS2108C-1132 - E-5,JAS2108C-1132 - E,JAS2108C-1132 - E,no,yes,yes
Braxton Top - Navy,Size: M,8d227546-c0bd-421f-989c-0658c62c2b11,10297664110897,51383408197937,53450886578481,JAS2108C-1132 - E-4,JAS2108C-1132 - E,JAS2108C-1132 - E,no,yes,yes
Braxton Top - Navy,Size: S,48763c43-c82d-4e84-be2c-9430457cc7e5,10297664110897,51383408165169,53450886545713,JAS2108C-1132 - E-3,JAS2108C-1132 - E,JAS2108C-1132 - E,no,yes,yes
Braxton Top - Navy,Size: XS,f7ee30ae-57bf-48a1-84eb-aaf0d396c7ea,10297664110897,51383408132401,53450886512945,JAS2108C-1132 - E-2,JAS2108C-1132 - E,JAS2108C-1132 - E,no,yes,yes
Breanna Maxi Dress - Green,Size: 10,8fdd2bcd-69f5-438e-9050-f961fa32d627,9847164600625,49542742278449,51589786108209,2011471-1-B10-3,2011471-1-B10,2011471-1-B10,no,yes,yes
Breanna Maxi Dress - Green,Size: 12,3298dd7d-2fdd-49ca-a0e0-db8ed4e9169f,9847164600625,49542742311217,51589786140977,2011471-1-B10-4,2011471-1-B10,2011471-1-B10,no,yes,yes
Breanna Maxi Dress - Green,Size: 14,d109a7fd-1d47-4c82-ad8a-7c679309262e,9847164600625,49542742343985,51589786173745,2011471-1-B10-5,2011471-1-B10,2011471-1-B10,no,yes,yes
Breanna Maxi Dress - Green,Size: 8,22477abb-1c56-44e2-b954-b4307fbf0adc,9847164600625,49542742245681,51589786075441,2011471-1-B10-2,2011471-1-B10,2011471-1-B10,no,yes,yes
Breanna May Mini Dress - Mint/White,Size: 10,f6532dac-a4ac-4807-b314-242451898922,8955644444977,47190664446257,49239504814385,S190107-151 - F-3,S190107-151 - F,S190107-151 - F,no,yes,yes
Breanna May Mini Dress - Mint/White,Size: 12,7280a91a-3414-4d79-aaad-17b1a8c1d3d1,8955644444977,47190664479025,49239504847153,S190107-151 - F-4,S190107-151 - F,S190107-151 - F,no,yes,yes
Breanna May Mini Dress - Mint/White,Size: 14,1eb58080-1209-4fd5-b8a5-409bebad038d,8955644444977,47190664511793,49239504879921,S190107-151 - F-5,S190107-151 - F,S190107-151 - F,no,yes,yes
Breanna May Mini Dress - Mint/White,Size: 8,4c321547-f880-4c21-85b1-8bd0b0c49aa6,8955644444977,47190664413489,49239504781617,S190107-151 - F-2,S190107-151 - F,S190107-151 - F,no,yes,yes
Breanna Mini Dress - Mint/White,Size: 10,4a0eb85e-143e-4d2a-8f6c-1adf7204e399,8396946768177,45171918504241,47217662034225,201973-37 - D-2,201973-37 - D,201973-37 - D,no,yes,yes
Breanna Mini Dress - Mint/White,Size: 12,1006741d-7e9b-4992-ad4c-183a16136f8c,8396946768177,45171918537009,47217662066993,201973-37 - D-3,201973-37 - D,201973-37 - D,no,yes,yes
Breanna Mini Dress - Mint/White,Size: 14,7bf97bbb-390c-4aa3-b395-0e31fc24836e,8396946768177,45171918569777,47217662099761,201973-37 - D-4,201973-37 - D,201973-37 - D,no,yes,yes
Breanna Mini Dress - Mint/White,Size: 16,8eaf4e68-aef2-4c70-9791-10c5d0031503,8396946768177,45171930136881,47217673666865,201973-37 - D-5,201973-37 - D,201973-37 - D,no,yes,yes
Brie Black Bodysuit,Size: 10,cf660f3e-abfa-4751-9a71-fcf61b08d95f,10651226374449,53810841026865,55915822186801,130380 - N-4,130380 - N,130380 - N,no,yes,yes
Brie Black Bodysuit,Size: 6,7d946c04-caa5-4263-8aab-4414fc52ac75,10651226374449,53805263683889,55910236881201,130380 - N-2,130380 - N,130380 - N,no,yes,yes
Brie Black Bodysuit,Size: 8,b6e461c8-31b9-42a7-a718-95a59c14618f,10651226374449,53810819793201,55915800953137,130380 - N-3,130380 - N,130380 - N,no,yes,yes
Brie Off The Shoulder Top -  White/Gold,Size: 10,e7abc7ce-796d-412e-a21b-8fc4113357ee,10414297350449,51928984289585,54005588295985,155 - A-4,155 - A,155 - A,no,yes,yes
Brie Off The Shoulder Top -  White/Gold,Size: 12,17358bfb-8c63-4696-9568-0abb9279db0f,10414297350449,51928984322353,54005588328753,155 - A-5,155 - A,155 - A,no,yes,yes
Brie Off The Shoulder Top -  White/Gold,Size: 6,1df441b5-5a35-4b65-8016-f152381f6be8,10414297350449,51903126602033,53979415118129,155 - A-2,155 - A,155 - A,no,yes,yes
Brie Off The Shoulder Top -  White/Gold,Size: 8,68ea97e7-f2ad-4aec-ab8e-d1cb8914af1c,10414297350449,51928984256817,54005588263217,155 - A-3,155 - A,155 - A,no,yes,yes
Bronte Off Shoulder Dress - Dusty Pink,Size: 10,7cc0b582-1adb-4b4f-9595-7e1ad8cf751b,6743084564637,40379844886685,42475934318749,LEL063001 - G-3,LEL063001 - G,LEL063001 - G,no,yes,yes
Bronte Off Shoulder Dress - Dusty Pink,Size: 12,592838b7-11d2-421b-a31d-19e6beaa74a9,6743084564637,40379844919453,42475934351517,LEL063001 - G-4,LEL063001 - G,LEL063001 - G,no,yes,yes
Bronte Off Shoulder Dress - Dusty Pink,Size: 14,7c0cb3e6-caa2-4f30-9df0-dd3449263335,6743084564637,40379844952221,42475934384285,LEL063001 - G-5,LEL063001 - G,LEL063001 - G,no,yes,yes
Bronte Off Shoulder Dress - Dusty Pink,Size: 8,6bb0c236-82ad-4f28-a329-1d63487e2c7b,6743084564637,40379844853917,42475934285981,LEL063001 - G-2,LEL063001 - G,LEL063001 - G,no,yes,yes
Brooke Maxi Dress - Blue,Size: L,984511c2-ac39-4781-b356-bd115bc9379b,8420331815217,45251375137073,47297428422961,RS-JAS221001-84517 - A5-4,RS-JAS221001-84517 - A5,RS-JAS221001-84517 - A5,no,yes,yes
Brooke Maxi Dress - Blue,Size: M,69514913-9647-477d-8a6e-8b4abfc7dd7f,8420331815217,45251375104305,47297428390193,RS-JAS221001-84517 - A5-3,RS-JAS221001-84517 - A5,RS-JAS221001-84517 - A5,no,yes,yes
Brooke Maxi Dress - Blue,Size: S,d7401deb-1f4f-4c40-aa88-a4de826fbb78,8420331815217,45251375071537,47297428357425,RS-JAS221001-84517 - A5-2,RS-JAS221001-84517 - A5,RS-JAS221001-84517 - A5,no,yes,yes
Brooke Maxi Dress - Blue,Size: XL,a8c44c56-fb2b-4441-9efe-cef6a1831205,8420331815217,45251375169841,47297428455729,RS-JAS221001-84517 - A5-5,RS-JAS221001-84517 - A5,RS-JAS221001-84517 - A5,no,yes,yes
Brooke Mini Dress - Blue,Size: L,033805c4-281b-4c58-8089-4c515b8872fb,8420330406193,45251354231089,47297407451441,JA113-84517 - G-4,JA113-84517 - G,JA113-84517 - G,no,yes,yes
Brooke Mini Dress - Blue,Size: M,c3b89f7c-c099-4ef3-a0e5-f9e2f79c36be,8420330406193,45251354198321,47297407418673,JA113-84517 - G-3,JA113-84517 - G,JA113-84517 - G,no,yes,yes
Brooke Mini Dress - Blue,Size: S,2b21d421-6af2-4368-8c4a-20e510c06b96,8420330406193,45251354165553,47297407385905,JA113-84517 - G-2,JA113-84517 - G,JA113-84517 - G,no,yes,yes
Brooke Mini Dress - Blue,Size: XL,a25e9fc4-3aaf-413d-b5d8-1944b6d50663,8420330406193,45251354263857,47297407484209,JA113-84517 - G-5,JA113-84517 - G,JA113-84517 - G,no,yes,yes
Brown Bandana Set - By Frankie,Size: L,6a3c13f4-530e-48ae-8f5d-7933f079c9c0,10190505115953,50739860177201,52809343238449,1076-9 - B11-5,1076-9 - B11,1076-9 - B11,no,yes,yes
Brown Bandana Set - By Frankie,Size: M,485666b2-28c5-4ac4-ae54-d69aed5d108d,10190505115953,50739860144433,52809343205681,1076-9 - B11-4,1076-9 - B11,1076-9 - B11,no,yes,yes
Brown Bandana Set - By Frankie,Size: S,30ee961c-0c0d-4ccc-80ba-86ccb7a70885,10190505115953,50739860111665,52809343172913,1076-9 - B11-3,1076-9 - B11,1076-9 - B11,no,yes,yes
Brown Bandana Set - By Frankie,Size: XS,275f0887-fe73-4410-9da0-e32b4b9594fb,10190505115953,50739860078897,52809343140145,1076-9 - B11-2,1076-9 - B11,1076-9 - B11,no,yes,yes
Brown Dana Denim Set - By Frankie,Size: L,3c5dd1ad-89bd-4c08-847d-3827afc37023,10652398813489,53822787453233,55927952965937,591-1 - L-5,591-1 - L,591-1 - L,no,yes,yes
Brown Dana Denim Set - By Frankie,Size: M,754fac92-635a-4380-8be6-51a8f6faeb5b,10652398813489,53822787420465,55927952933169,591-1 - L-4,591-1 - L,591-1 - L,no,yes,yes
Brown Dana Denim Set - By Frankie,Size: S,5e086436-8f2f-49bc-b285-6ee663c98986,10652398813489,53822787387697,55927952900401,591-1 - L-3,591-1 - L,591-1 - L,no,yes,yes
Brown Dana Denim Set - By Frankie,Size: XS,1cf8b1b4-2168-4948-a0e7-8f943c7155ea,10652398813489,53822787354929,55927952867633,591-1 - L-2,591-1 - L,591-1 - L,no,yes,yes
Brown Lace Pants  - By Frankie,Size: S,e7fe5268-e652-4a21-a6fb-bb32e169e15e,10320048980273,51463947026737,53531107098929,"555 Warehouse, Mkt-2","555 Warehouse, Mkt","555 Warehouse, Mkt",no,yes,yes
Brown Lace Pants  - By Frankie,Size: XS,80404088-66f0-4a7d-9a45-2d7d42ccea39,10320048980273,51463946993969,53531107066161,555 MKT-2,555 MKT,555 MKT,no,yes,yes
Brown Lace Skirt - By Frankie,Size: L,5761d3f2-b38e-4d38-878e-19d91a64d44d,10362682081585,51690546823473,53759098159409,786 - BF7-5,786 - BF7,786 - BF7,no,yes,yes
Brown Lace Skirt - By Frankie,Size: M,a76eaf81-e509-45fd-9402-98a73a4b3705,10362682081585,51690546790705,53759098126641,786 - BF7-4,786 - BF7,786 - BF7,no,yes,yes
Brown Lace Skirt - By Frankie,Size: S,2edfdb5a-0445-4971-ba05-b48cbf375b79,10362682081585,51690546757937,53759098093873,786 - BF7-3,786 - BF7,786 - BF7,no,yes,yes
Brown Lace Skirt - By Frankie,Size: XS,f4802153-c439-4141-9114-899056d98110,10362682081585,51690546725169,53759098061105,786 - BF7-2,786 - BF7,786 - BF7,no,yes,yes
Brown Mermaid Tee - By Frankie,Size: L,e015dce0-f3b3-484c-b5d2-8ab7d53dbb48,10749597253937,55594268754225,57709709132081,780-31T - A18-5,780-31T - A18,780-31T - A18,no,yes,yes
Brown Mermaid Tee - By Frankie,Size: M,5f6263e7-fa88-40d9-a411-7a255c61207c,10749597253937,55594268721457,57709709099313,780-31T - A18-4,780-31T - A18,780-31T - A18,no,yes,yes
Brown Mermaid Tee - By Frankie,Size: S,42ef0cee-15d2-4815-bf83-defabee6e2a5,10749597253937,55594268688689,57709709066545,780-31T - A18-3,780-31T - A18,780-31T - A18,no,yes,yes
Brown Mermaid Tee - By Frankie,Size: XS,79ae5f72-026e-4c0f-ae81-1f68324f0576,10749597253937,55594268655921,57709709033777,780-31T - A18-2,780-31T - A18,780-31T - A18,no,yes,yes
Brown Oversized Tee With Lace Skirt - By Frankie,Size: L,439cbfb3-5d12-42cd-a84c-2d37260c773e,10664127824177,54089944039729,56197168496945,202603 Choc - A19-5,202603 Choc - A19,202603 Choc - A19,no,yes,yes
Brown Oversized Tee With Lace Skirt - By Frankie,Size: M,df353d47-8cc1-4f09-a729-e15a4719cf40,10664127824177,54089944006961,56197168464177,202603 Choc - A19-4,202603 Choc - A19,202603 Choc - A19,no,yes,yes
Brown Oversized Tee With Lace Skirt - By Frankie,Size: S,fd49437d-3b7f-45c6-a4b9-31c9aa125e9b,10664127824177,54089943974193,56197168431409,202603 Choc - A19-3,202603 Choc - A19,202603 Choc - A19,no,yes,yes
Brown Oversized Tee With Lace Skirt - By Frankie,Size: XS,f442235f-a88f-48dd-a690-15da14cc4831,10664127824177,54089943941425,56197168398641,202603 Choc - A19-2,202603 Choc - A19,202603 Choc - A19,no,yes,yes
Brown Racer Mini Skirt - By Frankie,Size: L,e80a6754-d9a0-47c7-9407-39ffb2acdf87,10321208115505,51468461605169,53535608045873,641-3-5,641-3,641-3,no,yes,yes
Brown Racer Mini Skirt - By Frankie,Size: M,7da5a94c-3c78-4a32-9572-e01d106ec4c0,10321208115505,51468461572401,53535608013105,641-3-4,641-3,641-3,no,yes,yes
Brown Racer Mini Skirt - By Frankie,Size: S,32c6a28c-e079-4b63-8456-11095ff8489a,10321208115505,51468461539633,53535607980337,641-3-3,641-3,641-3,no,yes,yes
Brown Racer Mini Skirt - By Frankie,Size: XS,3099fc04-c44e-4a13-ae03-5f6c763024c5,10321208115505,51468461506865,53535607947569,641-3-2,641-3,641-3,no,yes,yes
Brown Ribbed Bodysuit,Size: L/12,885e08e2-b20b-4e86-967a-e8de56a6dd87,10181631148337,50718305845553,52787801456945,CN0011B - N-4,CN0011B - N,CN0011B - N,no,yes,yes
Brown Ribbed Bodysuit,Size: M/10,f652bd07-8396-44ba-b260-6a76030266e3,10181631148337,50718296211761,52787791823153,CN0011B - N-3,CN0011B - N,CN0011B - N,no,yes,yes
Brown Ribbed Bodysuit,Size: S/8,9488fe5e-0ca3-45ab-a054-daa777f79d96,10181631148337,50718296178993,52787791790385,CN0011B - N-2,CN0011B - N,CN0011B - N,no,yes,yes
Brown Shorts with Red Hearts - By Frankie,Size: L,800e1b4f-ca1d-4ea2-9180-56e5277661bc,10568646689073,52798113481009,54895666659633,43-3 - BF SHORTS BOX-5,43-3 - BF SHORTS BOX,43-3 - BF SHORTS BOX,no,yes,yes
Brown Shorts with Red Hearts - By Frankie,Size: M,653d01cb-e2f9-4d93-bf13-375268c97145,10568646689073,52798113448241,54895666626865,43-3 - BF SHORTS BOX-4,43-3 - BF SHORTS BOX,43-3 - BF SHORTS BOX,no,yes,yes
Brown Shorts with Red Hearts - By Frankie,Size: S,2a22dfc6-d126-40e0-867e-f7b621b8a77a,10568646689073,52798113415473,54895666594097,43-3 - BF SHORTS BOX-3,43-3 - BF SHORTS BOX,43-3 - BF SHORTS BOX,no,yes,yes
Brown Shorts with Red Hearts - By Frankie,Size: XS,2749167b-f9be-4114-95b8-e88e3811f736,10568646689073,52798113382705,54895666561329,43-3 - BF SHORTS BOX-2,43-3 - BF SHORTS BOX,43-3 - BF SHORTS BOX,no,yes,yes
Brown Tee With Black Lace Trim - By Frankie,Size: L,d79e78b0-fb12-477b-ba35-94f2c9c8b9a2,10663386939697,54068646576433,56175749366065,202602-1 - B10-5,202602-1 - B10,202602-1 - B10,no,yes,yes
Brown Tee With Black Lace Trim - By Frankie,Size: M,01c78afe-dfa8-4276-8c76-d58108a400ab,10663386939697,54068646543665,56175749333297,202602-1 - B10-4,202602-1 - B10,202602-1 - B10,no,yes,yes
Brown Tee With Black Lace Trim - By Frankie,Size: S,23be9a9a-ce38-48b2-b494-d98af9e78ac1,10663386939697,54068646510897,56175749300529,202602-1 - B10-3,202602-1 - B10,202602-1 - B10,no,yes,yes
Brown Tee With Black Lace Trim - By Frankie,Size: XS,4e9ea54a-53ba-4f4e-8e9f-04f338e7dac0,10663386939697,54068646478129,56175749267761,202602-1 - B10-2,202602-1 - B10,202602-1 - B10,no,yes,yes
Brown Tee With Lace Trim - By Frankie,Size: L,637a7c89-4a43-4f12-8ced-8a35a6af92e8,10568614904113,52797838557489,54895389606193,590-3 - A15-5,590-3 - A15,590-3 - A15,no,yes,yes
Brown Tee With Lace Trim - By Frankie,Size: M,e5c8cded-259e-48a4-8754-20b5349ebfd8,10568614904113,52797838524721,54895389573425,590-3 - A15-4,590-3 - A15,590-3 - A15,no,yes,yes
Brown Tee With Lace Trim - By Frankie,Size: S,f0c531e2-1c39-4368-8f92-8614a8cb1bd7,10568614904113,52797838491953,54895389540657,590-3 - A15-3,590-3 - A15,590-3 - A15,no,yes,yes
Brown Tee With Lace Trim - By Frankie,Size: XS,faf1655b-64ec-4f57-a8d5-259c0c18b864,10568614904113,52797838459185,54895389507889,590-3 - A15-2,590-3 - A15,590-3 - A15,no,yes,yes
Burning Hearts White Long Sleeve Top - By Frankie,Size: L,ca891114-cd90-4aee-a3c0-aeafee4f5104,10681412682033,54334339383601,56443092140337,786-6 - A18-5,786-6 - A18,786-6 - A18,no,yes,yes
Burning Hearts White Long Sleeve Top - By Frankie,Size: M,149ccbc1-4175-40d0-b4e5-dece2ae5c288,10681412682033,54334339350833,56443092107569,786-6 - A18-4,786-6 - A18,786-6 - A18,no,yes,yes
Burning Hearts White Long Sleeve Top - By Frankie,Size: S,7bf57443-a169-4f26-97f7-2b65b65133f1,10681412682033,54334339318065,56443092074801,786-6 - A18-3,786-6 - A18,786-6 - A18,no,yes,yes
Burning Hearts White Long Sleeve Top - By Frankie,Size: XS,30b889ca-7d07-4c04-b9a5-987329fea680,10681412682033,54334339285297,56443092042033,786-6 - A18-2,786-6 - A18,786-6 - A18,no,yes,yes
Cactus and Sun Set - By Frankie,Size: L,7c40e485-6a70-4c70-8885-7c84884d384d,9974252405041,49882276495665,51931949531441,801-225-B12-5,801-225-B12,801-225-B12,no,yes,yes
Cactus and Sun Set - By Frankie,Size: M,3faf97ba-82ea-40af-93b9-3baea0b7b654,9974252405041,49882276462897,51931949498673,801-225-B12-4,801-225-B12,801-225-B12,no,yes,yes
Cactus and Sun Set - By Frankie,Size: S,8908ebe6-93a6-417f-a64c-9e34be494aa4,9974252405041,49882276430129,51931949465905,801-225-B12-3,801-225-B12,801-225-B12,no,yes,yes
Cactus and Sun Set - By Frankie,Size: XS,44d26fd0-bf46-46eb-93c6-2deeb9893ef6,9974252405041,49882276397361,51931949433137,801-225-B12-2,801-225-B12,801-225-B12,no,yes,yes
Calista Shorts - Khaki/Animal,Size: L,3933f1ef-4329-4868-9de1-2cebbca24201,8007148306737,43960469455153,46009751208241,GDS 90-4,GDS 90,GDS 90,no,yes,yes
Calista Shorts - Khaki/Animal,Size: M,bbf824de-2566-4905-8921-928e46152d10,8007148306737,43960469422385,46009751175473,GDS 90-3,GDS 90,GDS 90,no,yes,yes
Calista Shorts - Khaki/Animal,Size: S,83508c1e-cc00-495d-8de0-17aedecdc8f1,8007148306737,43960469389617,46009751142705,GDS 90-2,GDS 90,GDS 90,no,yes,yes
Calista Shorts - Khaki/Animal,Size: XL,e2c6eacb-9d17-4223-84af-6901fdf98d77,8007148306737,43960469487921,46009751241009,GDS 90-5,GDS 90,GDS 90,no,yes,yes
Camo Funnel Jacket - By frankie,Size: L,72258989-fec9-41eb-887f-e87c91daee0e,10750937891121,55612491563313,57728159220017,889-4-5,889-4,889-4,no,yes,yes
Camo Funnel Jacket - By frankie,Size: M,74e7d978-8724-40e6-93c6-d95da0728743,10750937891121,55612491530545,57728159187249,889-4-4,889-4,889-4,no,yes,yes
Camo Funnel Jacket - By frankie,Size: S,51c3710d-99f3-4235-99b6-4bae2442b245,10750937891121,55612491497777,57728159154481,889-4-3,889-4,889-4,no,yes,yes
Camo Funnel Jacket - By frankie,Size: XS,8ec21134-bd15-4aea-9809-c5aaa9e3b218,10750937891121,55612491465009,57728159121713,889-4-2,889-4,889-4,no,yes,yes
Camo Heart Racer Mini Skirt - By Frankie,Size: L,42a008c2-04e9-4ac2-a651-f8a78ae26405,10633003237681,53337647481137,55440840130865,536-3 - BF4-5,536-3 - BF4,536-3 - BF4,no,yes,yes
Camo Heart Racer Mini Skirt - By Frankie,Size: M,ac610fbe-9b57-410b-9463-f319e04eb965,10633003237681,53337647448369,55440840098097,536-3 - BF4-4,536-3 - BF4,536-3 - BF4,no,yes,yes
Camo Heart Racer Mini Skirt - By Frankie,Size: S,a4ad2c2e-4618-4dbe-9b80-a985f0ea8331,10633003237681,53337647415601,55440840065329,536-3 - BF4-3,536-3 - BF4,536-3 - BF4,no,yes,yes
Camo Heart Racer Mini Skirt - By Frankie,Size: XS,da7ef8a8-bec5-4495-82c8-7df5edf4fab5,10633003237681,53337647382833,55440840032561,536-3 - BF4-2,536-3 - BF4,536-3 - BF4,no,yes,yes
Camo Hearts Denim Shorts Red Hearts - By Frankie,Size: L,fa7a451e-ee53-45ab-8adc-90992a333c0e,10568639447345,52798084907313,54895637233969,734-4 - A14-5,734-4 - A14,734-4 - A14,no,yes,yes
Camo Hearts Denim Shorts Red Hearts - By Frankie,Size: M,5ae4536b-d159-4096-9578-06cc308c2eac,10568639447345,52798084874545,54895637201201,734-4 - A14-4,734-4 - A14,734-4 - A14,no,yes,yes
Camo Hearts Denim Shorts Red Hearts - By Frankie,Size: S,e860c937-fb37-4263-b0de-bb321916e85e,10568639447345,52798084841777,54895637168433,734-4 - A14-3,734-4 - A14,734-4 - A14,no,yes,yes
Camo Hearts Denim Shorts Red Hearts - By Frankie,Size: XS,45c72ef2-feb4-4d86-a000-5d35b43629d0,10568639447345,52798084809009,54895637135665,734-4 - A14-2,734-4 - A14,734-4 - A14,no,yes,yes
Camo Racer Stripe Mini Skirt - By Frankie,Size: L,402dabfa-c643-48af-8bcd-fa3dad6a58ba,10555559903537,52459749835057,54556905701681,5223 - BF4-5,5223 - BF4,5223 - BF4,no,yes,yes
Camo Racer Stripe Mini Skirt - By Frankie,Size: M,ef9d3239-5804-4896-955f-84bd953c1c54,10555559903537,52459749802289,54556905668913,5223 - BF4-4,5223 - BF4,5223 - BF4,no,yes,yes
Camo Racer Stripe Mini Skirt - By Frankie,Size: S,7b364763-fed1-4aa8-ba7d-d437de4e74e4,10555559903537,52459749769521,54556905636145,5223 - BF4-3,5223 - BF4,5223 - BF4,no,yes,yes
Camo Racer Stripe Mini Skirt - By Frankie,Size: XS,1479a640-85de-404b-b8cf-b495be4bc6bc,10555559903537,52459749736753,54556905603377,5223 - BF4-2,5223 - BF4,5223 - BF4,no,yes,yes
Camo Red Hearts Denim Racer Pants - By Frankie,Size: L,c9ba7583-6861-40be-a68a-3c4c49a02003,10363623833905,51694268907825,53762883911985,526-12 - BF2-5,526-12 - BF2,526-12 - BF2,no,yes,yes
Camo Red Hearts Denim Racer Pants - By Frankie,Size: L,1e18afcc-2f11-43a8-a04f-ea92ff534c40,10710277554481,54916245258545,57027638034737,526-12 No String-5,526-12 No String,526-12 No String,no,yes,yes
Camo Red Hearts Denim Racer Pants - By Frankie,Size: M,551fdcf0-5325-41ab-be8e-da7f48a627aa,10363623833905,51694268875057,53762883879217,526-12 - BF2-4,526-12 - BF2,526-12 - BF2,no,yes,yes
Camo Red Hearts Denim Racer Pants - By Frankie,Size: M,c5fa0dc8-edff-4cf6-beb5-380576472416,10710277554481,54916245225777,57027638001969,526-12 No String-4,526-12 No String,526-12 No String,no,yes,yes
Camo Red Hearts Denim Racer Pants - By Frankie,Size: S,a60d38bd-c2a4-410b-9e73-078209097a41,10363623833905,51694268842289,53762883846449,526-12 - BF2-3,526-12 - BF2,526-12 - BF2,no,yes,yes
Camo Red Hearts Denim Racer Pants - By Frankie,Size: S,42fbdffe-5b22-42f8-869e-820892c85ade,10710277554481,54916245193009,57027637969201,526-12 No String-3,526-12 No String,526-12 No String,no,yes,yes
Camo Red Hearts Denim Racer Pants - By Frankie,Size: XL,a972e83d-f6b6-407a-9241-098cffd11aa0,10363623833905,51694268940593,53762883944753,526-12 - BF2-6,526-12 - BF2,526-12 - BF2,no,yes,yes
Camo Red Hearts Denim Racer Pants - By Frankie,Size: XL,44dfdedc-b9f3-48d0-838e-6adb23725969,10710277554481,54916245291313,57027638067505,526-12 No String-6,526-12 No String,526-12 No String,no,yes,yes
Camo Red Hearts Denim Racer Pants - By Frankie,Size: XS,b1c732b1-0cf5-4638-a19f-686ae3c742de,10363623833905,51694268809521,53762883813681,526-12 - BF2-2,526-12 - BF2,526-12 - BF2,no,yes,yes
Camo Red Hearts Denim Racer Pants - By Frankie,Size: XS,ee9c833f-6f19-4c5f-8aad-f738a950604d,10710277554481,54916245160241,57027637936433,526-12 No String-2,526-12 No String,526-12 No String,no,yes,yes
Candy Leopard Denim Racer Pants  - By Frankie,Size: L,cf6e1f4e-882d-4d3b-a0b5-5e58ca2f92f6,10749559570737,55594133291313,57709572620593,526-52 - A14-5,526-52 - A14,526-52 - A14,no,yes,yes
Candy Leopard Denim Racer Pants  - By Frankie,Size: M,51eaff7b-58a8-42fb-87f7-a7582fdc63da,10749559570737,55594133258545,57709572587825,526-52 - A14-4,526-52 - A14,526-52 - A14,no,yes,yes
Candy Leopard Denim Racer Pants  - By Frankie,Size: S,818ae254-993e-4a60-90b4-5ed688f5a16d,10749559570737,55594133225777,57709572555057,526-52 - A14-3,526-52 - A14,526-52 - A14,no,yes,yes
Candy Leopard Denim Racer Pants  - By Frankie,Size: XS,6bbcacf2-9152-46f7-a1ac-7af54efb8317,10749559570737,55594133193009,57709572522289,526-52 - A14-2,526-52 - A14,526-52 - A14,no,yes,yes
Cara Mini Dress - Powder Blue,Size: L,5acb86ff-daef-4146-9f64-b37175b41f6a,8345537478961,45010378293553,47055675195697,280 5106 Box 3 GDS-4,280 5106 Box 3 GDS,280 5106 Box 3 GDS,no,yes,yes
Cara Mini Dress - Powder Blue,Size: M,0c990879-2a1f-4517-b1f9-dce237d0022b,8345537478961,45010378260785,47055675162929,280 5106 Box 3 GDS-3,280 5106 Box 3 GDS,280 5106 Box 3 GDS,no,yes,yes
Cara Mini Dress - Powder Blue,Size: S,bdeb2a24-1c25-40ad-9a20-98ead933ac49,8345537478961,45010378228017,47055675130161,280 5106 Box 3 GDS-2,280 5106 Box 3 GDS,280 5106 Box 3 GDS,no,yes,yes
Cara Mini Dress - Powder Blue,Size: XL,558446fb-4aef-4abc-858c-a95aa8f0b2e7,8345537478961,45010378326321,47055675228465,280 5106 Box 3 GDS-5,280 5106 Box 3 GDS,280 5106 Box 3 GDS,no,yes,yes
Cara Mini Dress - White/Beige,Size: L,3dbac660-1cd5-4cd0-9fcc-a607ab978f00,8073434759473,44184089002289,46231701356849,GDS Box 3 Cara midi-4,GDS Box 3 Cara midi,GDS Box 3 Cara midi,no,yes,yes
Cara Mini Dress - White/Beige,Size: M,7aea1f3a-c634-4f50-a9bc-7b8823d81411,8073434759473,44184088969521,46231701324081,GDS Box 3 Cara midi-3,GDS Box 3 Cara midi,GDS Box 3 Cara midi,no,yes,yes
Cara Mini Dress - White/Beige,Size: S,4c4ef288-0eb4-47d7-9115-ee69ec9abbb4,8073434759473,44184088936753,46231701291313,GDS Box 3 Cara midi-2,GDS Box 3 Cara midi,GDS Box 3 Cara midi,no,yes,yes
Cara Mini Dress - White/Beige,Size: XL,f91cadd3-7558-44a4-8d5f-c0490796b8cd,8073434759473,44184089035057,46231701389617,GDS Box 3 Cara midi-5,GDS Box 3 Cara midi,GDS Box 3 Cara midi,no,yes,yes
Caramel Brown Oversized Tee With Lace Skirt - By Frankie,Size: L,72155e1a-81f4-4dd2-85a4-319e0fab6dd7,10460466184497,52074649190705,54164984135985,691-3 - BF7-5,691-3 - BF7,691-3 - BF7,no,yes,yes
Caramel Brown Oversized Tee With Lace Skirt - By Frankie,Size: M,433bdc29-7feb-4fac-b7bf-15e9d54e2421,10460466184497,52074649157937,54164984103217,691-3 - BF7-4,691-3 - BF7,691-3 - BF7,no,yes,yes
Caramel Brown Oversized Tee With Lace Skirt - By Frankie,Size: S,0555bb66-24b6-4719-8626-63ce2d37f622,10460466184497,52074649125169,54164984070449,691-3 - BF7-3,691-3 - BF7,691-3 - BF7,no,yes,yes
Caramel Brown Oversized Tee With Lace Skirt - By Frankie,Size: XS,f9992da3-00e4-476e-aba1-b47eeb40bbcf,10460466184497,52074649092401,54164984037681,691-3 - BF7-2,691-3 - BF7,691-3 - BF7,no,yes,yes
Carla Linen Pants - Oatmeal/Beige,Size: L,20c753b5-bab7-4a78-9561-a20f0f23e681,7488921043101,42651441954973,44749102710941,280 3368 - C6-4,280 3368 - C6,280 3368 - C6,no,yes,yes
Carla Linen Pants - Oatmeal/Beige,Size: M,a01d5801-2fd9-434b-9bb3-3eae45a2464b,7488921043101,42651441922205,44749102678173,280 3368 - C6-3,280 3368 - C6,280 3368 - C6,no,yes,yes
Carla Linen Pants - Oatmeal/Beige,Size: S,07244b62-d06a-4719-8f2c-9fe3c435b211,7488921043101,42651441889437,44749102645405,280 3368 - C6-2,280 3368 - C6,280 3368 - C6,no,yes,yes
Carla Linen Pants - Oatmeal/Beige,Size: XL,30b85c87-36c3-4fea-b721-901702ce4564,7488921043101,44091324596529,46139176616241,280 3368 - C6-5,280 3368 - C6,280 3368 - C6,no,yes,yes
Carla Linen Pants - White,Size: L,a65f4055-05db-414b-9425-fc863baeb134,7498744922269,42674615779485,44772503290013,280 3368 - C6-9,280 3368 - C6,280 3368 - C6,no,yes,yes
Carla Linen Pants - White,Size: M,6f4221dc-d916-4112-b5ff-70427da3f38b,7498744922269,42674615746717,44772503257245,280 3368 - C6-8,280 3368 - C6,280 3368 - C6,no,yes,yes
Carla Linen Pants - White,Size: S,3c17a2e6-cee6-491c-acb6-6b192dddb4ef,7498744922269,42674615713949,44772503224477,280 3368 - C6-7,280 3368 - C6,280 3368 - C6,no,yes,yes
Carla Linen Pants - White,Size: XL,a351516c-0fac-4eb2-98ee-5a74f154fdf5,7498744922269,44091329380657,46139181400369,280 3368 - C6-10,280 3368 - C6,280 3368 - C6,no,yes,yes
Carla Linen Pants - White,Size: XS,c45314be-7f6b-488e-9f54-84e83fefab51,7498744922269,42674615648413,44772503191709,280 3368 - C6-6,280 3368 - C6,280 3368 - C6,no,yes,yes
Carly Knit dress - Forest Khaki,Size: 10,12f7935c-68fe-4a7a-b51d-18e29233f5db,6920643215517,40678454526109,42774724608157,52374D01 - B4-3,52374D01 - B4,52374D01 - B4,no,yes,yes
Carly Knit dress - Forest Khaki,Size: 12,09cd9288-850f-412b-8afd-30ce2750031b,6920643215517,40678454558877,42774724640925,52374D01 - B4-4,52374D01 - B4,52374D01 - B4,no,yes,yes
Carly Knit dress - Forest Khaki,Size: 14,1ba363f9-763c-4d73-9caf-a0372301c125,6920643215517,40678454591645,42774724673693,52374D01 - B4-5,52374D01 - B4,52374D01 - B4,no,yes,yes
Carly Knit dress - Forest Khaki,Size: 8,d70d9538-c881-4c85-850a-0a70c1912162,6920643215517,40678454493341,42774724575389,52374D01 - B4-2,52374D01 - B4,52374D01 - B4,no,yes,yes
Carly Lace Mini Dress - Dusty pink,Size: 10,62e0f718-b4bd-4818-a7f5-19d6abdd543d,10082661990705,50321739055409,52375294345521,63314B - B1-4,63314B - B1,63314B - B1,no,yes,yes
Carly Lace Mini Dress - Dusty pink,Size: 12,61416c66-75ac-42e7-90bd-b5fa75c0b2dd,10082661990705,50321739088177,52375294378289,63314B - B1-5,63314B - B1,63314B - B1,no,yes,yes
Carly Lace Mini Dress - Dusty pink,Size: 6,67edb949-39ca-40dc-b28b-63f3ff7046c0,10082661990705,50321738989873,52375294279985,63314B - B1-2,63314B - B1,63314B - B1,no,yes,yes
Carly Lace Mini Dress - Dusty pink,Size: 8,d2d52ec0-fc9c-40da-8c24-4534943ffc42,10082661990705,50321739022641,52375294312753,63314B - B1-3,63314B - B1,63314B - B1,no,yes,yes
Carly lace Mini Dress - Oatmeal/Cream,Size: 10,82b33923-67de-4478-a4bc-d1a115522347,7475427213469,42626011693213,44723473547421,63314B - B1-11,63314B - B1,63314B - B1,no,yes,yes
Carly lace Mini Dress - Oatmeal/Cream,Size: 12,07c24f07-8fb7-41da-9d56-638b5a4c3843,7475427213469,42626011725981,44723473580189,63314B - B1-12,63314B - B1,63314B - B1,no,yes,yes
Carly lace Mini Dress - Oatmeal/Cream,Size: 6,a5316aa2-5e6d-449e-9a41-ca1a9c2343d1,7475427213469,42626011627677,44723473481885,63314B - B1-9,63314B - B1,63314B - B1,no,yes,yes
Carly lace Mini Dress - Oatmeal/Cream,Size: 8,38209b13-ed9c-4d5e-aa2b-934488147d35,7475427213469,42626011660445,44723473514653,63314B - B1-10,63314B - B1,63314B - B1,no,yes,yes
Carly Lace Mini Dress - White,Size: 10,ffb4b60b-25d9-4e7c-8175-d96a96830a86,10082663563569,50321759961393,52375315251505,63314B - B1-8,63314B - B1,63314B - B1,no,yes,yes
Carly Lace Mini Dress - White,Size: 6,7a8fa5df-1317-47dd-a6c3-2046098ce4ed,10082663563569,50321759895857,52375315185969,63314B - B1-6,63314B - B1,63314B - B1,no,yes,yes
Carly Lace Mini Dress - White,Size: 8,857d9fef-ec4d-465c-a729-db90c9f6c48a,10082663563569,50321759928625,52375315218737,63314B - B1-7,63314B - B1,63314B - B1,no,yes,yes
Carmella Maxi Dress - Black/Orange/Pink,Size: L,95e8813c-1ba8-4f7a-a221-eb65852e4ea6,7316570112157,42101919383709,44200865759389,JA79 - 0799 - A6-4,JA79 - 0799 - A6,JA79 - 0799 - A6,no,yes,yes
Carmella Maxi Dress - Black/Orange/Pink,Size: M,4229af71-6428-4731-8f2c-bd82248ccf44,7316570112157,42101919350941,44200865726621,JA79 - 0799 - A6-3,JA79 - 0799 - A6,JA79 - 0799 - A6,no,yes,yes
Carmella Maxi Dress - Black/Orange/Pink,Size: S,c7f3e824-8a0d-42f4-aa40-e8ab9a18dffc,7316570112157,42101919318173,44200865693853,JA79 - 0799 - A6-2,JA79 - 0799 - A6,JA79 - 0799 - A6,no,yes,yes
Carmella Maxi Dress - Black/Orange/Pink,Size: XL,64ee563f-5a6f-4696-973d-2f36fae1a6e7,7316570112157,42101919416477,44200865792157,JA79 - 0799 - A6-5,JA79 - 0799 - A6,JA79 - 0799 - A6,no,yes,yes
Carmella Midi - Black/Orange/Pink,Size: L,b0d65bdf-f1e6-4545-82a8-fb55f26b6002,7316568015005,42101911191709,44200857567389,JA63  -0799-4,JA63  -0799,JA63  -0799,no,yes,yes
Carmella Midi - Black/Orange/Pink,Size: M,5fd2bd06-6407-492e-9096-31e43216bc27,7316568015005,42101911158941,44200857534621,JA63  -0799-3,JA63  -0799,JA63  -0799,no,yes,yes
Carmella Midi - Black/Orange/Pink,Size: S,034a02ab-da2a-4786-a6a1-23eaa3eacb5d,7316568015005,42101911126173,44200857501853,JA63  -0799-2,JA63  -0799,JA63  -0799,no,yes,yes
Carmella Midi - Black/Orange/Pink,Size: XL,d7bc44d7-ef9a-4019-8306-4629c6cea0b9,7316568015005,42101911224477,44200857600157,JA63  -0799-5,JA63  -0799,JA63  -0799,no,yes,yes
Carmen Cardigan/Jacket - Grey/Beige,Size: S/M,4638ebf6-a760-4add-852e-542c6ab73982,10305097367857,51409396138289,53476627317041,9223-1 - C1-2,9223-1 - C1,9223-1 - C1,no,yes,yes
Carmen Cardigan/Jacket - Pink/White,Size: S/M,12d8f68a-5a18-438a-9c2a-c9beaa150c0a,10305065582897,51409317790001,53476548968753,Jumpers Box 6-2,Jumpers Box 6,Jumpers Box 6,no,yes,yes
Cassi Knit Ribbed Singlet - White,Size: M/L,5dfae4a7-33c9-48b9-bbda-ce17f3b92afa,10399921439025,51841683915057,53913596887345,5311 - A13-3,5311 - A13,5311 - A13,no,yes,yes
Cassi Knit Ribbed Singlet - White,Size: S/M,5b0803c6-eca0-41d5-ad9e-d99f502b5643,10399921439025,51841683882289,53913596854577,5311 - A13-2,5311 - A13,5311 - A13,no,yes,yes
Cast Away Brown/Blue Set - By Frankie,Size: L,fa0cc627-8326-4551-8d1e-5cd2799e4dd9,10459692335409,52070086246705,54160387899697,180-10-5,180-10,180-10,no,yes,yes
Cast Away Brown/Blue Set - By Frankie,Size: M,edd9e86b-9fd2-49b2-87a6-0af1a2ec3cb1,10459692335409,52070086213937,54160387866929,180-10-4,180-10,180-10,no,yes,yes
Cast Away Brown/Blue Set - By Frankie,Size: S,d1efd3c6-08fc-48e5-9724-32879c4e494c,10459692335409,52070086181169,54160387834161,180-10-3,180-10,180-10,no,yes,yes
Cast Away Brown/Blue Set - By Frankie,Size: XS,181097b1-7a72-4709-a5f3-a1eeaa9d54ef,10459692335409,52070086148401,54160387801393,180-10-2,180-10,180-10,no,yes,yes
Cast Away Set - By Frankie,Size: L,3a3ff0b0-51f2-4d02-8514-42af3b30ef08,10138543522097,50551967154481,52615227212081,180-2 - T4-5,180-2 - T4,180-2 - T4,no,yes,yes
Cast Away Set - By Frankie,Size: M,553d5e8c-eec7-49e4-96f6-9a363fc73124,10138543522097,50551967121713,52615227179313,180-2 - T4-4,180-2 - T4,180-2 - T4,no,yes,yes
Cast Away Set - By Frankie,Size: S,4be86969-f08d-42cd-a6b2-d77f097c366a,10138543522097,50551967088945,52615227146545,180-2 - T4-3,180-2 - T4,180-2 - T4,no,yes,yes
Cast Away Set - By Frankie,Size: XL,92c4de51-238c-4bc2-868c-9d273dda9a95,10138543522097,50551967187249,52615227244849,180-2 - T4-6,180-2 - T4,180-2 - T4,no,yes,yes
Cast Away Set - By Frankie,Size: XS,60ec1ace-045e-4102-a66c-d218ff797010,10138543522097,50551967056177,52615227113777,180-2 - T4-2,180-2 - T4,180-2 - T4,no,yes,yes
Cast Away Yellow Set - By Frankie,Size: L,b586b8e8-0458-4b68-8bab-e8a36d69249c,10443017617713,52005801165105,54095750168881,180-15 - BF7-5,180-15 - BF7,180-15 - BF7,no,yes,yes
Cast Away Yellow Set - By Frankie,Size: M,0db0236e-3eb6-4ad4-868d-4a8784d6f714,10443017617713,52005801132337,54095750136113,180-15 - BF7-4,180-15 - BF7,180-15 - BF7,no,yes,yes
Cast Away Yellow Set - By Frankie,Size: S,633a39c4-acf0-4da3-96d9-eeb030e95a75,10443017617713,52005801099569,54095750103345,180-15 - BF7-3,180-15 - BF7,180-15 - BF7,no,yes,yes
Cast Away Yellow Set - By Frankie,Size: XS,370aef89-c197-4521-93ca-bf5c5bf21d54,10443017617713,52005801066801,54095750070577,180-15 - BF7-2,180-15 - BF7,180-15 - BF7,no,yes,yes
Catalina Blouse - Purple,Size: 16,5fda2a96-92d5-4e68-bbd1-775fb87b7274,10332707946801,51550239850801,53617472373041,JA529 - 0972 Jaase Box 55-7,JA529 - 0972 Jaase Box 55,JA529 - 0972 Jaase Box 55,no,yes,yes
Catalina Blouse - Purple,Size: 18,18c0e75a-4aad-4c37-9be6-ff499c642040,10332707946801,51550239883569,53617472405809,JA529 - 0972 Jaase Box 55-8,JA529 - 0972 Jaase Box 55,JA529 - 0972 Jaase Box 55,no,yes,yes
Catalina Blouse - Purple,Size: L,96fb4a79-11f7-45f0-9a58-2f3f13a884bd,10332707946801,51540926005553,53608138277169,JA529 - 0972 Jaase Box 55-5,JA529 - 0972 Jaase Box 55,JA529 - 0972 Jaase Box 55,no,yes,yes
Catalina Blouse - Purple,Size: M,a80ad393-99ba-4486-a0bc-558f7405664e,10332707946801,51540925972785,53608138244401,JA529 - 0972 Jaase Box 55-4,JA529 - 0972 Jaase Box 55,JA529 - 0972 Jaase Box 55,no,yes,yes
Catalina Blouse - Purple,Size: S,fef3abc9-9c73-47f9-9cb4-e21b0eadd6f2,10332707946801,51540925940017,53608138211633,JA529 - 0972 Jaase Box 55-3,JA529 - 0972 Jaase Box 55,JA529 - 0972 Jaase Box 55,no,yes,yes
Catalina Blouse - Purple,Size: XL,2a228745-2e8e-4e05-bd63-2ad370ff8cab,10332707946801,51540926038321,53608138309937,JA529 - 0972 Jaase Box 55-6,JA529 - 0972 Jaase Box 55,JA529 - 0972 Jaase Box 55,no,yes,yes
Catalina Blouse - Purple,Size: XS,b4d90334-913f-43f3-95cf-0750f0555a68,10332707946801,51540925907249,53608138178865,JA529 - 0972 Jaase Box 55-2,JA529 - 0972 Jaase Box 55,JA529 - 0972 Jaase Box 55,no,yes,yes
Catarina Linen Mini Dress -  GDS,Size: 10,bc6bb716-5f7a-4506-989b-deacea276e95,9957163237681,49840096444721,51889680122161,2521 2091 GDS B3-3,2521 2091 GDS B3,2521 2091 GDS B3,no,yes,yes
Catarina Linen Mini Dress -  GDS,Size: 12,0bc4c9fd-9719-4e44-82ea-7dfa64cbb1f8,9957163237681,49840096477489,51889680154929,2521 2091 GDS B3-4,2521 2091 GDS B3,2521 2091 GDS B3,no,yes,yes
Catarina Linen Mini Dress -  GDS,Size: 8,fa5c1d8e-644c-486c-aca7-2f19e56ee871,9957163237681,49840096411953,51889680089393,2521 2091 GDS B3-2,2521 2091 GDS B3,2521 2091 GDS B3,no,yes,yes
Chameleon Army Tee - By Frankie,Size: L,4cb85996-1ddd-4b2c-9628-52a7049ea4e1,10730874274097,55358073897265,57471397134641,791-1 - A18-5,791-1 - A18,791-1 - A18,no,yes,yes
Chameleon Army Tee - By Frankie,Size: M,a998e025-fe2a-4a3b-9329-01196c36da45,10730874274097,55358073864497,57471397101873,791-1 - A18-4,791-1 - A18,791-1 - A18,no,yes,yes
Chameleon Army Tee - By Frankie,Size: S,3d21d4b2-f407-4130-8dfa-ec18a2bddb38,10730874274097,55358073831729,57471397069105,791-1 - A18-3,791-1 - A18,791-1 - A18,no,yes,yes
Chameleon Army Tee - By Frankie,Size: XS,07d65f49-8a9b-4d4b-97da-5ed73b8a8aff,10730874274097,55358073798961,57471397036337,791-1 - A18-2,791-1 - A18,791-1 - A18,no,yes,yes
Charlize Midi Dress - Blue,Size: 10,10d4f4df-3949-4b35-8632-47a7a32ea9c9,8263277150513,44683150164273,46728240431409,S0683 - A-3,S0683 - A,S0683 - A,no,yes,yes
Charlize Midi Dress - Blue,Size: 12,f15b0dce-17b0-4819-b386-95ecb36b89bc,8263277150513,44683150197041,46728240464177,S0683 - A-4,S0683 - A,S0683 - A,no,yes,yes
Charlize Midi Dress - Blue,Size: 14,802c3f9c-1ecf-4dbf-8d86-8f9023478d86,8263277150513,44683150262577,46728240496945,S0683 - A-5,S0683 - A,S0683 - A,no,yes,yes
Charlize Midi Dress - Blue,Size: 16,0084e63a-7b8c-423c-90c5-7777c81042b2,8263277150513,44683150328113,46728240529713,S0683 - A-6,S0683 - A,S0683 - A,no,yes,yes
Charlize Midi Dress - Blue,Size: 8,93111050-3246-417c-b84c-5c9c8f7932f1,8263277150513,44683150131505,46728240398641,S0683 - A-2,S0683 - A,S0683 - A,no,yes,yes
Charlize Midi Dress - White,Size: 10,5e0cc72c-514a-4b69-9b44-80573605903e,8263266828593,44683121393969,46728211661105,S0683 - A-9,S0683 - A,S0683 - A,no,yes,yes
Charlize Midi Dress - White,Size: 12,730e15f7-2b63-4656-87bb-32943f808159,8263266828593,44683121426737,46728211693873,S0683 - A-10,S0683 - A,S0683 - A,no,yes,yes
Charlize Midi Dress - White,Size: 14,7a65236b-2484-4b25-b859-8a5fddeb4ebb,8263266828593,44683121459505,46728211726641,S0683 - A-11,S0683 - A,S0683 - A,no,yes,yes
Charlize Midi Dress - White,Size: 16,a98ebff5-4b20-4c7a-bb0e-3538f022c58a,8263266828593,44683121492273,46728211759409,S0683 - A-12,S0683 - A,S0683 - A,no,yes,yes
Charlize Midi Dress - White,Size: 6,4519b8d1-a81a-4868-9687-cb5a92f8e1d4,8263266828593,44683121328433,46728211595569,S0683 - A-7,S0683 - A,S0683 - A,no,yes,yes
Charlize Midi Dress - White,Size: 8,02c6a4fc-9222-4d3d-aaff-e57dd08260cc,8263266828593,44683121361201,46728211628337,S0683 - A-8,S0683 - A,S0683 - A,no,yes,yes
Charlotte Dress- Black,Size: 12,bd2a8ee3-915f-4bb5-af6e-0021e7fb7eb0,4568009113696,32040099643488,33621635268704,TL10258 - B4-2,TL10258 - B4,TL10258 - B4,no,yes,yes
Charlotte Dress- Black,Size: 6,95eac622-204e-4155-ab7c-b066253f07cf,4568009113696,32246922575968,33831662092384,TL10258 - B4-3,TL10258 - B4,TL10258 - B4,no,yes,yes
Charlotte Midi Dress - Pink Floral,Size: 10,c2d03808-2794-4fb2-a69e-5d84bae69fc2,7275550703773,41913660604573,44011738529949,S0556-135S - B-3,S0556-135S - B,S0556-135S - B,no,yes,yes
Charlotte Midi Dress - Pink Floral,Size: 12,2a774d86-e72f-489b-a3f7-ca373a2b5525,7275550703773,41913660637341,44011738562717,S0556-135S - B-4,S0556-135S - B,S0556-135S - B,no,yes,yes
Charlotte Midi Dress - Pink Floral,Size: 14,926cd9ac-98a8-4c23-9d4d-ff4927183693,7275550703773,41913660670109,44011738595485,S0556-135S - B-5,S0556-135S - B,S0556-135S - B,no,yes,yes
Charlotte Midi Dress - Pink Floral,Size: 16,6ef1651e-df50-4f51-ac01-38f532185ae5,7275550703773,41913660702877,44011738628253,S0556-135S - B-6,S0556-135S - B,S0556-135S - B,no,yes,yes
Charlotte Midi Dress - Pink Floral,Size: 8,e84fd605-6fea-46ba-9b60-6e6bd38e7787,7275550703773,41913660571805,44011738497181,S0556-135S - B-2,S0556-135S - B,S0556-135S - B,no,yes,yes
Charlotte Pants - Natural - GDS,Size: L,2d4516a0-747c-4386-b980-6cd08ffcbb28,8726047686961,46268596715825,48315572912433,2805124 - GDS BOX 11-5,2805124 - GDS BOX 11,2805124 - GDS BOX 11,no,yes,yes
Charlotte Pants - Natural - GDS,Size: M,7cd78730-af41-4510-8f8c-73bf3afbd9a7,8726047686961,46268596683057,48315572879665,2805124 - GDS BOX 11-4,2805124 - GDS BOX 11,2805124 - GDS BOX 11,no,yes,yes
Charlotte Pants - Natural - GDS,Size: S,bbce1c86-2b89-4a18-b118-715115ba01f2,8726047686961,46268596650289,48315572846897,2805124 - GDS BOX 11-3,2805124 - GDS BOX 11,2805124 - GDS BOX 11,no,yes,yes
Charlotte Pants - Natural - GDS,Size: XS,21085e62-a672-4ab9-893d-69014238d2e4,8726047686961,46268596617521,48315572814129,2805124 - GDS BOX 11-2,2805124 - GDS BOX 11,2805124 - GDS BOX 11,no,yes,yes
Che Pants - Pink/Brown,Size: L,a60dc4db-76d5-4880-84c4-9ef76305575e,8403426148657,45192338473265,47238138560817,SJ-00076P-78549 - T2-4,SJ-00076P-78549 - T2,SJ-00076P-78549 - T2,no,yes,yes
Che Pants - Pink/Brown,Size: M,767e635c-ae83-41a4-a4ec-9b623f0a77f0,8403426148657,45192338440497,47238138528049,SJ-00076P-78549 - T2-3,SJ-00076P-78549 - T2,SJ-00076P-78549 - T2,no,yes,yes
Che Pants - Pink/Brown,Size: S,a067f2d1-9b9e-4c19-aba1-d9248dd7d4ed,8403426148657,45192338407729,47238138495281,SJ-00076P-78549 - T2-2,SJ-00076P-78549 - T2,SJ-00076P-78549 - T2,no,yes,yes
Che Pants - Pink/Brown,Size: XL,520ca780-a6be-4db5-8cc7-acf51e66f037,8403426148657,45192338506033,47238138593585,SJ-00076P-78549 - T2-5,SJ-00076P-78549 - T2,SJ-00076P-78549 - T2,no,yes,yes
Che Shirt - Pink/Brown,Size: L,749fc216-79c5-4b02-ac14-b31726e74119,8403428016433,45192340275505,47238140363057,RS-JAS221011 - 78549 T1-4,RS-JAS221011 - 78549 T1,RS-JAS221011 - 78549 T1,no,yes,yes
Che Shirt - Pink/Brown,Size: M,9d673a1a-3bc6-419c-987f-c7052e37893e,8403428016433,45192340242737,47238140330289,RS-JAS221011 - 78549 T1-3,RS-JAS221011 - 78549 T1,RS-JAS221011 - 78549 T1,no,yes,yes
Che Shirt - Pink/Brown,Size: S,43cfc50f-17e5-495c-9093-22f08196359d,8403428016433,45192340209969,47238140297521,RS-JAS221011 - 78549 T1-2,RS-JAS221011 - 78549 T1,RS-JAS221011 - 78549 T1,no,yes,yes
Che Shirt - Pink/Brown,Size: XL,c43dcd3f-b255-43e2-9047-4174d190cbb1,8403428016433,45192340308273,47238140395825,RS-JAS221011 - 78549 T1-5,RS-JAS221011 - 78549 T1,RS-JAS221011 - 78549 T1,no,yes,yes
Chelsea Maxi - Green,Size: L,0b112864-22f7-44eb-9e2c-a855745f74f3,10061092520241,50228343406897,52281311592753,20160916 - 1064 - L-5,20160916 - 1064 - L,20160916 - 1064 - L,no,yes,yes
Chelsea Maxi - Green,Size: L,a23ab421-ac8c-45ac-b474-635cf76cfcc5,10061094846769,50228346880305,52281315066161,JS810198 -1064 - L-5,JS810198 -1064 - L,JS810198 -1064 - L,no,yes,yes
Chelsea Maxi - Green,Size: M,845ce975-d0bd-486c-8331-084516b7ca2b,10061092520241,50228343374129,52281311559985,20160916 - 1064 - L-4,20160916 - 1064 - L,20160916 - 1064 - L,no,yes,yes
Chelsea Maxi - Green,Size: M,429122f5-d6b9-4a1c-9283-a1202acee086,10061094846769,50228346847537,52281315033393,JS810198 -1064 - L-4,JS810198 -1064 - L,JS810198 -1064 - L,no,yes,yes
Chelsea Maxi - Green,Size: S,7d522086-f84c-4aee-917c-003fd610e9af,10061092520241,50228343341361,52281311527217,20160916 - 1064 - L-3,20160916 - 1064 - L,20160916 - 1064 - L,no,yes,yes
Chelsea Maxi - Green,Size: S,c5eca5d4-2cc9-474f-a737-4ebecb548bb5,10061094846769,50228346814769,52281315000625,JS810198 -1064 - L-3,JS810198 -1064 - L,JS810198 -1064 - L,no,yes,yes
Chelsea Maxi - Green,Size: XS,7f8549f4-a5fe-494a-ad7d-6d74ab7bfb7b,10061092520241,50228343308593,52281311494449,20160916 - 1064 - L-2,20160916 - 1064 - L,20160916 - 1064 - L,no,yes,yes
Chelsea Maxi - Green,Size: XS,e6741960-3c46-4e3f-b458-b34a33196914,10061094846769,50228346782001,52281314967857,JS810198 -1064 - L-2,JS810198 -1064 - L,JS810198 -1064 - L,no,yes,yes
Cherry Denim Shorts - By Frankie,Size: L,17aaaec2-4bd8-47a7-8077-812f30b83e4c,10138672496945,50552368922929,52615642251569,166-2 - T2-5,166-2 - T2,166-2 - T2,no,yes,yes
Cherry Denim Shorts - By Frankie,Size: M,7ed0249e-8c6f-4329-aa17-91a984d1cc10,10138672496945,50552368890161,52615642218801,166-2 - T2-4,166-2 - T2,166-2 - T2,no,yes,yes
Cherry Denim Shorts - By Frankie,Size: S,bb8a90ed-b592-49d3-85bc-6450033b913e,10138672496945,50552368857393,52615642186033,166-2 - T2-3,166-2 - T2,166-2 - T2,no,yes,yes
Cherry Denim Shorts - By Frankie,Size: XS,a06d9517-83b3-47ab-b37e-a78e7374757c,10138672496945,50552368824625,52615642153265,166-2 - T2-2,166-2 - T2,166-2 - T2,no,yes,yes
Cherry's Boots & Bows Skorts Set - By Frankie,Size: L,02c189e5-be56-4172-83aa-3cb8ef2ba000,10134803251505,50537873211697,52599796465969,165-1 - B12-5,165-1 - B12,165-1 - B12,no,yes,yes
Cherry's Boots & Bows Skorts Set - By Frankie,Size: M,1a847fe0-f2ea-48a2-83ed-c428ecdff565,10134803251505,50537873178929,52599796433201,165-1 - B12-4,165-1 - B12,165-1 - B12,no,yes,yes
Cherry's Boots & Bows Skorts Set - By Frankie,Size: S,fddd85d6-e519-4e4a-b693-0913331cf960,10134803251505,50537873146161,52599796400433,165-1 - B12-3,165-1 - B12,165-1 - B12,no,yes,yes
Cherry's Boots & Bows Skorts Set - By Frankie,Size: XS,faac0357-e854-43a6-9f90-c3c42b1cf18b,10134803251505,50537873113393,52599796367665,165-1 - B12-2,165-1 - B12,165-1 - B12,no,yes,yes
Chicago Plaid/Checkered Shirt Jacket,Size: L,bdd4327f-71ae-4e13-b0aa-634caacb3625,7303427031197,42066134728861,44165026611357,VV211231 Cardi Box 2-3,VV211231 Cardi Box 2,VV211231 Cardi Box 2,no,yes,yes
Chicago Plaid/Checkered Shirt Jacket,Size: M,7fc65913-edf9-47c8-b8ab-83cf0ae7ec1b,7303427031197,42066134696093,44165026578589,VV211231 Cardi Box 2-2,VV211231 Cardi Box 2,VV211231 Cardi Box 2,no,yes,yes
Chicago Plaid/Checkered Shirt Jacket,Size: XL,74633cc9-64be-4967-acf9-20f015af1c72,7303427031197,42066134761629,44165026644125,VV211231 Cardi Box 2-4,VV211231 Cardi Box 2,VV211231 Cardi Box 2,no,yes,yes
Chloe Knit Dress - Beige,Size: 10,910cf98b-d27c-4447-ad57-48acf632722f,9847169384753,49542759285041,51589803114801,3425 Make sure belt is included - A13-4,3425 Make sure belt is included - A13,3425 Make sure belt is included - A13,no,yes,yes
Chloe Knit Dress - Beige,Size: 12,02fc7ec4-7533-4411-948a-e9eaef690d46,9847169384753,49542759317809,51589803147569,3425 Make sure belt is included - A13-5,3425 Make sure belt is included - A13,3425 Make sure belt is included - A13,no,yes,yes
Chloe Knit Dress - Beige,Size: 6,d7b47645-8707-4b9f-a01d-f69181062b50,9847169384753,49542759219505,51589803049265,3425 Make sure belt is included - A13-2,3425 Make sure belt is included - A13,3425 Make sure belt is included - A13,no,yes,yes
Chloe Knit Dress - Beige,Size: 8,796fcb95-97df-4b4c-ab2f-5974cfd2da79,9847169384753,49542759252273,51589803082033,3425 Make sure belt is included - A13-3,3425 Make sure belt is included - A13,3425 Make sure belt is included - A13,no,yes,yes
Chloe Knit Dress - White,Size: 10,28ba8f13-4671-4d78-9c26-56c738364141,9847174299953,49542772818225,51589816647985,14462B - A-13-4,14462B - A-13,14462B - A-13,no,yes,yes
Chloe Knit Dress - White,Size: 6,701def6e-3dd1-4527-a64b-9b2901ea6d84,9847174299953,49542772752689,51589816582449,14462B - A-13-2,14462B - A-13,14462B - A-13,no,yes,yes
Chloe Knit Dress - White,Size: 8,294b536f-5d32-4642-9cec-de8023bdd37a,9847174299953,49542772785457,51589816615217,14462B - A-13-3,14462B - A-13,14462B - A-13,no,yes,yes
Chocolate Strapless Set With Sheer Skirt - By Frankie,Size: L,56b2754d-425d-4273-a258-830cfdfb4d37,10617685410097,53144643862833,55246334624049,42-1 - BF4-5,42-1 - BF4,42-1 - BF4,no,yes,yes
Chocolate Strapless Set With Sheer Skirt - By Frankie,Size: M,30830aa0-e7fa-4422-9a80-a3e245462ddb,10617685410097,53144643830065,55246334591281,42-1 - BF4-4,42-1 - BF4,42-1 - BF4,no,yes,yes
Chocolate Strapless Set With Sheer Skirt - By Frankie,Size: S,ac1d0b73-8fa9-4def-a4ba-17aaf16d3904,10617685410097,53144643797297,55246334558513,42-1 - BF4-3,42-1 - BF4,42-1 - BF4,no,yes,yes
Chocolate Strapless Set With Sheer Skirt - By Frankie,Size: XS,cfadf52e-84e7-470d-98bd-e869f478dddc,10617685410097,53144643764529,55246334525745,42-1 - BF4-2,42-1 - BF4,42-1 - BF4,no,yes,yes
Christie Maxi Dress - Blue/Green,Size: 16,c121deff-6625-4d0b-adc1-23824d31f985,10073706037553,50279897334065,52333434929457,20160916-1084 - A13-7,20160916-1084 - A13,20160916-1084 - A13,no,yes,yes
Christie Maxi Dress - Blue/Green,Size: 18,f6a0e79e-89f9-42aa-9bc7-3eed5da33422,10073706037553,50279897366833,52333434962225,20160916-1084 - A13-8,20160916-1084 - A13,20160916-1084 - A13,no,yes,yes
Christie Maxi Dress - Blue/Green,Size: L,f55526c1-81da-48e7-9688-2cbd934128c0,10073706037553,50279897268529,52333434863921,20160916-1084 - A13-5,20160916-1084 - A13,20160916-1084 - A13,no,yes,yes
Christie Maxi Dress - Blue/Green,Size: M,8702aa53-d97a-43e5-8c0c-d7e866351193,10073706037553,50279897235761,52333434831153,20160916-1084 - A13-4,20160916-1084 - A13,20160916-1084 - A13,no,yes,yes
Christie Maxi Dress - Blue/Green,Size: S,6b2386f1-d38c-45b4-ba25-02fed788a973,10073706037553,50279897202993,52333434798385,20160916-1084 - A13-3,20160916-1084 - A13,20160916-1084 - A13,no,yes,yes
Christie Maxi Dress - Blue/Green,Size: XL,b993dc4c-f172-40d1-a99b-43156a81bdb5,10073706037553,50279897301297,52333434896689,20160916-1084 - A13-6,20160916-1084 - A13,20160916-1084 - A13,no,yes,yes
Christie Maxi Dress - Blue/Green,Size: XS,ed03c2a7-7bad-4880-856a-fd2249800ee7,10073706037553,50279897170225,52333434765617,20160916-1084 - A13-2,20160916-1084 - A13,20160916-1084 - A13,no,yes,yes
Christie Mini Dress - Blue/Green,Size: L,af4a0a84-2707-4fd7-9679-49363726797d,10073708167473,50279914570033,52333452165425,20161195A-1084 - A13-5,20161195A-1084 - A13,20161195A-1084 - A13,no,yes,yes
Christie Mini Dress - Blue/Green,Size: M,e84db8f3-ddf0-481c-bbc4-ed35ec393648,10073708167473,50279914537265,52333452132657,20161195A-1084 - A13-4,20161195A-1084 - A13,20161195A-1084 - A13,no,yes,yes
Christie Mini Dress - Blue/Green,Size: S,5466318f-b1c2-453c-8b47-8181d8fb3a0f,10073708167473,50279914504497,52333452099889,20161195A-1084 - A13-3,20161195A-1084 - A13,20161195A-1084 - A13,no,yes,yes
Christie Mini Dress - Blue/Green,Size: XS,21d66e07-6f8d-46a2-92f3-c22ee76fe980,10073708167473,50279914471729,52333452067121,20161195A-1084 - A13-2,20161195A-1084 - A13,20161195A-1084 - A13,no,yes,yes
Ciao Bella Bandana Set - By Frankie,Size: L,5a621df0-fb37-4a17-9fa6-76483e72d8dd,10118967558449,50475025629489,52530683281713,293-1. B15-5,293-1. B15,293-1. B15,no,yes,yes
Ciao Bella Bandana Set - By Frankie,Size: M,87d7da87-a450-4f47-9fd1-fa7f32dd6d3c,10118967558449,50475025596721,52530683248945,293-1. B15-4,293-1. B15,293-1. B15,no,yes,yes
Ciao Bella Bandana Set - By Frankie,Size: S,4844d294-15b3-4fbe-9de8-30d7232ed306,10118967558449,50475025563953,52530683216177,293-1. B15-3,293-1. B15,293-1. B15,no,yes,yes
Ciao Bella Bandana Set - By Frankie,Size: XS,5de01db4-5452-44b1-a6ba-bf7e364ce5c0,10118967558449,50475025531185,52530683183409,293-1. B15-2,293-1. B15,293-1. B15,no,yes,yes
Ciao Bella Set - By Frankie,Size: L,25ff29ab-d5e3-4a68-ae9f-0450260f7778,10106615333169,50412788482353,52467783369009,291-1 - BF2-5,291-1 - BF2,291-1 - BF2,no,yes,yes
Ciao Bella Set - By Frankie,Size: M,aa16a4ca-480c-411a-8b09-8f325e8f7baa,10106615333169,50412788449585,52467783336241,291-1 - BF2-4,291-1 - BF2,291-1 - BF2,no,yes,yes
Ciao Bella Set - By Frankie,Size: S,34e59fe7-edd1-420f-bc83-bb1128c33248,10106615333169,50412788416817,52467783303473,291-1 - BF2-3,291-1 - BF2,291-1 - BF2,no,yes,yes
Ciao Bella Set - By Frankie,Size: XS,283c3920-e94d-4825-9d70-f84649d28ffc,10106615333169,50412788384049,52467783270705,291-1 - BF2-2,291-1 - BF2,291-1 - BF2,no,yes,yes
Ciao Ciao Playsuit,Size: L/12,8d9ea2fb-fe3e-4a3e-8308-5a2f520f278a,10578925093169,52859307786545,54959654699313,SR0663J20 - A5-5,SR0663J20 - A5,SR0663J20 - A5,no,yes,yes
Ciao Ciao Playsuit,Size: M/10,b84c0ce5-aec2-4318-82f3-abc805488059,10578925093169,52859307753777,54959654666545,SR0663J20 - A5-4,SR0663J20 - A5,SR0663J20 - A5,no,yes,yes
Ciao Ciao Playsuit,Size: S/8,2787d77d-3eb1-4aa1-8db7-09320d7d3af7,10578925093169,52859307721009,54959654633777,SR0663J20 - A5-3,SR0663J20 - A5,SR0663J20 - A5,no,yes,yes
Ciao Ciao Playsuit,Size: XS/6,3ae19df3-8d8c-49a8-9e6b-37ba93491b60,10578925093169,52859307688241,54959654601009,SR0663J20 - A5-2,SR0663J20 - A5,SR0663J20 - A5,no,yes,yes
Ciao Tutti Frutti Set - By Frankie,Size: L,35ae4f8d-a28d-4af8-b0d6-505c51fa8ce6,10138707067185,50552496390449,52615777419569,801-264 - A15-5,801-264 - A15,801-264 - A15,no,yes,yes
Ciao Tutti Frutti Set - By Frankie,Size: M,313d13f4-6753-46ce-a186-ddf7f393e596,10138707067185,50552496357681,52615777386801,801-264 - A15-4,801-264 - A15,801-264 - A15,no,yes,yes
Ciao Tutti Frutti Set - By Frankie,Size: S,9976c6e7-1685-4d02-b0ba-38658905c004,10138707067185,50552496324913,52615777354033,801-264 - A15-3,801-264 - A15,801-264 - A15,no,yes,yes
Ciao Tutti Frutti Set - By Frankie,Size: XS,9a484f35-9299-466d-af72-357d1ed01f52,10138707067185,50552496292145,52615777321265,801-264 - A15-2,801-264 - A15,801-264 - A15,no,yes,yes
Cielo Jumpsuit - Jumpsuit,Size: 10,0a3052ad-e954-4297-997a-0ce7736dcf97,9495202136369,48749142212913,50796551045425,2011974-6 - B7-3,2011974-6 - B7,2011974-6 - B7,no,yes,yes
Cielo Jumpsuit - Jumpsuit,Size: 12,dfff1738-fc70-420d-b6bd-96ad987ce147,9495202136369,48749142245681,50796551078193,2011974-6 - B7-4,2011974-6 - B7,2011974-6 - B7,no,yes,yes
Cielo Jumpsuit - Jumpsuit,Size: 14,14ca5a1d-8943-4743-8b87-3f10cc3a3396,9495202136369,48749142278449,50796551110961,2011974-6 - B7-5,2011974-6 - B7,2011974-6 - B7,no,yes,yes
Cielo Jumpsuit - Jumpsuit,Size: 8,3e2df839-1767-4ba5-8512-edccc4857437,9495202136369,48749142180145,50796551012657,2011974-6 - B7-2,2011974-6 - B7,2011974-6 - B7,no,yes,yes
Cielo Jumpsuit - Khaki,Size: 10,bd6da294-4b62-4f18-893f-54f89d5443c3,9495198138673,48749135364401,50796543476017,2011798-28 - B7-3,2011798-28 - B7,2011798-28 - B7,no,yes,yes
Cielo Jumpsuit - Khaki,Size: 12,31d18e66-1eed-4ffb-823d-5f1bfbfd5656,9495198138673,48749135397169,50796543508785,2011798-28 - B7-4,2011798-28 - B7,2011798-28 - B7,no,yes,yes
Cielo Jumpsuit - Khaki,Size: 14,3a98bcb8-4b08-4728-bedf-c9835df87400,9495198138673,48749135429937,50796543541553,2011798-28 - B7-5,2011798-28 - B7,2011798-28 - B7,no,yes,yes
Cielo Jumpsuit - Khaki,Size: 8,311dc0e7-01dd-4cb0-bf41-456b1ff47c64,9495198138673,48749135331633,50796543443249,2011798-28 - B7-2,2011798-28 - B7,2011798-28 - B7,no,yes,yes
Clare Linen Midi Dress - Brown/Beige,Size: L,915b93f4-e773-4376-b233-e2275b856e81,7335251411101,42161936957597,44260540711069,2803401 Box 3 GDS-4,2803401 Box 3 GDS,2803401 Box 3 GDS,no,yes,yes
Clare Linen Midi Dress - Brown/Beige,Size: M,37c8ddf8-31d6-4e56-8151-435c24b3e6bb,7335251411101,42161936924829,44260540678301,2803401 Box 3 GDS-3,2803401 Box 3 GDS,2803401 Box 3 GDS,no,yes,yes
Clare Linen Midi Dress - Brown/Beige,Size: S,a367f59c-90cb-4698-9c33-61d0d21d7e1c,7335251411101,42161936892061,44260540645533,2803401 Box 3 GDS-2,2803401 Box 3 GDS,2803401 Box 3 GDS,no,yes,yes
Clare Linen Midi Dress - Brown/Beige,Size: XL,36753647-dce4-4476-ab02-cf717b4a21f1,7335251411101,42161936990365,44260540743837,2803401 Box 3 GDS-5,2803401 Box 3 GDS,2803401 Box 3 GDS,no,yes,yes
Clare Linen Mini Dress - Green/White,Size: L,f604cf89-5c11-40b4-afef-5e0cba174e6f,7335279591581,42162065408157,44260669161629,2803403 - Box 2 GDS-4,2803403 - Box 2 GDS,2803403 - Box 2 GDS,no,yes,yes
Clare Linen Mini Dress - Green/White,Size: M,acecfd02-92df-4ffa-a812-8bad7a6573b1,7335279591581,42162065375389,44260669128861,2803403 - Box 2 GDS-3,2803403 - Box 2 GDS,2803403 - Box 2 GDS,no,yes,yes
Clare Linen Mini Dress - Green/White,Size: S,67e9d7ec-8c9f-433a-9b25-76d724212402,7335279591581,42162065342621,44260669096093,2803403 - Box 2 GDS-2,2803403 - Box 2 GDS,2803403 - Box 2 GDS,no,yes,yes
Clare Linen Mini Dress - Green/White,Size: XL,31e81274-54b6-4220-aafb-fffaeef9e727,7335279591581,42162065440925,44260669194397,2803403 - Box 2 GDS-5,2803403 - Box 2 GDS,2803403 - Box 2 GDS,no,yes,yes
Claudia Shell Set - By Frankie,Size: L,da9d632d-7883-4f59-91c4-e843abce04f4,10447596552497,52020238975281,54110386487601,2598-2 BF8-5,2598-2 BF8,2598-2 BF8,no,yes,yes
Claudia Shell Set - By Frankie,Size: L,87e0b01e-48c0-471b-b80e-9279a0390764,10447597142321,52020244775217,54110392287537,2598-1 - A9-5,2598-1 - A9,2598-1 - A9,no,yes,yes
Claudia Shell Set - By Frankie,Size: M,1eb65b7f-3039-4099-afbe-4c7e0b0b5778,10447596552497,52020238942513,54110386454833,2598-2 BF8-4,2598-2 BF8,2598-2 BF8,no,yes,yes
Claudia Shell Set - By Frankie,Size: M,a6532d98-8021-416d-8c35-befc62d351e1,10447597142321,52020244742449,54110392254769,2598-1 - A9-4,2598-1 - A9,2598-1 - A9,no,yes,yes
Claudia Shell Set - By Frankie,Size: S,b76be0d2-620c-4cb6-8b5e-92b1e681f689,10447596552497,52020238909745,54110386422065,2598-2 BF8-3,2598-2 BF8,2598-2 BF8,no,yes,yes
Claudia Shell Set - By Frankie,Size: S,90a3daa8-1684-4d07-827e-4901b51c96b2,10447597142321,52020244709681,54110392222001,2598-1 - A9-3,2598-1 - A9,2598-1 - A9,no,yes,yes
Claudia Shell Set - By Frankie,Size: XS,c538a81e-a1d7-4e26-a5cd-dff557d52487,10447596552497,52020238876977,54110386389297,2598-2 BF8-2,2598-2 BF8,2598-2 BF8,no,yes,yes
Claudia Shell Set - By Frankie,Size: XS,93930084-a9ff-4436-b570-7a4e6f5597ae,10447597142321,52020244676913,54110392189233,2598-1 - A9-2,2598-1 - A9,2598-1 - A9,no,yes,yes
Clea Halter Neck Maxi,Size: L,e8b9d486-9319-436c-aafb-bf7ece89e7f8,10606944846129,53103187296561,55204771889457,S1500818B - A6-5,S1500818B - A6,S1500818B - A6,no,yes,yes
Clea Halter Neck Maxi,Size: M,9d009f90-4476-422a-8e64-cee08b8c99f2,10606944846129,53103187263793,55204771856689,S1500818B - A6-4,S1500818B - A6,S1500818B - A6,no,yes,yes
Clea Halter Neck Maxi,Size: S,5dea6bca-6dc6-4428-a666-4494a4c138cb,10606944846129,53103187231025,55204771823921,S1500818B - A6-3,S1500818B - A6,S1500818B - A6,no,yes,yes
Clea Halter Neck Maxi,Size: XS,d30c1721-12ea-4eda-a8f9-b1416bd75a3e,10606944846129,53103187198257,55204771791153,S1500818B - A6-2,S1500818B - A6,S1500818B - A6,no,yes,yes
Clea Mini Dress,Size: 16,43fa0cb9-698e-4459-b2ee-23a3776f8da1,10606941995313,53129275998513,55230912037169,JA179 1015 - A6-7,JA179 1015 - A6,JA179 1015 - A6,no,yes,yes
Clea Mini Dress,Size: 18,48f5427d-20b8-4d1d-b4ee-e2ec1e83736a,10606941995313,53129276031281,55230912069937,JA179 1015 - A6-8,JA179 1015 - A6,JA179 1015 - A6,no,yes,yes
Clea Mini Dress,Size: L,d50096c6-2a6d-4a8b-b79c-0790f901f17a,10606941995313,53102986166577,55204570890545,JA179 1015 - A6-5,JA179 1015 - A6,JA179 1015 - A6,no,yes,yes
Clea Mini Dress,Size: M,cac9c8a9-e58d-4de2-963c-d765e0b2a036,10606941995313,53102986133809,55204570857777,JA179 1015 - A6-4,JA179 1015 - A6,JA179 1015 - A6,no,yes,yes
Clea Mini Dress,Size: S,d7e0d109-e044-4565-986f-be6292a29da7,10606941995313,53102986101041,55204570825009,JA179 1015 - A6-3,JA179 1015 - A6,JA179 1015 - A6,no,yes,yes
Clea Mini Dress,Size: XL,d7f7a47f-8e2f-4329-9c99-ce722eb951cb,10606941995313,53102986199345,55204570923313,JA179 1015 - A6-6,JA179 1015 - A6,JA179 1015 - A6,no,yes,yes
Clea Mini Dress,Size: XS,85d5c4b7-9fab-48d9-b60e-a2dc9aa8a1c0,10606941995313,53102986068273,55204570792241,JA179 1015 - A6-2,JA179 1015 - A6,JA179 1015 - A6,no,yes,yes
Clementine Lace Mini Dress - Antique Lace,Size: L,366e1842-b08d-4b63-a5bd-7ddc7686de1a,6806683549853,40320415793309,42416488120477,mkt-48,mkt,mkt,no,yes,yes
Clementine Lace Mini Dress - Antique Lace,Size: XL,9ba5c547-0dd5-4ea8-a637-2da34a3b6b29,6806683549853,42670700724381,44768573849757,mkt-49,mkt,mkt,no,yes,yes
Clementine Midi Dress - Green,Size: L,aee1cbaa-6e71-404b-b214-157f09ed4ef7,10111115755825,50440472133937,52496019095857,2019665-0925 - A5-5,2019665-0925 - A5,2019665-0925 - A5,no,yes,yes
Clementine Midi Dress - Green,Size: M,31641a83-ff9a-4392-a4e2-3ca3549de56e,10111115755825,50440472101169,52496019063089,2019665-0925 - A5-4,2019665-0925 - A5,2019665-0925 - A5,no,yes,yes
Clementine Midi Dress - Green,Size: S,654034ae-ae78-48e1-8a5e-ea8b0f547402,10111115755825,50440472068401,52496019030321,2019665-0925 - A5-3,2019665-0925 - A5,2019665-0925 - A5,no,yes,yes
Clementine Midi Dress - Green,Size: XS,f9ac9d17-5817-4611-8902-2a0e9bb0ea90,10111115755825,50440472035633,52496018997553,2019665-0925 - A5-2,2019665-0925 - A5,2019665-0925 - A5,no,yes,yes
Clementine Mini,Size: L,06c5b3c8-0dc9-4ff4-9ac8-8a5337c6d4d0,10111119786289,50440482390321,52496029155633,JS9516L-0925 - A5-5,JS9516L-0925 - A5,JS9516L-0925 - A5,no,yes,yes
Clementine Mini,Size: M,ab0c22c6-ca82-4c71-bc1a-b46e22d66ada,10111119786289,50440482357553,52496029122865,JS9516L-0925 - A5-4,JS9516L-0925 - A5,JS9516L-0925 - A5,no,yes,yes
Clementine Mini,Size: S,47248485-067d-4ab4-b877-e46d16191cbb,10111119786289,50440482324785,52496029090097,JS9516L-0925 - A5-3,JS9516L-0925 - A5,JS9516L-0925 - A5,no,yes,yes
Clementine Mini,Size: XS,c3e8ab7e-5e4c-41b7-a4bb-64f2d36798ea,10111119786289,50440482292017,52496029057329,JS9516L-0925 - A5-2,JS9516L-0925 - A5,JS9516L-0925 - A5,no,yes,yes
Clementine Pants - Green,Size: L,372150fe-9b43-461e-8e50-3379866f6b32,10111036490033,50438981583153,52494528020785,2019340-0925 - A5-5,2019340-0925 - A5,2019340-0925 - A5,no,yes,yes
Clementine Pants - Green,Size: M,a07acf0b-d24b-44b2-9ef5-222a8a3e1cba,10111036490033,50438981550385,52494527988017,2019340-0925 - A5-4,2019340-0925 - A5,2019340-0925 - A5,no,yes,yes
Clementine Pants - Green,Size: S,661c73f2-6e48-44ec-9c32-c0f036bce280,10111036490033,50438981517617,52494527955249,2019340-0925 - A5-3,2019340-0925 - A5,2019340-0925 - A5,no,yes,yes
Clementine Pants - Green,Size: XS,805c1570-7c4c-495d-9521-61f6e0e4df26,10111036490033,50438981484849,52494527922481,2019340-0925 - A5-2,2019340-0925 - A5,2019340-0925 - A5,no,yes,yes
Clementine Shirt - Green,Size: L,889e300a-5891-43bc-a5df-ca037ef72ae9,10140089221425,50558089724209,52621745422641,2019356#925 - A5-5,2019356#925 - A5,2019356#925 - A5,no,yes,yes
Clementine Shirt - Green,Size: M,42d6e47d-e6e8-42b8-ad39-6a296f4f9425,10140089221425,50558089691441,52621745389873,2019356#925 - A5-4,2019356#925 - A5,2019356#925 - A5,no,yes,yes
Clementine Shirt - Green,Size: S,8378da29-8b10-4831-9a16-c7da76d6d45e,10140089221425,50558089658673,52621745357105,2019356#925 - A5-3,2019356#925 - A5,2019356#925 - A5,no,yes,yes
Clementine Shirt - Green,Size: XS,9cfbb5a2-0d5c-4f7b-8f1f-ccccb6379ffb,10140089221425,50558089625905,52621745324337,2019356#925 - A5-2,2019356#925 - A5,2019356#925 - A5,no,yes,yes
Clementine Snow leopard Top,Size: L,4e18dd6e-2d84-43c7-bf37-69815a6c8279,4631886757984,32301379092576,33886829969504,LOLE7066-21 - B6-3,LOLE7066-21 - B6,LOLE7066-21 - B6,no,yes,yes
Clementine Snow leopard Top,Size: M,b1c3a859-9a29-4c35-88da-db5c61914d50,4631886757984,32301379059808,33886829936736,LOLE7066-21 - B6-2,LOLE7066-21 - B6,LOLE7066-21 - B6,no,yes,yes
Clementine Snow leopard Top,Size: XL,d9fb2099-a53a-451a-951f-f481c86849e1,4631886757984,32301379125344,33886830002272,LOLE7066-21 - B6-4,LOLE7066-21 - B6,LOLE7066-21 - B6,no,yes,yes
Coco white shirt,Size: 10,540f3736-9f57-41b6-b960-9cd4b2a4b48d,4631884005472,32301371097184,33886821285984,180125 - B2-3,180125 - B2,180125 - B2,no,yes,yes
Coco white shirt,Size: 12,32964836-32a7-4fe9-a02a-b123d694625b,4631884005472,40285833396381,42381895631005,180125 - B2-4,180125 - B2,180125 - B2,no,yes,yes
Coco white shirt,Size: 14,b88262dd-b0a9-4a2c-8a53-5116e40f20ec,4631884005472,40285834412189,42381896646813,180125 - B2-5,180125 - B2,180125 - B2,no,yes,yes
Coco white shirt,Size: 8,3ba082b0-cc68-468a-b1f3-56d5a5cd2f98,4631884005472,32301371064416,33886821253216,180125 - B2-2,180125 - B2,180125 - B2,no,yes,yes
Coffee & Sun Playsuit - By Frankie,Size: L,06a7a975-5473-4bc9-b74f-7cddf0f76d7f,10135074111793,50539234525489,52601261064497,1039-22 - B12-5,1039-22 - B12,1039-22 - B12,no,yes,yes
Coffee & Sun Playsuit - By Frankie,Size: M,d8cfc667-8f0f-4a6b-bf67-a88759cce000,10135074111793,50539234492721,52601261031729,1039-22 - B12-4,1039-22 - B12,1039-22 - B12,no,yes,yes
Coffee & Sun Playsuit - By Frankie,Size: S,ff7bff64-9bc7-4874-b0d4-ac9365366e49,10135074111793,50539234459953,52601260998961,1039-22 - B12-3,1039-22 - B12,1039-22 - B12,no,yes,yes
Coffee & Sun Playsuit - By Frankie,Size: XS,1833035e-97d0-4762-a899-2413538e9c66,10135074111793,50539234427185,52601260966193,1039-22 - B12-2,1039-22 - B12,1039-22 - B12,no,yes,yes
Colette Linen Blouse - Earth,Size: L,53bcff8c-4e16-48ea-bf16-aa20c1bf2771,10249950396721,51233170129201,53301457355057,JA576-001 - H-5,JA576-001 - H,JA576-001 - H,no,yes,yes
Colette Linen Blouse - Earth,Size: M,6d17be42-6de8-458c-bbfd-d6f1ee236dfd,10249950396721,51233170096433,53301457322289,JA576-001 - H-4,JA576-001 - H,JA576-001 - H,no,yes,yes
Colette Linen Blouse - Earth,Size: S,99ce189d-499b-410f-8da1-9813827788a7,10249950396721,51233170063665,53301457289521,JA576-001 - H-3,JA576-001 - H,JA576-001 - H,no,yes,yes
Colette Linen Blouse - Earth,Size: XS,d2c682bb-1033-4273-901f-671a3fe4da63,10249950396721,51233170030897,53301457256753,JA576-001 - H-2,JA576-001 - H,JA576-001 - H,no,yes,yes
Cowgirls Forever Jumper - By Frankie,Size: L,3ed63bf3-39b1-4409-a866-9e590045e1b1,10744993055025,55500313133361,57615285584177,782-2 - A20-5,782-2 - A20,782-2 - A20,no,yes,yes
Cowgirls Forever Jumper - By Frankie,Size: M,d17dbfce-6021-4ee9-9eae-8321992fee38,10744993055025,55500313100593,57615285551409,782-2 - A20-4,782-2 - A20,782-2 - A20,no,yes,yes
Cowgirls Forever Jumper - By Frankie,Size: S,ec577a2f-eb51-4fe7-978a-12fd6b957f0a,10744993055025,55500313067825,57615285518641,782-2 - A20-3,782-2 - A20,782-2 - A20,no,yes,yes
Cowgirls Forever Jumper - By Frankie,Size: XS,89898656-7ca6-4cff-be91-d4201cd455b4,10744993055025,55500313035057,57615285485873,782-2 - A20-2,782-2 - A20,782-2 - A20,no,yes,yes
Cowgirls Tee - By Frankie,Size: L,5c0aefbf-efcf-4988-8dc6-120663e69cb1,10606973485361,53105003168049,55206591496497,750-2T - A15-5,750-2T - A15,750-2T - A15,no,yes,yes
Cowgirls Tee - By Frankie,Size: M,31f531c0-5c14-4d81-ae2c-95f49e52d4c8,10606973485361,53105003135281,55206591463729,750-2T - A15-4,750-2T - A15,750-2T - A15,no,yes,yes
Cowgirls Tee - By Frankie,Size: S,ad2c2853-5b4a-4e26-893e-62f3fbeac946,10606973485361,53105003102513,55206591430961,750-2T - A15-3,750-2T - A15,750-2T - A15,no,yes,yes
Cowgirls Tee - By Frankie,Size: XS,a216fab7-c758-48c8-bfbb-a3eec4653380,10606973485361,53105003069745,55206591398193,750-2T - A15-2,750-2T - A15,750-2T - A15,no,yes,yes
Crouching Tiger Tee - By Frankie,Size: L,8505a0dd-5d13-4b3a-8e7f-b0fc28607e32,10743574036785,55476940734769,57591717593393,610-48T - A20-5,610-48T - A20,610-48T - A20,no,yes,yes
Crouching Tiger Tee - By Frankie,Size: M,76d13d90-8b96-4af8-87ed-f6c4dd32c9cd,10743574036785,55476940702001,57591717560625,610-48T - A20-4,610-48T - A20,610-48T - A20,no,yes,yes
Crouching Tiger Tee - By Frankie,Size: S,b16650c7-994b-4c6e-9810-b47e4780e2fb,10743574036785,55476940669233,57591717527857,610-48T - A20-3,610-48T - A20,610-48T - A20,no,yes,yes
Crouching Tiger Tee - By Frankie,Size: XS,835f8900-56d2-4a59-a46f-c4dbccf83fd9,10743574036785,55476940636465,57591717495089,610-48T - A20-2,610-48T - A20,610-48T - A20,no,yes,yes
Crouching Tiger Tee Cream - By Frankie,Size: L,6a6ec9a3-0e22-47a7-94af-b2e2664da5c0,10743540613425,55475327861041,57590102130993,610-49T - A20-5,610-49T - A20,610-49T - A20,no,yes,yes
Crouching Tiger Tee Cream - By Frankie,Size: M,3a9204c3-1227-47dc-af7a-08de6cb7ed68,10743540613425,55475327828273,57590102098225,610-49T - A20-4,610-49T - A20,610-49T - A20,no,yes,yes
Crouching Tiger Tee Cream - By Frankie,Size: S,4e382228-211f-411c-a0af-9ed42f2884be,10743540613425,55475327795505,57590102065457,610-49T - A20-3,610-49T - A20,610-49T - A20,no,yes,yes
Crouching Tiger Tee Cream - By Frankie,Size: XS,8e2c66d4-3a06-4acf-9c12-4df73bcf9d24,10743540613425,55475327762737,57590102032689,610-49T - A20-2,610-49T - A20,610-49T - A20,no,yes,yes
Cybele Maxi Dress - Green,Size: L,c9868bbb-1169-4516-a8be-858500ebb392,9837529923889,49514926899505,51562024632625,JS-20191063B-1050 - A8-5,JS-20191063B-1050 - A8,JS-20191063B-1050 - A8,no,yes,yes
Cybele Maxi Dress - Green,Size: M,8950c91a-ec17-400e-be0c-ebc3274e4106,9837529923889,49514926866737,51562024599857,JS-20191063B-1050 - A8-4,JS-20191063B-1050 - A8,JS-20191063B-1050 - A8,no,yes,yes
Cybele Maxi Dress - Green,Size: S,91f8d110-ffad-437e-9553-3628b88c9ec2,9837529923889,49514926833969,51562024567089,JS-20191063B-1050 - A8-3,JS-20191063B-1050 - A8,JS-20191063B-1050 - A8,no,yes,yes
Cybele Maxi Dress - Green,Size: XS,fac892db-7e0d-4a82-9ed5-9e17614ee0b5,9837529923889,49514926801201,51562024534321,JS-20191063B-1050 - A8-2,JS-20191063B-1050 - A8,JS-20191063B-1050 - A8,no,yes,yes
Dani Knit Cross Over Top - Black,Size: M/L,63e9cb75-546a-4be1-bb6f-f8a370f58c53,7335070400669,49583960097073,51631054782769,081 - A14-2,081 - A14,081 - A14,no,yes,yes
Dani Knit Cross Over Top - White,Size: M/L,24d27b36-6d6c-467a-bc7d-9ca79b0a31f1,7335070105757,49943066149169,51992787091761,081 - A14-4,081 - A14,081 - A14,no,yes,yes
Dani Knit Cross Over Top - White,Size: S/M,4ef2337e-1fe8-4972-a938-16f1a94b5c06,7335070105757,42160907550877,44259510976669,081 - A14-3,081 - A14,081 - A14,no,yes,yes
Danika Cotton Shirt Mini Dress - White,Size: L,702e6c18-4384-4590-86d8-7ef197f230a9,10103617552689,50396929884465,52451729867057,K-005 - A12-5,K-005 - A12,K-005 - A12,no,yes,yes
Danika Cotton Shirt Mini Dress - White,Size: M,69e05699-ac5e-4e81-a1f2-7b8fea8b774a,10103617552689,50396929851697,52451729834289,K-005 - A12-4,K-005 - A12,K-005 - A12,no,yes,yes
Danika Cotton Shirt Mini Dress - White,Size: S,c4991b90-ef4e-4e18-b07f-8ddf4d2292a1,10103617552689,50396929818929,52451729801521,K-005 - A12-3,K-005 - A12,K-005 - A12,no,yes,yes
Danika Cotton Shirt Mini Dress - White,Size: XS,5ddb596f-6834-4811-84f7-c66f44b0ccaf,10103617552689,50396929786161,52451729768753,K-005 - A12-2,K-005 - A12,K-005 - A12,no,yes,yes
Danika Maxi Dress - Mint / Pink,Size: 10,afbd790c-3d0e-4f80-814b-6ab5826b5326,9349416681777,48329463234865,50376379269425,201160-23 - A8-4,201160-23 - A8,201160-23 - A8,no,yes,yes
Danika Maxi Dress - Mint / Pink,Size: 12,26e81889-12ff-4866-8394-8ce1aac14a7a,9349416681777,48329463267633,50376379302193,201160-23 - A8-5,201160-23 - A8,201160-23 - A8,no,yes,yes
Danika Maxi Dress - Mint / Pink,Size: 14,046d36d3-222e-4389-a50d-4632847d1779,9349416681777,48329463300401,50376379334961,201160-23 - A8-6,201160-23 - A8,201160-23 - A8,no,yes,yes
Danika Maxi Dress - Mint / Pink,Size: 6,a9c149a6-091d-45a7-a0ef-df82eb764eb7,9349416681777,48329463169329,50376379203889,201160-23 - A8-2,201160-23 - A8,201160-23 - A8,no,yes,yes
Danika Maxi Dress - Mint / Pink,Size: 8,cc82517e-91fe-47b6-9dc6-732f553c5460,9349416681777,48329463202097,50376379236657,201160-23 - A8-3,201160-23 - A8,201160-23 - A8,no,yes,yes
Daphne Long Dress - White - GDS,Size: L,10837c8c-b256-4c84-ace1-ec4cea70649c,8726041198897,46268577415473,48315553612081,2805097 Box 7 GDS-10,2805097 Box 7 GDS,2805097 Box 7 GDS,no,yes,yes
Daphne Long Dress - White - GDS,Size: M,9c157231-c839-440e-a4fc-c73d102c3862,8726041198897,46268577382705,48315553579313,2805097 Box 7 GDS-9,2805097 Box 7 GDS,2805097 Box 7 GDS,no,yes,yes
Daphne Long Dress - White - GDS,Size: S,ba054b39-418c-4566-8889-cf7bbfdc60d3,8726041198897,46268577349937,48315553546545,2805097 Box 7 GDS-8,2805097 Box 7 GDS,2805097 Box 7 GDS,no,yes,yes
Daphne Long Dress - White - GDS,Size: XS,d004767d-5e19-4450-9192-23d1653b5dae,8726041198897,46268577317169,48315553513777,2805097 Box 7 GDS-7,2805097 Box 7 GDS,2805097 Box 7 GDS,no,yes,yes
Daphne Midi Dress - Lime - GDS,Size: L,4d2a96d8-38c3-44e4-a13c-4454a9cd2ec7,8726038741297,46268569518385,48315545747761,2805097 Box 7 GDS-5,2805097 Box 7 GDS,2805097 Box 7 GDS,no,yes,yes
Daphne Midi Dress - Lime - GDS,Size: M,1c95ff30-03c7-4460-9067-9b6d67a396c2,8726038741297,46268569485617,48315545714993,2805097 Box 7 GDS-4,2805097 Box 7 GDS,2805097 Box 7 GDS,no,yes,yes
Daphne Midi Dress - Lime - GDS,Size: S,176a8096-0990-4b9b-9405-75fd8027b473,8726038741297,46268569452849,48315545682225,2805097 Box 7 GDS-3,2805097 Box 7 GDS,2805097 Box 7 GDS,no,yes,yes
Daphne Midi Dress - Lime - GDS,Size: XL,92dd5240-b34d-4ae0-a11d-afebe99ca332,8726038741297,46268569551153,48315545780529,2805097 Box 7 GDS-6,2805097 Box 7 GDS,2805097 Box 7 GDS,no,yes,yes
Daphne Midi Dress - Lime - GDS,Size: XS,b8956090-2bac-44da-b837-c9f5e5c712cb,8726038741297,46268569420081,48315545649457,2805097 Box 7 GDS-2,2805097 Box 7 GDS,2805097 Box 7 GDS,no,yes,yes
Darcy Denim Shirt - By Frankie,Size: L,c463d83f-bf37-431f-aa1c-f02fe6ea9308,10138641563953,50552291524913,52615562756401,MKT-14,MKT,MKT,no,yes,yes
Darcy Denim Shirt - By Frankie,Size: M,fb5f162c-0658-40fb-90d1-fa52723d7ab9,10138641563953,50552291492145,52615562723633,MKT-13,MKT,MKT,no,yes,yes
Darcy Denim Shirt - By Frankie,Size: S,65abe9cf-f7b0-450f-94fa-f186f7644072,10138641563953,50552291459377,52615562690865,MKT-12,MKT,MKT,no,yes,yes
Darcy Denim Shirt - By Frankie,Size: XL,665d1f90-9bc5-4856-af56-d156b9626ad3,10138641563953,50552291557681,52615562789169,MKT-15,MKT,MKT,no,yes,yes
Darcy Denim Shirt - By Frankie,Size: XS,7ece6531-a218-4232-94c6-899726c7a553,10138641563953,50552291426609,52615562658097,MKT-11,MKT,MKT,no,yes,yes
Darcy Detailed Denim Shorts - By Frankie,Size: L,d75ad013-ef35-4a0f-92cf-8874db14b486,10138614399281,50552233165105,52615502332209,1256 - A14-5,1256 - A14,1256 - A14,no,yes,yes
Darcy Detailed Denim Shorts - By Frankie,Size: M,3a096ad6-c57e-4908-8add-1d0099812dfb,10138614399281,50552233132337,52615502299441,1256 - A14-4,1256 - A14,1256 - A14,no,yes,yes
Darcy Detailed Denim Shorts - By Frankie,Size: S,b78b7117-1a52-4a53-ae30-09e9fdc774c4,10138614399281,50552233099569,52615502266673,1256 - A14-3,1256 - A14,1256 - A14,no,yes,yes
Darcy Detailed Denim Shorts - By Frankie,Size: XS,46c32855-7653-4099-b8f1-cb5f0df9f300,10138614399281,50552233066801,52615502233905,1256 - A14-2,1256 - A14,1256 - A14,no,yes,yes
Dark Blue Denim Set - By Frankie,Size: L,3bd90056-34c3-4647-a05a-44c5d6bfa871,10197279113521,50763190665521,52832782516529,146-1 - BF4-5,146-1 - BF4,146-1 - BF4,no,yes,yes
Dark Blue Denim Set - By Frankie,Size: M,abc4a3fc-2f63-4c1a-a130-7ef205c44126,10197279113521,50763190632753,52832782483761,146-1 - BF4-4,146-1 - BF4,146-1 - BF4,no,yes,yes
Dark Blue Denim Set - By Frankie,Size: S,2777aa09-fae0-46ff-911e-b13a68883249,10197279113521,50763190599985,52832782450993,146-1 - BF4-3,146-1 - BF4,146-1 - BF4,no,yes,yes
Dark Blue Denim Set - By Frankie,Size: XS,8667764a-cf1f-490c-9849-3527ef5d0a5d,10197279113521,50763190567217,52832782418225,146-1 - BF4-2,146-1 - BF4,146-1 - BF4,no,yes,yes
Darla Mini Dress - Pink,Size: L,db223086-087b-455c-83dd-5da2b1952f37,10095132934449,50370982969649,52424954773809,JS2023044-1091 - A1-5,JS2023044-1091 - A1,JS2023044-1091 - A1,no,yes,yes
Darla Mini Dress - Pink,Size: M,226b4c14-bdab-41c2-b00e-93eb8dbfb5d0,10095132934449,50370982936881,52424954741041,JS2023044-1091 - A1-4,JS2023044-1091 - A1,JS2023044-1091 - A1,no,yes,yes
Darla Mini Dress - Pink,Size: S,2a3df300-0a35-4f57-a099-464495ca51e4,10095132934449,50370982904113,52424954708273,JS2023044-1091 - A1-3,JS2023044-1091 - A1,JS2023044-1091 - A1,no,yes,yes
Darla Mini Dress - Pink,Size: XS,e3483d98-2b94-428b-a113-9605f31f8149,10095132934449,50370982871345,52424954675505,JS2023044-1091 - A1-2,JS2023044-1091 - A1,JS2023044-1091 - A1,no,yes,yes
Day Dream Pants - Aqua/Blue,Size: 10,6a67d4ca-b0cc-4e11-a4b5-2396f089ea4c,7285254455453,41979070447773,44077553680541,A56077 - F-2,A56077 - F,A56077 - F,no,yes,yes
Day Dream Pants - Aqua/Blue,Size: 12,d2574c6f-8aea-40aa-97d1-f68f31cf3072,7285254455453,41979070480541,44077553713309,A56077 - F-3,A56077 - F,A56077 - F,no,yes,yes
Day Dream Pants - Aqua/Blue,Size: 14,383f3f0d-02e8-4d2d-8dab-1767ed28b41b,7285254455453,41979070513309,44077553746077,A56077 - F-4,A56077 - F,A56077 - F,no,yes,yes
Day Dream Pants - Aqua/Blue,Size: 16,7620b66f-6a8b-471a-9332-19fc7b3b179a,7285254455453,42965122646173,45063786725533,A56077 - F-5,A56077 - F,A56077 - F,no,yes,yes
Dea Mini Dress - White Floral,Size: L,d43d3a73-0f7c-466f-beff-0baca15a5c5d,7323589050525,42119836860573,44218817478813,JS9229NS - I-4,JS9229NS - I,JS9229NS - I,no,yes,yes
Dea Mini Dress - White Floral,Size: M,3516f7ac-d4c1-4ba4-bf03-286d10cac397,7323589050525,42119836827805,44218817446045,JS9229NS - I-3,JS9229NS - I,JS9229NS - I,no,yes,yes
Dea Mini Dress - White Floral,Size: S,c11d6a8b-8a64-4191-806f-38bda9fc4d59,7323589050525,42119836795037,44218817413277,JS9229NS - I-2,JS9229NS - I,JS9229NS - I,no,yes,yes
Dea Mini Dress - White Floral,Size: XL,43c07ded-7941-49c7-bde4-3a33ecff03fc,7323589050525,42119836893341,44218817511581,JS9229NS - I-5,JS9229NS - I,JS9229NS - I,no,yes,yes
Dea Top - White Floral,Size: L,11f2e568-3ef8-43b1-8311-4b333b439a96,7323586986141,42119828144285,44218808762525,201962-785 - T4-4,201962-785 - T4,201962-785 - T4,no,yes,yes
Dea Top - White Floral,Size: M,4c2b55b9-77b2-4233-a24d-6f1b3f160a28,7323586986141,42119828111517,44218808729757,201962-785 - T4-3,201962-785 - T4,201962-785 - T4,no,yes,yes
Dea Top - White Floral,Size: S,62d8829a-5370-4dfb-8de2-a4c994524d15,7323586986141,42119828078749,44218808696989,201962-785 - T4-2,201962-785 - T4,201962-785 - T4,no,yes,yes
Dea Top - White Floral,Size: XL,6cab5c78-5bab-4df4-8c68-c04af47adfdb,7323586986141,42119828177053,44218808795293,201962-785 - T4-5,201962-785 - T4,201962-785 - T4,no,yes,yes
Deanne Midi Dress - Orange/Blue,Size: 10,b5359652-ecda-4030-863a-55b3c55ac7f2,8838067323185,46723723559217,48771761832241,201911A-20 - A14-3,201911A-20 - A14,201911A-20 - A14,no,yes,yes
Deanne Midi Dress - Orange/Blue,Size: 12,b6d4e86a-3e90-4f6f-b256-e8e81cddcf45,8838067323185,46723723591985,48771761865009,201911A-20 - A14-4,201911A-20 - A14,201911A-20 - A14,no,yes,yes
Deanne Midi Dress - Orange/Blue,Size: 14,457ef810-62b6-4cb2-ad73-573dcffb27bc,8838067323185,46723723624753,48771761897777,201911A-20 - A14-5,201911A-20 - A14,201911A-20 - A14,no,yes,yes
Deanne Midi Dress - Orange/Blue,Size: 8,a1200984-25fd-4df8-96a0-2107a0d4c2c1,8838067323185,46723723526449,48771761799473,201911A-20 - A14-2,201911A-20 - A14,201911A-20 - A14,no,yes,yes
Dee High - Low Top White/Beige,Size: M/L,6c75f0bb-454a-41d8-a488-8ce94ffcd20e,6896984686749,40618018865309,42714449051805,1552 Old Box 1-2,1552 Old Box 1,1552 Old Box 1,no,yes,yes
Delaware Jumpsuit - Blue,Size: 10,02f7db17-944d-4d6e-919f-a10e8625eee4,10238567383345,51208815673649,53278367646001,2011974-9 - B-3,2011974-9 - B,2011974-9 - B,no,yes,yes
Delaware Jumpsuit - Blue,Size: 12,d42c9c3b-ec7d-4d65-926a-3634bcc0c138,10238567383345,51208815706417,53278367678769,2011974-9 - B-4,2011974-9 - B,2011974-9 - B,no,yes,yes
Delaware Jumpsuit - Blue,Size: 14,20388d5b-c6ab-4b9c-8352-75b2f7dca132,10238567383345,51208815739185,53278367711537,2011974-9 - B-5,2011974-9 - B,2011974-9 - B,no,yes,yes
Delaware Jumpsuit - Blue,Size: 8,1b975bec-8aba-48c1-9ed8-8ad77f2c9367,10238567383345,51208815640881,53278367613233,2011974-9 - B-2,2011974-9 - B,2011974-9 - B,no,yes,yes
Delaware Maxi Dress - Blue,Size: 10,d39bb569-91bf-4650-9dc4-812d42e3827f,9675058250033,49168842162481,51216140075313,2011471A-5 - C4-3,2011471A-5 - C4,2011471A-5 - C4,no,yes,yes
Delaware Maxi Dress - Blue,Size: 12,ce3e3e6f-d81b-45e2-8bbb-565217c328c2,9675058250033,49168842195249,51216140108081,2011471A-5 - C4-4,2011471A-5 - C4,2011471A-5 - C4,no,yes,yes
Delaware Maxi Dress - Blue,Size: 14,2d81334f-91ce-4049-a083-f290569be3de,9675058250033,49168842228017,51216140140849,2011471A-5 - C4-5,2011471A-5 - C4,2011471A-5 - C4,no,yes,yes
Delaware Maxi Dress - Blue,Size: 8,9bfd997d-0994-41b2-b068-2d36e153136f,9675058250033,49168842129713,51216140042545,2011471A-5 - C4-2,2011471A-5 - C4,2011471A-5 - C4,no,yes,yes
Delaware Mini Dress - Blue/White,Size: 10,b4b83bd7-22a0-45e1-8df7-502083dd56e5,9675079942449,49168882336049,51216180248881,2011951-3 - C4-3,2011951-3 - C4,2011951-3 - C4,no,yes,yes
Delaware Mini Dress - Blue/White,Size: 12,ee38a49c-fe01-4d97-9849-ada15704bce0,9675079942449,49168882368817,51216180281649,2011951-3 - C4-4,2011951-3 - C4,2011951-3 - C4,no,yes,yes
Delaware Mini Dress - Blue/White,Size: 14,d701caaa-2eef-412c-a876-16506bf0defe,9675079942449,49168882401585,51216180314417,2011951-3 - C4-5,2011951-3 - C4,2011951-3 - C4,no,yes,yes
Delaware Mini Dress - Blue/White,Size: 8,ef113eb6-376b-4c48-9f21-cf05f0a49ee9,9675079942449,49168882303281,51216180216113,2011951-3 - C4-2,2011951-3 - C4,2011951-3 - C4,no,yes,yes
Delaware Shirt Dress - Blue/white,Size: 10,3e5fc970-9d38-4653-abca-c2b234f68790,10238578753841,51208854470961,53278406410545,2012120-3 - B-3,2012120-3 - B,2012120-3 - B,no,yes,yes
Delaware Shirt Dress - Blue/white,Size: 12,22456f02-00d1-424c-a109-af0ddb72580b,10238578753841,51208854503729,53278406443313,2012120-3 - B-4,2012120-3 - B,2012120-3 - B,no,yes,yes
Delaware Shirt Dress - Blue/white,Size: 14,9631cc5b-2f1c-405a-a6bd-c463095f95f7,10238578753841,51208854536497,53278406476081,2012120-3 - B-5,2012120-3 - B,2012120-3 - B,no,yes,yes
Delaware Shirt Dress - Blue/white,Size: 8,e05b6c92-b290-4139-b224-d8cee893222c,10238578753841,51208854438193,53278406377777,2012120-3 - B-2,2012120-3 - B,2012120-3 - B,no,yes,yes
Delphine Linen Skirt - Black,Size: 10,93df4597-4699-489a-81ea-482f4a9a79ca,7334462750877,42157659291805,44256260325533,A9363-1 - B2-2,A9363-1 - B2,A9363-1 - B2,no,yes,yes
Delphine Linen Skirt - Black,Size: 12,5e69693f-e509-437a-8c86-f1011a1ef5f7,7334462750877,42157659324573,44256260358301,A9363-1 - B2-3,A9363-1 - B2,A9363-1 - B2,no,yes,yes
Delphine Linen Skirt - Black,Size: 14,7b95c613-aea3-44ed-b17f-4fc6e0f316bb,7334462750877,42157659357341,44256260391069,A9363-1 - B2-4,A9363-1 - B2,A9363-1 - B2,no,yes,yes
Delphine Linen Skirt - White,Size: 10,82f7dcfd-92e5-4338-b155-3078866e8953,7334431162525,42157552402589,44256152584349,A9363-1 - B7-2,A9363-1 - B7,A9363-1 - B7,no,yes,yes
Delphine Linen Skirt - White,Size: 12,b5343a0a-fbec-4903-a331-dc4757a257b3,7334431162525,42157552435357,44256152617117,A9363-1 - B7-3,A9363-1 - B7,A9363-1 - B7,no,yes,yes
Delphine Linen Skirt - White,Size: 14,3dcce628-0124-4465-a73d-22e8130565fc,7334431162525,42157552468125,44256152649885,A9363-1 - B7-4,A9363-1 - B7,A9363-1 - B7,no,yes,yes
Delphine Mini Skirt - Pink/Blue/Purple,Size: 10,297701a0-f9c6-4e76-ad6c-9c8c284d7ff6,7285271494813,41979110359197,44077599424669,A60058 - E-2,A60058 - E,A60058 - E,no,yes,yes
Delphine Mini Skirt - Pink/Blue/Purple,Size: 12,1ddf566b-d714-45ea-b8a5-52c1aedbb35e,7285271494813,41979110391965,44077599457437,A60058 - E-3,A60058 - E,A60058 - E,no,yes,yes
Delphine Mini Skirt - Pink/Blue/Purple,Size: 14,35f071ae-82d1-4309-b446-2d8a0ece7a69,7285271494813,41979110424733,44077599490205,A60058 - E-4,A60058 - E,A60058 - E,no,yes,yes
Delphine Skirt- Pink/Yellow,Size: 10,e2962f0c-622d-4e00-b8b1-5d52f2bcd173,7285297447069,41979167080605,44077656146077,A60058 - E-6,A60058 - E,A60058 - E,no,yes,yes
Delphine Skirt- Pink/Yellow,Size: 12,db82ac75-161f-452e-8212-73980664affe,7285297447069,41979167113373,44077656178845,A60058 - E-7,A60058 - E,A60058 - E,no,yes,yes
Delphine Skirt- Pink/Yellow,Size: 14,ffbb6e27-091c-4f85-9574-babe86d506fd,7285297447069,42002004246685,44100518051997,A60058 - E-8,A60058 - E,A60058 - E,no,yes,yes
Delphine Skirt- Pink/Yellow,Size: 8,12c8b953-3919-4121-b408-eaf5f111a40b,7285297447069,41979167015069,44077656080541,A60058 - E-5,A60058 - E,A60058 - E,no,yes,yes
Delta Skirt - Multicolour,Size: L,ec89a43c-a88a-4632-bc2a-b8abb434abb2,8067084615985,44172306612529,46219920507185,GDS Skirt 123 - C5-4,GDS Skirt 123 - C5,GDS Skirt 123 - C5,no,yes,yes
Delta Skirt - Multicolour,Size: M,80a6f613-ca11-4b01-ab79-3620fce4092b,8067084615985,44172306579761,46219920474417,GDS Skirt 123 - C5-3,GDS Skirt 123 - C5,GDS Skirt 123 - C5,no,yes,yes
Delta Skirt - Multicolour,Size: S,eb30d3e0-8d35-4124-aaf7-9bf58670de67,8067084615985,44172305957169,46219919851825,GDS Skirt 123 - C5-2,GDS Skirt 123 - C5,GDS Skirt 123 - C5,no,yes,yes
Delta Skirt - Multicolour,Size: XL,b709b9e8-b569-448a-b3a7-f365c7040778,8067084615985,44172306645297,46219920539953,GDS Skirt 123 - C5-5,GDS Skirt 123 - C5,GDS Skirt 123 - C5,no,yes,yes
Dena Denim Dress - Blue,Size: 10,e3c0db05-7be4-4f15-9ff9-3274f8aab198,9991289635121,49943250370865,51992971313457,SR0558D04 - J-4,SR0558D04 - J,SR0558D04 - J,no,yes,yes
Dena Denim Dress - Blue,Size: 6,1c31a08b-120f-4da6-a833-c7fde19c9b9c,9991289635121,49943250305329,51992971247921,SR0558D04 - J-2,SR0558D04 - J,SR0558D04 - J,no,yes,yes
Dena Denim Dress - Blue,Size: 8,5121e845-573c-4295-ac41-f4fd71947b9e,9991289635121,49943250338097,51992971280689,SR0558D04 - J-3,SR0558D04 - J,SR0558D04 - J,no,yes,yes
Denii Maxi - Red,Size: L,6003c756-9849-4b16-a6bd-259afa59cdf8,9191491305777,47780672373041,49829070340401,S15 - A11-5,S15 - A11,S15 - A11,no,yes,yes
Denii Maxi - Red,Size: M,5a34f642-b394-4f23-bdf8-079f655b32ea,9191491305777,47780672340273,49829070307633,S15 - A11-4,S15 - A11,S15 - A11,no,yes,yes
Denii Maxi - Red,Size: S,dc4c9c0d-ddbd-4f5f-9d12-b485f465cf11,9191491305777,47780672307505,49829070274865,S15 - A11-3,S15 - A11,S15 - A11,no,yes,yes
Denii Maxi - Red,Size: XS,2c654ead-64f6-4c2c-8f3a-959a55d2c559,9191491305777,47780672274737,49829070242097,S15 - A11-2,S15 - A11,S15 - A11,no,yes,yes
Denim Funnel Jacket,Size: M,c76bc11b-f735-4491-ae0b-54a32b53f6cb,10771383124273,55773961453873,57891414147377,JA31856-4,JA31856,JA31856,no,yes,yes
Denim Funnel Jacket,Size: S,7f5ed9d7-cfa8-4c9b-a5ea-f4e55b5efdc8,10771383124273,55773961421105,57891414114609,JA31856-3,JA31856,JA31856,no,yes,yes
Denim Funnel Jacket,Size: XS,30927ad5-fabd-4359-8942-a23b8b95b487,10771383124273,55773961388337,57891414081841,JA31856-2,JA31856,JA31856,no,yes,yes
Denim Racer Pants - By Frankie,Size: L,9b809c8f-dd20-44b8-80e9-6473e378a764,10296082497841,51377912971569,53445392531761,526-4 - BF3-5,526-4 - BF3,526-4 - BF3,no,yes,yes
Denim Racer Pants - By Frankie,Size: M,e21867f5-836b-47bc-a2c2-446915c1d178,10296082497841,51377912938801,53445392498993,526-4 - BF3-4,526-4 - BF3,526-4 - BF3,no,yes,yes
Denim Racer Pants - By Frankie,Size: S,df104747-6156-4402-b4ab-c9f8a8339902,10296082497841,51377912906033,53445392466225,526-4 - BF3-3,526-4 - BF3,526-4 - BF3,no,yes,yes
Denim Racer Pants - By Frankie,Size: XS,8014c44c-224f-4d55-810e-2a77f7870e1a,10296082497841,51377912873265,53445392433457,526-4 - BF3-2,526-4 - BF3,526-4 - BF3,no,yes,yes
Denim Relaxed Leopard Jeans,Size: 10,01a33ba6-d024-4f02-94d6-84c4d6a2a387,10684496347441,54408816754993,56518019907889,VV11825-1 - A7-3,VV11825-1 - A7,VV11825-1 - A7,no,yes,yes
Denim Relaxed Leopard Jeans,Size: 12,6a997814-6fc7-433e-bd13-5ac1f257100d,10684496347441,54408816787761,56518019940657,VV11825-1 - A7-4,VV11825-1 - A7,VV11825-1 - A7,no,yes,yes
Denim Relaxed Leopard Jeans,Size: 14,20732427-2371-40fe-8dc2-36f2d3dcfb43,10684496347441,54408816820529,56518019973425,VV11825-1 - A7-5,VV11825-1 - A7,VV11825-1 - A7,no,yes,yes
Denim Relaxed Leopard Jeans,Size: 8,ad31c486-12d0-4832-ac48-a2f31bd97fa0,10684496347441,54408816722225,56518019875121,VV11825-1 - A7-2,VV11825-1 - A7,VV11825-1 - A7,no,yes,yes
Denim Snake Print Racer Pants  - By Frankie,Size: L,2ed8dcf1-0654-48b8-99af-dc6ee990eb92,10296183259441,51378700583217,53446177030449,526-5 - BF3-5,526-5 - BF3,526-5 - BF3,no,yes,yes
Denim Snake Print Racer Pants  - By Frankie,Size: M,56dc54b5-8d62-45ca-9e16-228f44f3d1b1,10296183259441,51378700550449,53446176997681,526-5 - BF3-4,526-5 - BF3,526-5 - BF3,no,yes,yes
Denim Snake Print Racer Pants  - By Frankie,Size: S,21174170-964c-46e0-8a7c-bd0e50dee59a,10296183259441,51378700517681,53446176964913,526-5 - BF3-3,526-5 - BF3,526-5 - BF3,no,yes,yes
Denim Snake Print Racer Pants  - By Frankie,Size: XS,9fdbaeb8-d34c-4a96-80d2-39028c97a405,10296183259441,51378700484913,53446176932145,526-5 - BF3-2,526-5 - BF3,526-5 - BF3,no,yes,yes
Denim Star Racer Pants  - By Frankie,Size: L,e1fa36b1-33ef-4795-bc0f-1681f0a5a372,10281944908081,51325734158641,53393443455281,546-1 - C1-5,546-1 - C1,546-1 - C1,no,yes,yes
Denim Star Racer Pants  - By Frankie,Size: M,43041ad8-e938-4fb7-a794-08e61043911c,10281944908081,51325734125873,53393443422513,546-1 - C1-4,546-1 - C1,546-1 - C1,no,yes,yes
Denim Star Racer Pants  - By Frankie,Size: S,e27ab398-eeff-46c5-9ccb-239b9d79617e,10281944908081,51325734093105,53393443389745,546-1 - C1-3,546-1 - C1,546-1 - C1,no,yes,yes
Denim Star Racer Pants  - By Frankie,Size: XL,06339e71-7a18-4a33-9a8b-4fdf5edd4060,10281944908081,51325734191409,53393443488049,546-1 - C1-6,546-1 - C1,546-1 - C1,no,yes,yes
Denim Star Racer Pants  - By Frankie,Size: XS,7e5c5a79-1234-49a9-adaa-4ad69256fad2,10281944908081,51325734060337,53393443356977,546-1 - C1-2,546-1 - C1,546-1 - C1,no,yes,yes
Denim Tie Set - By Frankie,Size: L,93edb7ce-0304-4d77-99cf-a32ee5cc1bae,10106682343729,50414144913713,52469140980017,232-1 - T3-5,232-1 - T3,232-1 - T3,no,yes,yes
Denim Tie Set - By Frankie,Size: M,fd00e83e-3bf1-4fe1-9958-24b547ccbda2,10106682343729,50414144880945,52469140947249,232-1 - T3-4,232-1 - T3,232-1 - T3,no,yes,yes
Denim Tie Set - By Frankie,Size: S,cbd9f0c5-7562-44b6-97c6-b523d4d8bff9,10106682343729,50414144848177,52469140914481,232-1 - T3-3,232-1 - T3,232-1 - T3,no,yes,yes
Denim Tie Set - By Frankie,Size: XS,eaff93c0-a126-42e3-92b1-9997dd835e24,10106682343729,50414144815409,52469140881713,232-1 - T3-2,232-1 - T3,232-1 - T3,no,yes,yes
Denize Mini Embroidered Dress - Purple - GDS,Size: L,353fddaa-e596-47f6-8c4c-1bf0db7b0650,8289523892529,44811986305329,46857016279345,280 2368 Box 5 GDS-4,280 2368 Box 5 GDS,280 2368 Box 5 GDS,no,yes,yes
Denize Mini Embroidered Dress - Purple - GDS,Size: M,5f7a6cb0-2b3d-45c1-93a8-345637b23b26,8289523892529,44811986272561,46857016246577,280 2368 Box 5 GDS-3,280 2368 Box 5 GDS,280 2368 Box 5 GDS,no,yes,yes
Denize Mini Embroidered Dress - Purple - GDS,Size: S,c04f9df3-df59-4071-b816-5b0a43f44a40,8289523892529,44811986239793,46857016213809,280 2368 Box 5 GDS-2,280 2368 Box 5 GDS,280 2368 Box 5 GDS,no,yes,yes
Denize Mini Embroidered Dress - Purple - GDS,Size: XL,ff3a42e1-e5e8-4c20-976e-2aa036fa9806,8289523892529,44811986338097,46857016312113,280 2368 Box 5 GDS-5,280 2368 Box 5 GDS,280 2368 Box 5 GDS,no,yes,yes
Desert Gypsy Playsuit - By Frankie,Size: L,4d09a31b-2f04-4144-937a-687bdc411feb,10135082860849,50539256152369,52601286983985,1039-55 - B12-5,1039-55 - B12,1039-55 - B12,no,yes,yes
Desert Gypsy Playsuit - By Frankie,Size: M,1f2667f8-0961-4c26-b489-5fcb95ec1a1e,10135082860849,50539256119601,52601286951217,1039-55 - B12-4,1039-55 - B12,1039-55 - B12,no,yes,yes
Desert Gypsy Playsuit - By Frankie,Size: S,b06b0529-ac35-40cb-a63f-2f9bc920f477,10135082860849,50539256086833,52601286918449,1039-55 - B12-3,1039-55 - B12,1039-55 - B12,no,yes,yes
Desert Gypsy Playsuit - By Frankie,Size: XS,f7d99de0-58fe-44dd-b4f8-0e6a76813433,10135082860849,50539256054065,52601286885681,1039-55 - B12-2,1039-55 - B12,1039-55 - B12,no,yes,yes
Desert Gypsy Set Long - By Frankie,Size: L,be1b0dc8-38ce-4b34-a4c1-3ab547c9c56b,10138568687921,50552072077617,52615338328369,826-51 - A15-5,826-51 - A15,826-51 - A15,no,yes,yes
Desert Gypsy Set Long - By Frankie,Size: M,6ce4143d-2a2e-4d53-b0c9-d7bb46ea3902,10138568687921,50552072044849,52615338295601,826-51 - A15-4,826-51 - A15,826-51 - A15,no,yes,yes
Desert Gypsy Set Long - By Frankie,Size: S,c18dfd33-4637-497b-9905-41c36a024044,10138568687921,50552072012081,52615338262833,826-51 - A15-3,826-51 - A15,826-51 - A15,no,yes,yes
Desert Gypsy Set Long - By Frankie,Size: XS,018cd2c9-80c2-41fe-8e2a-4ba2f290b91e,10138568687921,50552071979313,52615338230065,826-51 - A15-2,826-51 - A15,826-51 - A15,no,yes,yes
Dewi Kimono Cape- Aqua/Pink/Diamante,Size: 10,0ac857c4-9588-4ae3-a52b-1fddca48bfc7,6565318590621,39333313740957,41427304939677,31665-57 Old Box 1-2,31665-57 Old Box 1,31665-57 Old Box 1,no,yes,yes
Dewi Kimono Cape- Aqua/Pink/Diamante,Size: 12,f0b8b0c6-a3cb-4306-8273-ea78424160dd,6565318590621,39333313773725,41427304972445,31665-57 Old Box 1-3,31665-57 Old Box 1,31665-57 Old Box 1,no,yes,yes
Dewi Kimono Cape- Aqua/Pink/Diamante,Size: 14,b2a574d7-075f-4963-9d9f-4b36f80c0c5c,6565318590621,39333313806493,41427305005213,31665-57 Old Box 1-4,31665-57 Old Box 1,31665-57 Old Box 1,no,yes,yes
Dhalia Shorts - Orange/Pink,Size: L,5b995695-fa69-4deb-ad7e-0e679f9deedc,10043766210865,50154467524913,52206221263153,H-SJ-RS220710 -57532 - K-5,H-SJ-RS220710 -57532 - K,H-SJ-RS220710 -57532 - K,no,yes,yes
Dhalia Shorts - Orange/Pink,Size: M,271817c8-f044-4da3-b464-a1e648e4100e,10043766210865,50154467492145,52206221230385,H-SJ-RS220710 -57532 - K-4,H-SJ-RS220710 -57532 - K,H-SJ-RS220710 -57532 - K,no,yes,yes
Dhalia Shorts - Orange/Pink,Size: S,0cb5ac8a-47d2-4986-bd04-1a1157b494a9,10043766210865,50154467459377,52206221197617,H-SJ-RS220710 -57532 - K-3,H-SJ-RS220710 -57532 - K,H-SJ-RS220710 -57532 - K,no,yes,yes
Dhalia Shorts - Orange/Pink,Size: XS,9c446954-2158-4325-8701-899b1fa068f2,10043766210865,50154467426609,52206221164849,H-SJ-RS220710 -57532 - K-2,H-SJ-RS220710 -57532 - K,H-SJ-RS220710 -57532 - K,no,yes,yes
Ditta Lace Dress - Cream,Size: L,0152af4d-0d4a-45e2-a436-64c6e6b66a7b,8289537130801,44812059640113,46857089614129,Lace dress Box 5 GDS-4,Lace dress Box 5 GDS,Lace dress Box 5 GDS,no,yes,yes
Ditta Lace Dress - Cream,Size: M,0a3b5915-dda7-49fc-a8a1-753683a2db61,8289537130801,44812059607345,46857089581361,Lace dress Box 5 GDS-3,Lace dress Box 5 GDS,Lace dress Box 5 GDS,no,yes,yes
Ditta Lace Dress - Cream,Size: S,1136d154-207b-4e7f-b9ce-225c19326a31,8289537130801,44812059574577,46857089548593,Lace dress Box 5 GDS-2,Lace dress Box 5 GDS,Lace dress Box 5 GDS,no,yes,yes
Ditta Lace Dress - Cream,Size: XL,48325300-0770-4186-b26e-1460ef9041f5,8289537130801,44812059672881,46857089646897,Lace dress Box 5 GDS-5,Lace dress Box 5 GDS,Lace dress Box 5 GDS,no,yes,yes
Diya Pants  - Black/White,Size: 16,443e7d72-be97-4abe-b791-01ae0909c850,10226902139185,51215598813489,53284611195185,JS2023018-1034 - A14-7,JS2023018-1034 - A14,JS2023018-1034 - A14,no,yes,yes
Diya Pants  - Black/White,Size: 18,d792a3e7-ff2a-462c-9629-66e279f2128a,10226902139185,51215598846257,53284611227953,JS2023018-1034 - A14-8,JS2023018-1034 - A14,JS2023018-1034 - A14,no,yes,yes
Diya Pants  - Black/White,Size: L,3e7416af-5cbc-421a-979a-eda2360b8f96,10226902139185,51126201385265,53195830001969,JS2023018-1034 - A14-5,JS2023018-1034 - A14,JS2023018-1034 - A14,no,yes,yes
Diya Pants  - Black/White,Size: M,4f42a7c0-d00e-416f-bab9-b0b57141c639,10226902139185,51126201352497,53195829969201,JS2023018-1034 - A14-4,JS2023018-1034 - A14,JS2023018-1034 - A14,no,yes,yes
Diya Pants  - Black/White,Size: S,c53e8d1d-84c7-4b2b-9e89-5b361d5c43d0,10226902139185,51126201319729,53195829936433,JS2023018-1034 - A14-3,JS2023018-1034 - A14,JS2023018-1034 - A14,no,yes,yes
Diya Pants  - Black/White,Size: XL,925d3733-8dad-468e-9b9b-c6934cb52f1c,10226902139185,51126201418033,53195830034737,JS2023018-1034 - A14-6,JS2023018-1034 - A14,JS2023018-1034 - A14,no,yes,yes
Diya Pants  - Black/White,Size: XS,79c2acf0-334b-42c7-bc98-571e9ece43c6,10226902139185,51126201286961,53195829903665,JS2023018-1034 - A14-2,JS2023018-1034 - A14,JS2023018-1034 - A14,no,yes,yes
Diya Shirt - Black/White,Size: 16,f0af9bea-444a-42f8-9f81-cdffe10e4471,10226901254449,51215596290353,53284608672049,JS2023027-1034 - A14-7,JS2023027-1034 - A14,JS2023027-1034 - A14,no,yes,yes
Diya Shirt - Black/White,Size: 18,bdf3bf21-75e8-40f5-addf-e2516286551e,10226901254449,51215596323121,53284608704817,JS2023027-1034 - A14-8,JS2023027-1034 - A14,JS2023027-1034 - A14,no,yes,yes
Diya Shirt - Black/White,Size: L,fa051303-42cd-4a5c-9265-b0ab9867d624,10226901254449,51126186967345,53195815584049,JS2023027-1034 - A14-5,JS2023027-1034 - A14,JS2023027-1034 - A14,no,yes,yes
Diya Shirt - Black/White,Size: M,ce93b4f9-bbaf-4229-84f0-4c6f625b806b,10226901254449,51126186934577,53195815551281,JS2023027-1034 - A14-4,JS2023027-1034 - A14,JS2023027-1034 - A14,no,yes,yes
Diya Shirt - Black/White,Size: S,f5279c4c-9809-470a-aa7e-973527726a7e,10226901254449,51126186901809,53195815518513,JS2023027-1034 - A14-3,JS2023027-1034 - A14,JS2023027-1034 - A14,no,yes,yes
Diya Shirt - Black/White,Size: XL,44161764-8be3-4691-9db7-f22eee6c0c0a,10226901254449,51126187000113,53195815616817,JS2023027-1034 - A14-6,JS2023027-1034 - A14,JS2023027-1034 - A14,no,yes,yes
Diya Shirt - Black/White,Size: XS,99e4b314-4fc8-4ec5-9706-a86eccbe0279,10226901254449,51126186869041,53195815485745,JS2023027-1034 - A14-2,JS2023027-1034 - A14,JS2023027-1034 - A14,no,yes,yes
Dovima Mini Dress - Navy,Size: L,4e3ebdc2-68ee-4857-a252-e585f390f6a5,9909844115761,49709987627313,51757019496753,20175072#880 - H-5,20175072#880 - H,20175072#880 - H,no,yes,yes
Dovima Mini Dress - Navy,Size: M,d0cca849-bf14-4178-8f20-aca3243c655f,9909844115761,49709987594545,51757019463985,20175072#880 - H-4,20175072#880 - H,20175072#880 - H,no,yes,yes
Dovima Mini Dress - Navy,Size: S,21494581-c71c-4324-85b6-7781715b29e8,9909844115761,49709987561777,51757019431217,20175072#880 - H-3,20175072#880 - H,20175072#880 - H,no,yes,yes
Dovima Mini Dress - Navy,Size: XS,df4fcab7-dfeb-45d2-969a-932ebac415fa,9909844115761,49709987529009,51757019398449,20175072#880 - H-2,20175072#880 - H,20175072#880 - H,no,yes,yes
Dream State Bandana Set - By Frankie,Size: L,93fc0895-2518-4e39-9e79-e3d4afc934c1,10190504886577,50739859652913,52809342714161,1076-7 B12-5,1076-7 B12,1076-7 B12,no,yes,yes
Dream State Bandana Set - By Frankie,Size: M,508d009b-ea4d-42b9-a1a3-73974d4be49f,10190504886577,50739859620145,52809342681393,1076-7 B12-4,1076-7 B12,1076-7 B12,no,yes,yes
Dream State Bandana Set - By Frankie,Size: S,b8e60306-0cc4-4310-b093-a1ea75a4fea7,10190504886577,50739859587377,52809342648625,1076-7 B12-3,1076-7 B12,1076-7 B12,no,yes,yes
Dream State Bandana Set - By Frankie,Size: XS,a2e5fccb-e5b9-4b77-8958-e25b20b1e23a,10190504886577,50739859554609,52809342615857,1076-7 B12-2,1076-7 B12,1076-7 B12,no,yes,yes
Ebony Racer Pants Baby Blue,Size: L,b395a104-261f-4678-98e3-b54790109042,10684492710193,54408382382385,56517582061873,VV10583 - A15-5,VV10583 - A15,VV10583 - A15,no,yes,yes
Ebony Racer Pants Baby Blue,Size: M,96838aa8-b907-4231-a20f-7d55465a1f98,10684492710193,54408382349617,56517582029105,VV10583 - A15-4,VV10583 - A15,VV10583 - A15,no,yes,yes
Ebony Racer Pants Baby Blue,Size: S,67d684af-886d-468c-9e44-410471c3d856,10684492710193,54408382316849,56517581996337,VV10583 - A15-3,VV10583 - A15,VV10583 - A15,no,yes,yes
Ebony Racer Pants Baby Blue,Size: XS,cbf6720c-85e0-4e0f-9151-18a5677d4c5d,10684492710193,54408382284081,56517581963569,VV10583 - A15-2,VV10583 - A15,VV10583 - A15,no,yes,yes
Edwina Embellished Maxi Dress,Size: 10,52b5319c-a661-4190-ac35-7fc897a9d27b,6873658851485,40539643805853,42635902386333,32270-22 -B2-2,32270-22 -B2,32270-22 -B2,no,yes,yes
Edwina Embellished Maxi Dress,Size: 12,e4120234-cc73-4171-a0b9-21d3cf07a990,6873658851485,40539643838621,42635902419101,32270-22 -B2-3,32270-22 -B2,32270-22 -B2,no,yes,yes
Edwina Embellished Maxi Dress,Size: 14,24e12ebb-122d-4997-8cef-da46ac2d6a8d,6873658851485,40539643871389,42635902451869,32270-22 -B2-4,32270-22 -B2,32270-22 -B2,no,yes,yes
Elke Jumper - Beige,Size: S/M,477e05f7-d467-4bcc-9d06-4e60f1e5ed06,10676391477553,54259230277937,56367510094129,CA0388 CARDI BOX 2-2,CA0388 CARDI BOX 2,CA0388 CARDI BOX 2,no,yes,yes
Ella lace Blouse - Salmon Pink,Size: L,bda3f6c0-1472-4553-b398-b3514cca0d03,8006198067505,43944905638193,45994400547121,280 1403 GDS BOX 1-4,280 1403 GDS BOX 1,280 1403 GDS BOX 1,no,yes,yes
Ella lace Blouse - Salmon Pink,Size: M,2991b58c-a0fd-4a3e-9806-1049450c4c88,8006198067505,43944905605425,45994400514353,280 1403 GDS BOX 1-3,280 1403 GDS BOX 1,280 1403 GDS BOX 1,no,yes,yes
Ella lace Blouse - Salmon Pink,Size: S,34338322-0118-4686-a610-e62f7a213cec,8006198067505,43944905572657,45994400481585,280 1403 GDS BOX 1-2,280 1403 GDS BOX 1,280 1403 GDS BOX 1,no,yes,yes
Ella lace Blouse - Salmon Pink,Size: XL,7fdd94f3-444b-4338-8795-42b89b428788,8006198067505,43944905670961,45994400579889,280 1403 GDS BOX 1-5,280 1403 GDS BOX 1,280 1403 GDS BOX 1,no,yes,yes
Ella Lace Midi Dress - Off White/Cream,Size: L,e6ed4bde-37d7-4b3a-a320-531b67bdfee8,7549407953053,42810343129245,44908633850013,280 1401 Box 4 GDS-4,280 1401 Box 4 GDS,280 1401 Box 4 GDS,no,yes,yes
Ella Lace Midi Dress - Off White/Cream,Size: M,5866c400-4a81-4cc7-8b63-9c3d06b1fddb,7549407953053,42810343096477,44908633817245,280 1401 Box 4 GDS-3,280 1401 Box 4 GDS,280 1401 Box 4 GDS,no,yes,yes
Ella Lace Midi Dress - Off White/Cream,Size: S,cfe93235-a185-4fe6-94f6-8194be51e1bb,7549407953053,42810343063709,44908633784477,280 1401 Box 4 GDS-2,280 1401 Box 4 GDS,280 1401 Box 4 GDS,no,yes,yes
Ella Lace Midi Dress - Off White/Cream,Size: XL,301769f3-639d-4e00-93e7-4004f0bd1620,7549407953053,42810343162013,44908633882781,280 1401 Box 4 GDS-5,280 1401 Box 4 GDS,280 1401 Box 4 GDS,no,yes,yes
Ella Lace Midi Dress - Salmon Pink,Size: L,ffba427e-ce31-48af-a26a-6a985ddaf978,7549404709021,42810336805021,44908627722397,280 1401 Box 4 GDS-9,280 1401 Box 4 GDS,280 1401 Box 4 GDS,no,yes,yes
Ella Lace Midi Dress - Salmon Pink,Size: M,2fd3a62a-7c87-4397-ac89-d21df342f99c,7549404709021,42810336772253,44908627689629,280 1401 Box 4 GDS-8,280 1401 Box 4 GDS,280 1401 Box 4 GDS,no,yes,yes
Ella Lace Midi Dress - Salmon Pink,Size: S,139625d9-fa93-4c5e-8a68-b22df6d4e687,7549404709021,42810336739485,44908627656861,280 1401 Box 4 GDS-7,280 1401 Box 4 GDS,280 1401 Box 4 GDS,no,yes,yes
Ella Lace Midi Dress - Salmon Pink,Size: XL,3c2628c5-a797-4531-a5b2-c1afb10c36a4,7549404709021,42810336837789,44908627755165,280 1401 Box 4 GDS-10,280 1401 Box 4 GDS,280 1401 Box 4 GDS,no,yes,yes
Ella Lace Midi Dress - Salmon Pink,Size: XS,55f6a058-564e-4c8c-992b-a75c0c49e410,7549404709021,42810336706717,44908627624093,280 1401 Box 4 GDS-6,280 1401 Box 4 GDS,280 1401 Box 4 GDS,no,yes,yes
Ella Lace Mini Dress - White/Cream,Size: L,c854831a-2385-405e-97e6-b710771536b0,7549426663581,42810375995549,44908666912925,2801 402 Box 4 GDS-4,2801 402 Box 4 GDS,2801 402 Box 4 GDS,no,yes,yes
Ella Lace Mini Dress - White/Cream,Size: M,f0e85c8c-07ae-4113-a2a4-eacdbf5f8a7a,7549426663581,42810375962781,44908666880157,2801 402 Box 4 GDS-3,2801 402 Box 4 GDS,2801 402 Box 4 GDS,no,yes,yes
Ella Lace Mini Dress - White/Cream,Size: S,9684aebc-9b6a-4962-912c-2310af87c453,7549426663581,42810375930013,44908666847389,2801 402 Box 4 GDS-2,2801 402 Box 4 GDS,2801 402 Box 4 GDS,no,yes,yes
Ella Lace Mini Dress - White/Cream,Size: XL,4caa5d0b-399e-43fe-a01c-568b1064cdab,7549426663581,42810376028317,44908666945693,2801 402 Box 4 GDS-5,2801 402 Box 4 GDS,2801 402 Box 4 GDS,no,yes,yes
Ella Lace Pants - Cream/White,Size: L,0e6ab5c6-1a31-4d8c-a023-0e3e1109eb1b,8006209831217,43944928018737,45994422927665,BOX 10-4,BOX 10,BOX 10,no,yes,yes
Ella Lace Pants - Cream/White,Size: M,bf6e4458-f529-4f8a-b671-6a0a519d6d74,8006209831217,43944927985969,45994422894897,BOX 10-3,BOX 10,BOX 10,no,yes,yes
Ella Lace Pants - Cream/White,Size: S,c7fcc17b-0e51-4853-bafd-de5859169e77,8006209831217,43944927953201,45994422862129,BOX 10-2,BOX 10,BOX 10,no,yes,yes
Ella Lace Pants - Cream/White,Size: XL,92d0d905-c7c7-4e2a-b3cb-f08901f151f5,8006209831217,43944929788209,45994424697137,BOX 10-5,BOX 10,BOX 10,no,yes,yes
Ella Lace Pants - Salmon Pink,Size: L,fb13cad4-2a82-4acd-bad6-22e60af20fae,8006202622257,43944913895729,45994408804657,280 1405 Box 10-4,280 1405 Box 10,280 1405 Box 10,no,yes,yes
Ella Lace Pants - Salmon Pink,Size: M,b5358b76-236c-478d-b027-fd9308b8fd18,8006202622257,43944913862961,45994408771889,280 1405 Box 10-3,280 1405 Box 10,280 1405 Box 10,no,yes,yes
Ella Lace Pants - Salmon Pink,Size: S,b2e3ce4f-cc2f-4ec9-a5bd-99a207387d94,8006202622257,43944913830193,45994408739121,280 1405 Box 10-2,280 1405 Box 10,280 1405 Box 10,no,yes,yes
Ella Lace Pants - Salmon Pink,Size: XL,db80a2e2-780c-46d2-9473-a7c61cf48e78,8006202622257,43944929591601,45994424500529,280 1405 Box 10-5,280 1405 Box 10,280 1405 Box 10,no,yes,yes
Elle Dress - White - GDS,Size: M,7e97930d-2fe3-46af-ac62-671df3eb577a,8725724201265,46267997716785,48314973487409,2801408 Box 8 GDS MKT-3,2801408 Box 8 GDS MKT,2801408 Box 8 GDS MKT,no,yes,yes
Elle Dress - White - GDS,Size: S,642362b2-63ac-4a7b-9c4b-381258c33eb6,8725724201265,46267997684017,48314973454641,2801408 Box 8 GDS MKT-2,2801408 Box 8 GDS MKT,2801408 Box 8 GDS MKT,no,yes,yes
Elle Dress - White - GDS,Size: XS,ca8567d0-c34a-4997-ac9b-9685093a0f61,8725724201265,46267997651249,48314973421873,2801408 Box 8 GDS-2,2801408 Box 8 GDS,2801408 Box 8 GDS,no,yes,yes
Elle Linen Embroidered Midi Dress - Pink,Size: L,4f47303b-50a2-4f7b-bbbe-c48cf78aac63,8725748187441,46268029796657,48315005600049,2801408 MKT-5,2801408 MKT,2801408 MKT,no,yes,yes
Elle Linen Embroidered Midi Dress - Pink,Size: M,90f74629-851a-4ff4-a88e-1cbab79419c5,8725748187441,46268029763889,48315005567281,2801408 MKT-4,2801408 MKT,2801408 MKT,no,yes,yes
Elle Linen Embroidered Midi Dress - Pink,Size: S,a4352136-75e5-407d-ada8-923b578a5ed4,8725748187441,46268029731121,48315005534513,2801408 MKT-3,2801408 MKT,2801408 MKT,no,yes,yes
Elle Linen Embroidered Midi Dress - Pink,Size: XS,e86a32af-725f-42aa-84db-012c3b7ddd46,8725748187441,46268029698353,48315005501745,2801408 MKT-2,2801408 MKT,2801408 MKT,no,yes,yes
Ellie Blouse - Mango,Size: L,89ffd7cd-0038-4402-b596-57060e173e4a,9745218175281,49320090140977,51367089799473,JA603-RB011BC - C2-5,JA603-RB011BC - C2,JA603-RB011BC - C2,no,yes,yes
Ellie Blouse - Mango,Size: M,a16b8bd8-3485-46f5-a3ff-8ddc3f358ed4,9745218175281,49320090108209,51367089766705,JA603-RB011BC - C2-4,JA603-RB011BC - C2,JA603-RB011BC - C2,no,yes,yes
Ellie Blouse - Mango,Size: S,836e4ec4-0d72-4f09-83b5-4f477ad724f8,9745218175281,49320090075441,51367089733937,JA603-RB011BC - C2-3,JA603-RB011BC - C2,JA603-RB011BC - C2,no,yes,yes
Ellie Blouse - Mango,Size: XS,13ed2f44-2728-46a1-9f51-326b2ce7b3c8,9745218175281,49320090042673,51367089701169,JA603-RB011BC - C2-2,JA603-RB011BC - C2,JA603-RB011BC - C2,no,yes,yes
Ellie Maxi Dress - Mango,Size: 16,65651b26-87e1-435b-975b-d4646c8839e8,9745225122097,49320139030833,51367138656561,JA601-RB011BC - C2-7,JA601-RB011BC - C2,JA601-RB011BC - C2,no,yes,yes
Ellie Maxi Dress - Mango,Size: 18,db1d6059-f30d-418e-a837-390b16ca4ac0,9745225122097,49320139063601,51367138689329,JA601-RB011BC - C2-8,JA601-RB011BC - C2,JA601-RB011BC - C2,no,yes,yes
Ellie Maxi Dress - Mango,Size: L,6e5a9f10-b51c-4919-b413-c1a6a9207ccf,9745225122097,49320138965297,51367138591025,JA601-RB011BC - C2-5,JA601-RB011BC - C2,JA601-RB011BC - C2,no,yes,yes
Ellie Maxi Dress - Mango,Size: M,331710fe-d54d-4a49-98bb-e2469c4e4e72,9745225122097,49320138932529,51367138558257,JA601-RB011BC - C2-4,JA601-RB011BC - C2,JA601-RB011BC - C2,no,yes,yes
Ellie Maxi Dress - Mango,Size: S,8b0a64b5-4b6e-4339-9152-65194a7afd39,9745225122097,49320138899761,51367138525489,JA601-RB011BC - C2-3,JA601-RB011BC - C2,JA601-RB011BC - C2,no,yes,yes
Ellie Maxi Dress - Mango,Size: XL,f641b446-ee7d-4215-9eb3-120547d69705,9745225122097,49320138998065,51367138623793,JA601-RB011BC - C2-6,JA601-RB011BC - C2,JA601-RB011BC - C2,no,yes,yes
Ellie Maxi Dress - Mango,Size: XS,8fa34094-4c9b-445e-aea3-b34f2f6d0b4f,9745225122097,49320138866993,51367138492721,JA601-RB011BC - C2-2,JA601-RB011BC - C2,JA601-RB011BC - C2,no,yes,yes
Ellie Mini Dress - Mango,Size: 16,12b17d28-3466-4d1b-94b1-6f10301cf821,9745223680305,49320129003825,51367128662321,JA602-RB011BC - C2-7,JA602-RB011BC - C2,JA602-RB011BC - C2,no,yes,yes
Ellie Mini Dress - Mango,Size: 18,3e80536e-be13-448d-b992-a3429373f963,9745223680305,49320129036593,51367128695089,JA602-RB011BC - C2-8,JA602-RB011BC - C2,JA602-RB011BC - C2,no,yes,yes
Ellie Mini Dress - Mango,Size: L,d4c4bd1b-1e01-429a-ac1b-09d0aa4b5395,9745223680305,49320128938289,51367128596785,JA602-RB011BC - C2-5,JA602-RB011BC - C2,JA602-RB011BC - C2,no,yes,yes
Ellie Mini Dress - Mango,Size: M,e1b8f224-c2b6-4228-a62a-fa7f9fd7201c,9745223680305,49320128905521,51367128564017,JA602-RB011BC - C2-4,JA602-RB011BC - C2,JA602-RB011BC - C2,no,yes,yes
Ellie Mini Dress - Mango,Size: S,5e04d868-e628-499f-8257-4963d988cb3e,9745223680305,49320128872753,51367128531249,JA602-RB011BC - C2-3,JA602-RB011BC - C2,JA602-RB011BC - C2,no,yes,yes
Ellie Mini Dress - Mango,Size: XL,6d80cb8d-6e9b-404a-91ac-d5499b9f6ddb,9745223680305,49320128971057,51367128629553,JA602-RB011BC - C2-6,JA602-RB011BC - C2,JA602-RB011BC - C2,no,yes,yes
Ellie Mini Dress - Mango,Size: XS,ec18729c-86d4-4acd-aae2-d9fb6fd650f4,9745223680305,49320128839985,51367128498481,JA602-RB011BC - C2-2,JA602-RB011BC - C2,JA602-RB011BC - C2,no,yes,yes
Ellie Racer Pants Brown and Blue,Size: 10,19eda5d7-d0ed-4cb4-9c9d-3f72daff773a,10695940899121,54628052730161,56738404958513,VV11621-3,VV11621,VV11621,no,yes,yes
Ellie Racer Pants Brown and Blue,Size: 12,14452db0-eb83-4f19-89cc-96a95cea1587,10695940899121,54628052762929,56738404991281,VV11621-4,VV11621,VV11621,no,yes,yes
Ellie Racer Pants Brown and Blue,Size: 14,6956afb7-75dc-4194-be13-e3848931b860,10695940899121,54628052795697,56738405024049,VV11621-5,VV11621,VV11621,no,yes,yes
Ellie Racer Pants Brown and Blue,Size: 8,20bc8b0f-90bd-4da5-80c5-90d361422183,10695940899121,54628052697393,56738404925745,VV11621-2,VV11621,VV11621,no,yes,yes
Eloise Mini - Mulberry,Size: 16,eab8222b-8f4f-4ffd-bc45-4b0e07180543,9657081626929,49138083987761,51185352573233,20172033LS-0947 - T7-7,20172033LS-0947 - T7,20172033LS-0947 - T7,no,yes,yes
Eloise Mini - Mulberry,Size: 18,3217468a-b2ea-4354-846e-575312a03fed,9657081626929,49138084020529,51185352606001,20172033LS-0947 - T7-8,20172033LS-0947 - T7,20172033LS-0947 - T7,no,yes,yes
Eloise Mini - Mulberry,Size: L,914e2b2e-a308-4ed9-99a9-577071caafe1,9657081626929,49122853945649,51170097889585,20172033LS-0947 - T7-5,20172033LS-0947 - T7,20172033LS-0947 - T7,no,yes,yes
Eloise Mini - Mulberry,Size: M,27bfa784-ca4b-4a96-bf56-0c324f4d606a,9657081626929,49122853912881,51170097856817,20172033LS-0947 - T7-4,20172033LS-0947 - T7,20172033LS-0947 - T7,no,yes,yes
Eloise Mini - Mulberry,Size: S,9e64de71-23d8-4e22-9909-34933f160df0,9657081626929,49122853880113,51170097824049,20172033LS-0947 - T7-3,20172033LS-0947 - T7,20172033LS-0947 - T7,no,yes,yes
Eloise Mini - Mulberry,Size: XL,f2ac82a0-bbab-4df7-92d3-28c44d1c1b9d,9657081626929,49122853978417,51170097922353,20172033LS-0947 - T7-6,20172033LS-0947 - T7,20172033LS-0947 - T7,no,yes,yes
Eloise Mini - Mulberry,Size: XS,cc72ba7b-a1ab-4138-9289-e5e67d4070ce,9657081626929,49122853847345,51170097791281,20172033LS-0947 - T7-2,20172033LS-0947 - T7,20172033LS-0947 - T7,no,yes,yes
Emilina Maxi Dress - Pink/Blue,Size: L,b3f24bf4-0be5-47c3-8da4-2bdd8c3528d1,10449539858737,52031413846321,54121712484657,20160916 1118 - A9-5,20160916 1118 - A9,20160916 1118 - A9,no,yes,yes
Emilina Maxi Dress - Pink/Blue,Size: M,dc33377c-e6b5-4499-b43d-3ad60c5b5ae7,10449539858737,52031413813553,54121712451889,20160916 1118 - A9-4,20160916 1118 - A9,20160916 1118 - A9,no,yes,yes
Emilina Maxi Dress - Pink/Blue,Size: S,ddd6969d-25e3-48a0-89a9-e3b0fb6893c8,10449539858737,52031413780785,54121712419121,20160916 1118 - A9-3,20160916 1118 - A9,20160916 1118 - A9,no,yes,yes
Emilina Maxi Dress - Pink/Blue,Size: XS,dad4df6b-687a-41e9-af35-4ce7c111eac5,10449539858737,52031413748017,54121712386353,20160916 1118 - A9-2,20160916 1118 - A9,20160916 1118 - A9,no,yes,yes
Emilla Maxi Dress - Purple,Size: L,8f071270-f212-4fbb-b34a-51256669849f,10135866835249,50542491074865,52604845228337,JS-20191063C-1074 - C-5,JS-20191063C-1074 - C,JS-20191063C-1074 - C,no,yes,yes
Emilla Maxi Dress - Purple,Size: M,8358e86a-cce5-4b96-9c57-ae3fa909ceef,10135866835249,50542491042097,52604845195569,JS-20191063C-1074 - C-4,JS-20191063C-1074 - C,JS-20191063C-1074 - C,no,yes,yes
Emilla Maxi Dress - Purple,Size: S,1c724821-39d6-48bc-98b2-7b6b374bd422,10135866835249,50542491009329,52604845162801,JS-20191063C-1074 - C-3,JS-20191063C-1074 - C,JS-20191063C-1074 - C,no,yes,yes
Emilla Maxi Dress - Purple,Size: XS,a70c23a6-801e-4879-85b8-7d42ed2973a8,10135866835249,50542490976561,52604845130033,JS-20191063C-1074 - C-2,JS-20191063C-1074 - C,JS-20191063C-1074 - C,no,yes,yes
Emilla Mini Dress - Purple,Size: L,9471bd2a-1a76-4509-b9d3-5f7b656d09d8,10135867425073,50542503100721,52604859253041,JS-20175068C-1074 - C-5,JS-20175068C-1074 - C,JS-20175068C-1074 - C,no,yes,yes
Emilla Mini Dress - Purple,Size: M,af63c5a2-82b4-42bf-b8c0-434eb0dea24a,10135867425073,50542503067953,52604859220273,JS-20175068C-1074 - C-4,JS-20175068C-1074 - C,JS-20175068C-1074 - C,no,yes,yes
Emilla Mini Dress - Purple,Size: S,60c412cb-ef39-4282-89f7-a1bb35c7834b,10135867425073,50542503035185,52604859187505,JS-20175068C-1074 - C-3,JS-20175068C-1074 - C,JS-20175068C-1074 - C,no,yes,yes
Emilla Mini Dress - Purple,Size: XS,4f19ee27-b997-4931-a16d-b35e898af107,10135867425073,50542503002417,52604859154737,JS-20175068C-1074 - C-2,JS-20175068C-1074 - C,JS-20175068C-1074 - C,no,yes,yes
Emily Black Set - By Frankie,Size: L,86c9752a-474a-40a9-aa98-7002f13bdc91,10229755871537,51182562443569,53252090659121,521-1 -BF4-5,521-1 -BF4,521-1 -BF4,no,yes,yes
Emily Black Set - By Frankie,Size: M,b0c8f952-1b9c-4a3f-a9af-3b91175c4c1d,10229755871537,51182562410801,53252090626353,521-1 -BF4-4,521-1 -BF4,521-1 -BF4,no,yes,yes
Emily Black Set - By Frankie,Size: S,30ca0647-77a4-4085-81fd-298b5a6de15b,10229755871537,51182562378033,53252090593585,521-1 -BF4-3,521-1 -BF4,521-1 -BF4,no,yes,yes
Emily Black Set - By Frankie,Size: XS,377876b7-c3b4-49b3-a575-adc9880683ce,10229755871537,51182562345265,53252090560817,521-1 -BF4-2,521-1 -BF4,521-1 -BF4,no,yes,yes
Emily Brown Pinstripe Set - By Frankie,Size: L,1d0d7b18-90fe-4ab9-a613-08bcbd1ddbd4,10383946875185,51780304306481,53851238498609,521-4 BF7-5,521-4 BF7,521-4 BF7,no,yes,yes
Emily Brown Pinstripe Set - By Frankie,Size: M,a70d7dcd-0594-46c8-90a4-8f717d040d74,10383946875185,51780304273713,53851238465841,521-4 BF7-4,521-4 BF7,521-4 BF7,no,yes,yes
Emily Brown Pinstripe Set - By Frankie,Size: S,3dc732f7-b296-48b8-9330-3f860b44186c,10383946875185,51780304240945,53851238433073,521-4 BF7-3,521-4 BF7,521-4 BF7,no,yes,yes
Emily Brown Pinstripe Set - By Frankie,Size: XS,52b0e0b8-03cb-40b3-bf42-84a5d960608b,10383946875185,51780304208177,53851238400305,521-4 BF7-2,521-4 BF7,521-4 BF7,no,yes,yes
Emily Brown Polka Dot Set - By Frankie,Size: L,cbc94060-89a0-4576-8558-6affee5a76c4,10412294504753,51893653111089,53969647436081,521-7 - BF3-5,521-7 - BF3,521-7 - BF3,no,yes,yes
Emily Brown Polka Dot Set - By Frankie,Size: M,8bb7586a-af40-456d-b6ef-e9e13326f7a2,10412294504753,51893653078321,53969647403313,521-7 - BF3-4,521-7 - BF3,521-7 - BF3,no,yes,yes
Emily Brown Polka Dot Set - By Frankie,Size: S,272196d9-988d-4e2d-9c16-470841943f9f,10412294504753,51893653045553,53969647370545,521-7 - BF3-3,521-7 - BF3,521-7 - BF3,no,yes,yes
Emily Brown Polka Dot Set - By Frankie,Size: XS,88c8f372-c1ea-48c8-9c7d-2979fc6e30d9,10412294504753,51893653012785,53969647337777,521-7 - BF3-2,521-7 - BF3,521-7 - BF3,no,yes,yes
Emily Brown Set - By Frankie,Size: L,abd57e25-f7db-44e0-9aac-8ba2f40f18d3,10229755183409,51182550745393,53252078960945,521-3 -BF4-5,521-3 -BF4,521-3 -BF4,no,yes,yes
Emily Brown Set - By Frankie,Size: M,4915383c-62c0-478e-b954-e43c8f5f9a79,10229755183409,51182550712625,53252078928177,521-3 -BF4-4,521-3 -BF4,521-3 -BF4,no,yes,yes
Emily Brown Set - By Frankie,Size: S,2dc549c7-5786-4efc-a3d5-c96c1c9bc266,10229755183409,51182550679857,53252078895409,521-3 -BF4-3,521-3 -BF4,521-3 -BF4,no,yes,yes
Emily Brown Set - By Frankie,Size: XS,819a5607-1afc-4721-907d-94b56f227c2e,10229755183409,51182550647089,53252078862641,521-3 -BF4-2,521-3 -BF4,521-3 -BF4,no,yes,yes
Emily Dress - Green,Size: 10,7340a014-a90c-4f5c-9678-7e118d995f35,6599604699293,39461940822173,41555982712989,201111-20 - D-2,201111-20 - D,201111-20 - D,no,yes,yes
Emily Dress - Green,Size: 12,5aca7a90-930a-4791-ac17-91b696e8aa47,6599604699293,39461940854941,41555982745757,201111-20 - D-3,201111-20 - D,201111-20 - D,no,yes,yes
Emily Dress - Green,Size: 14,7927884c-5666-4925-afc9-5c783a969957,6599604699293,39461940887709,41555982778525,201111-20 - D-4,201111-20 - D,201111-20 - D,no,yes,yes
Emily Dress - Green,Size: 16,c522c54d-f9ea-4274-bb85-401b4ee2951a,6599604699293,39468355289245,41563270873245,201111-20 - D-5,201111-20 - D,201111-20 - D,no,yes,yes
Emily Oatmeal Pinstripe Set - By Frankie,Size: L,26fc68b9-8396-40d5-983f-bb98bc22044e,10383947137329,51780305649969,53851240038705,521-5 BF7-5,521-5 BF7,521-5 BF7,no,yes,yes
Emily Oatmeal Pinstripe Set - By Frankie,Size: M,386b5974-fc3f-4f5f-9592-a9cd150a499a,10383947137329,51780305617201,53851240005937,521-5 BF7-4,521-5 BF7,521-5 BF7,no,yes,yes
Emily Oatmeal Pinstripe Set - By Frankie,Size: S,c28a011f-ee7c-4ac6-bf06-69c06f68c1cb,10383947137329,51780305584433,53851239973169,521-5 BF7-3,521-5 BF7,521-5 BF7,no,yes,yes
Emily Oatmeal Pinstripe Set - By Frankie,Size: XS,da073f68-be03-483d-b4cb-a3ff2748cc7e,10383947137329,51780305551665,53851239940401,521-5 BF7-2,521-5 BF7,521-5 BF7,no,yes,yes
Emily Oatmeal Set - By Frankie,Size: L,0dd4a3b6-8654-4d12-8d1f-2fe3e08e89c7,10229749449009,51182371307825,53251899523377,521-2 - BF7-5,521-2 - BF7,521-2 - BF7,no,yes,yes
Emily Oatmeal Set - By Frankie,Size: M,b20b98dd-b371-4d28-8fbb-f5a68a232a66,10229749449009,51182371275057,53251899490609,521-2 - BF7-4,521-2 - BF7,521-2 - BF7,no,yes,yes
Emily Oatmeal Set - By Frankie,Size: S,537f1103-6ad6-49e1-9a26-226db1365b8d,10229749449009,51182371242289,53251899457841,521-2 - BF7-3,521-2 - BF7,521-2 - BF7,no,yes,yes
Emily Oatmeal Set - By Frankie,Size: XS,e5d5e766-f904-4a7c-b26c-ee0edd0b7d50,10229749449009,51182371209521,53251899425073,521-2 - BF7-2,521-2 - BF7,521-2 - BF7,no,yes,yes
Emma - Midi Dress - Beige/Cream,Size: 10,135bb9a8-c132-4706-b88e-4ae90bd59c04,7042359459997,41093950963869,43190024503453,K289-1 - M-8,K289-1 - M,K289-1 - M,no,yes,yes
Emma - Midi Dress - Beige/Cream,Size: 12,04814f1d-5b29-4db9-bec8-fb375b23ed29,7042359459997,41093950996637,43190024536221,K289-1 - M-9,K289-1 - M,K289-1 - M,no,yes,yes
Emma - Midi Dress - Beige/Cream,Size: 6,621b13b3-f388-485e-b4b4-12ccd79d2d14,7042359459997,41093950898333,43190024437917,K289-1 - M-6,K289-1 - M,K289-1 - M,no,yes,yes
Emma - Midi Dress - Beige/Cream,Size: 8,b9f12ba3-f4cb-42cf-86ae-7f91d0a07bd5,7042359459997,41093950931101,43190024470685,K289-1 - M-7,K289-1 - M,K289-1 - M,no,yes,yes
Emma Midi Dress - Black,Size: 10,43715e3c-626f-4a65-9d3f-11a0ab2ab9e9,10574415462705,52821578514737,54920684536113,K289-1 - M-4,K289-1 - M,K289-1 - M,no,yes,yes
Emma Midi Dress - Black,Size: 12,7b9bee06-3117-427a-b08b-4065bed0e2cc,10574415462705,52821578547505,54920684568881,K289-1 - M-5,K289-1 - M,K289-1 - M,no,yes,yes
Emma Midi Dress - Black,Size: 6,824ebef3-5a4c-4268-a210-fd16e77a463e,10574415462705,52821578449201,54920684470577,K289-1 - M-2,K289-1 - M,K289-1 - M,no,yes,yes
Emma Midi Dress - Black,Size: 8,595e9d67-f877-4b96-ac73-c2edb4a1e141,10574415462705,52821578481969,54920684503345,K289-1 - M-3,K289-1 - M,K289-1 - M,no,yes,yes
Emma Midi Dress - Blue,Size: 10,c821203c-2122-4d8b-ae57-5ee93be6f4d6,7043836838045,41096122368157,43192197644445,K289-1 - M-12,K289-1 - M,K289-1 - M,no,yes,yes
Emma Midi Dress - Blue,Size: 12,3da08eda-334f-4aa7-8154-d2d846fc9c85,7043836838045,41096122400925,43192197677213,K289-1 - M-13,K289-1 - M,K289-1 - M,no,yes,yes
Emma Midi Dress - Blue,Size: 14,8e97ec00-f37f-42eb-9d0a-6c69bccb3412,7043836838045,42217468461213,44315978989725,K289-1 - M-14,K289-1 - M,K289-1 - M,no,yes,yes
Emma Midi Dress - Blue,Size: 6,76b5b606-cb6c-40bc-9e39-878c28cb7a88,7043836838045,41096122302621,43192197578909,K289-1 - M-10,K289-1 - M,K289-1 - M,no,yes,yes
Emma Midi Dress - Blue,Size: 8,8bf4e9b0-3589-4558-a0ac-92ab48419fdb,7043836838045,41096122335389,43192197611677,K289-1 - M-11,K289-1 - M,K289-1 - M,no,yes,yes
Emma Midi Dress - Forest Green,Size: 10,b9782e8f-2d48-4888-8a4a-6017194db38f,7161104924829,41978787135645,44077240516765,K289-1 - M-17,K289-1 - M,K289-1 - M,no,yes,yes
Emma Midi Dress - Forest Green,Size: 12,ba83a549-0894-40a3-843b-d1e2ccfd5d62,7161104924829,41978787561629,44077240942749,K289-1 - M-18,K289-1 - M,K289-1 - M,no,yes,yes
Emma Midi Dress - Forest Green,Size: 14,68ff670f-727e-49bd-b908-e974a58c924a,7161104924829,41978787594397,44077240975517,K289-1 - M-19,K289-1 - M,K289-1 - M,no,yes,yes
Emma Midi Dress - Forest Green,Size: 6,c49545cf-ff37-4a41-827a-8b94b21bdeb4,7161104924829,41396707721373,43493184405661,K289-1 - M-15,K289-1 - M,K289-1 - M,no,yes,yes
Emma Midi Dress - Forest Green,Size: 8,3195e7c4-e024-43a6-806d-da3e8b1032a2,7161104924829,41396707754141,43493184471197,K289-1 - M-16,K289-1 - M,K289-1 - M,no,yes,yes
Emma Midi Dress - White,Size: 10,d163f0fd-0b84-4028-b616-0cefc19a5382,7043828842653,41096105885853,43192181162141,K289-1 - M-22,K289-1 - M,K289-1 - M,no,yes,yes
Emma Midi Dress - White,Size: 12,abb0d376-fdf7-4572-ad7d-4bb74e391364,7043828842653,41096105918621,43192181194909,K289-1 - M-23,K289-1 - M,K289-1 - M,no,yes,yes
Emma Midi Dress - White,Size: 6,c3b2d301-82d4-4889-9d13-e1e2ee969252,7043828842653,41096105787549,43192181096605,K289-1 - M-20,K289-1 - M,K289-1 - M,no,yes,yes
Emma Midi Dress - White,Size: 8,0419c520-cf59-46d7-b13a-588829a489ae,7043828842653,41096105820317,43192181129373,K289-1 - M-21,K289-1 - M,K289-1 - M,no,yes,yes
END Sweat - Black,Size: 10,40e76329-b2ed-4ac8-9056-0334dcb18018,5460904640669,50012876538161,52062639653169,3397 - Old Box 3-2,3397 - Old Box 3,3397 - Old Box 3,no,yes,yes
END Sweat - Black,Size: 12,8e5da073-4d0d-4c4d-b30d-c29e713676bf,5460904640669,50012876570929,52062639685937,3397 - Old Box 3-3,3397 - Old Box 3,3397 - Old Box 3,no,yes,yes
END Sweat - Black,Size: 14,6f76a17f-a5f8-4974-bb86-c891813ecc5d,5460904640669,50012876603697,52062639718705,3397 - Old Box 3-4,3397 - Old Box 3,3397 - Old Box 3,no,yes,yes
Erin Cardi - Grey,Size: L/XL,9c70d770-862e-40e0-9e05-cdfd754599b8,7399095861405,42372991549597,44471421665437,LP352 - Jumpers Box 1-3,LP352 - Jumpers Box 1,LP352 - Jumpers Box 1,no,yes,yes
Erin Cardi - Grey,Size: M/L,c6ce91ab-fcc1-4c77-b16f-472aedbf45dc,7399095861405,42372991516829,44471421632669,LP352 - Jumpers Box 1-2,LP352 - Jumpers Box 1,LP352 - Jumpers Box 1,no,yes,yes
Esra Mini Skirt - Orange/Pink,Size: 10,a726a588-53dd-4437-abe6-a7a07ec7425f,10075837202737,50293778252081,52347429093681,W2041834-4 - L-3,W2041834-4 - L,W2041834-4 - L,no,yes,yes
Esra Mini Skirt - Orange/Pink,Size: 12,3d176f85-15ef-45f0-b03e-76eabb117b69,10075837202737,50293778284849,52347429126449,W2041834-4 - L-4,W2041834-4 - L,W2041834-4 - L,no,yes,yes
Esra Mini Skirt - Orange/Pink,Size: 14,7b381f1f-8ecf-4a36-8eba-607df52dd756,10075837202737,50293778317617,52347429159217,W2041834-4 - L-5,W2041834-4 - L,W2041834-4 - L,no,yes,yes
Esra Mini Skirt - Orange/Pink,Size: 8,5047c23c-89ed-4a11-8b27-c1d6b4d39cac,10075837202737,50293778219313,52347429060913,W2041834-4 - L-2,W2041834-4 - L,W2041834-4 - L,no,yes,yes
Esther Kimono Maxi - Orange/Blue,Size: L,93864031-f34c-4a44-abe7-bc5ff6aff81d,10226906693937,51126351692081,53195980308785,JS2024113 - 1110 - B-5,JS2024113 - 1110 - B,JS2024113 - 1110 - B,no,yes,yes
Esther Kimono Maxi - Orange/Blue,Size: M,603b57d7-b4a7-4405-b413-65e09cb0de4c,10226906693937,51126351659313,53195980276017,JS2024113 - 1110 - B-4,JS2024113 - 1110 - B,JS2024113 - 1110 - B,no,yes,yes
Esther Kimono Maxi - Orange/Blue,Size: S,c0dc5e05-cd27-4c11-8411-166c74e9951c,10226906693937,51126351626545,53195980243249,JS2024113 - 1110 - B-3,JS2024113 - 1110 - B,JS2024113 - 1110 - B,no,yes,yes
Esther Kimono Maxi - Orange/Blue,Size: XS,46487573-9bbf-4801-8d49-fb12fb4ba025,10226906693937,51126351593777,53195980210481,JS2024113 - 1110 - B-2,JS2024113 - 1110 - B,JS2024113 - 1110 - B,no,yes,yes
Esther Singlet Maxi Dress - Orange/Blue,Size: L/12,1bed7a23-58ad-47b4-808f-6a333fc0e8f3,10226906988849,51126368698673,53195997315377,JS2024112 - 1110 - B-5,JS2024112 - 1110 - B,JS2024112 - 1110 - B,no,yes,yes
Esther Singlet Maxi Dress - Orange/Blue,Size: M/10,0fa523ce-30df-4f4f-b537-af92c6757a7f,10226906988849,51126368665905,53195997282609,JS2024112 - 1110 - B-4,JS2024112 - 1110 - B,JS2024112 - 1110 - B,no,yes,yes
Esther Singlet Maxi Dress - Orange/Blue,Size: S/8,d5b32c61-03f5-474d-8739-566d1540d42d,10226906988849,51126368633137,53195997249841,JS2024112 - 1110 - B-3,JS2024112 - 1110 - B,JS2024112 - 1110 - B,no,yes,yes
Esther Singlet Maxi Dress - Orange/Blue,Size: XS/6,e923e699-113c-492b-8037-3efe55710a30,10226906988849,51126368600369,53195997217073,JS2024112 - 1110 - B-2,JS2024112 - 1110 - B,JS2024112 - 1110 - B,no,yes,yes
Evil Eye Playsuit - By Frankie,Size: L,fc362dc4-ceac-425c-9bd3-3e64761a4986,9969139614001,49872686317873,51922344050993,1039-45-B12-5,1039-45-B12,1039-45-B12,no,yes,yes
Evil Eye Playsuit - By Frankie,Size: M,3905d82b-33a3-4d0b-a78f-688d9692486c,9969139614001,49872686285105,51922344018225,1039-45-B12-4,1039-45-B12,1039-45-B12,no,yes,yes
Evil Eye Playsuit - By Frankie,Size: S,5ac8195b-7b67-4456-94bf-a1b78d05ac12,9969139614001,49872686252337,51922343985457,1039-45-B12-3,1039-45-B12,1039-45-B12,no,yes,yes
Evil Eye Playsuit - By Frankie,Size: XS,da61a7ac-8a43-4b44-872c-e36947b074d9,9969139614001,49872686219569,51922343952689,1039-45-B12-2,1039-45-B12,1039-45-B12,no,yes,yes
Faded Animal Denim Shirt - By Frankie,Size: L,15465fe0-583c-42bf-985e-0f951182c3ec,10341982667057,51592158478641,53659666415921,567-1 - BF2-5,567-1 - BF2,567-1 - BF2,no,yes,yes
Faded Animal Denim Shirt - By Frankie,Size: M,c3b024af-3def-42fe-b6f1-f68d2e83afbe,10341982667057,51592158445873,53659666383153,567-1 - BF2-4,567-1 - BF2,567-1 - BF2,no,yes,yes
Faded Animal Denim Shirt - By Frankie,Size: S,eef25f29-9a09-4643-9304-87b7c4364e1e,10341982667057,51592158413105,53659666350385,567-1 - BF2-3,567-1 - BF2,567-1 - BF2,no,yes,yes
Faded Animal Denim Shirt - By Frankie,Size: XS,45083036-377a-45a2-8fb2-84507387b0f0,10341982667057,51592158380337,53659666317617,567-1 - BF2-2,567-1 - BF2,567-1 - BF2,no,yes,yes
Farah Maxi - Floral,Size: L,6b58aacc-4451-4e1f-b328-15819f97c262,9191502151985,47780692197681,49829090197809,SS15-0818 - A11-5,SS15-0818 - A11,SS15-0818 - A11,no,yes,yes
Farah Maxi - Floral,Size: M,0f54b5cf-303d-4298-9d1c-a735b75e8897,9191502151985,47780692164913,49829090165041,SS15-0818 - A11-4,SS15-0818 - A11,SS15-0818 - A11,no,yes,yes
Farah Maxi - Floral,Size: S,8540b841-9d6d-4053-8bc3-1bf7230bdc46,9191502151985,47780692132145,49829090132273,SS15-0818 - A11-3,SS15-0818 - A11,SS15-0818 - A11,no,yes,yes
Farah Maxi - Floral,Size: XS,ca883bba-a82e-4c86-835d-339c917a7454,9191502151985,47780692099377,49829090099505,SS15-0818 - A11-2,SS15-0818 - A11,SS15-0818 - A11,no,yes,yes
Farrah Maxi Dress - White,Size: L,13c01a47-6aa9-4dbd-85cb-d2104c570721,10062518321457,50235866120497,52289012302129,20160616-BY - L-5,20160616-BY - L,20160616-BY - L,no,yes,yes
Farrah Maxi Dress - White,Size: M,484c4eb1-4663-49d9-bb2a-cc3288f9809d,10062518321457,50235866087729,52289012269361,20160616-BY - L-4,20160616-BY - L,20160616-BY - L,no,yes,yes
Farrah Maxi Dress - White,Size: S,528d05e9-e571-4932-855c-c987c4292536,10062518321457,50235866054961,52289012236593,20160616-BY - L-3,20160616-BY - L,20160616-BY - L,no,yes,yes
Farrah Maxi Dress - White,Size: XS,839a86bc-1f9c-4cdd-9011-c4f5517b2e9f,10062518321457,50235866022193,52289012203825,20160616-BY - L-2,20160616-BY - L,20160616-BY - L,no,yes,yes
Faye Singlet Top - Peach Ice Tea,Size: 10,d9f25b2e-3db8-49f0-868b-4d65b1c8388a,9105294983473,47541533638961,49590837969201,202601-5 - F-3,202601-5 - F,202601-5 - F,no,yes,yes
Faye Singlet Top - Peach Ice Tea,Size: 12,2cd7ac34-3178-4994-8b58-ae052d96da02,9105294983473,47541533671729,49590838001969,202601-5 - F-4,202601-5 - F,202601-5 - F,no,yes,yes
Faye Singlet Top - Peach Ice Tea,Size: 14,9628b682-22e3-4c59-9122-30dd31898c81,9105294983473,47541533704497,49590838034737,202601-5 - F-5,202601-5 - F,202601-5 - F,no,yes,yes
Faye Singlet Top - Peach Ice Tea,Size: 8,916f8d92-c1f3-494b-be9d-c371e35d7d53,9105294983473,47541510406449,49590814736689,202601-5 - F-2,202601-5 - F,202601-5 - F,no,yes,yes
Fina Midi - Purple/Yellow/Pink,Size: 16,f0dfbde4-f8ad-41cc-83f1-a54c00c59916,7335100547229,42275045277853,44373543354525,JA - HJ321 - A2-6,JA - HJ321 - A2,JA - HJ321 - A2,no,yes,yes
Fina Midi - Purple/Yellow/Pink,Size: 18,7b7967a7-8296-40b6-b4cb-f6aa0398b040,7335100547229,42275045310621,44373543387293,JA - HJ321 - A2-7,JA - HJ321 - A2,JA - HJ321 - A2,no,yes,yes
Fina Midi - Purple/Yellow/Pink,Size: 20,11a5f42c-d45c-4030-872d-dc8d44034925,7335100547229,42275045343389,44373543420061,JA - HJ321 - A2-8,JA - HJ321 - A2,JA - HJ321 - A2,no,yes,yes
Fina Midi - Purple/Yellow/Pink,Size: L,21f45d62-6614-4b91-a5bf-d374a72423af,7335100547229,42161170940061,44259774300317,JA - HJ321 - A2-4,JA - HJ321 - A2,JA - HJ321 - A2,no,yes,yes
Fina Midi - Purple/Yellow/Pink,Size: M,55eb2c85-709f-452c-81e4-20065ff6f966,7335100547229,42161170907293,44259774267549,JA - HJ321 - A2-3,JA - HJ321 - A2,JA - HJ321 - A2,no,yes,yes
Fina Midi - Purple/Yellow/Pink,Size: S,d871a915-68d0-4f73-8b20-4e4fd520e912,7335100547229,42161170874525,44259774234781,JA - HJ321 - A2-2,JA - HJ321 - A2,JA - HJ321 - A2,no,yes,yes
Fina Midi - Purple/Yellow/Pink,Size: XL,dab9286c-7976-4926-8a82-2deeb5d727db,7335100547229,42161170972829,44259774333085,JA - HJ321 - A2-5,JA - HJ321 - A2,JA - HJ321 - A2,no,yes,yes
Fina Mini Dress - Purple/Yellow/Pink,Size: 16,93a7b4c1-1f98-45f7-814d-39aa5a8a7948,7335101464733,42275107176605,44373605253277,JA113 - I-6,JA113 - I,JA113 - I,no,yes,yes
Fina Mini Dress - Purple/Yellow/Pink,Size: 18,e5642a74-fa53-45a9-a833-7ff7816e251d,7335101464733,42275107209373,44373605286045,JA113 - I-7,JA113 - I,JA113 - I,no,yes,yes
Fina Mini Dress - Purple/Yellow/Pink,Size: 20,1c18c396-2830-4161-acb7-6500b92c00d5,7335101464733,42275107242141,44373605318813,JA113 - I-8,JA113 - I,JA113 - I,no,yes,yes
Fina Mini Dress - Purple/Yellow/Pink,Size: L,4b01cdfa-7b71-4a93-b0ba-458566eabe8b,7335101464733,42161175789725,44259779149981,JA113 - I-4,JA113 - I,JA113 - I,no,yes,yes
Fina Mini Dress - Purple/Yellow/Pink,Size: M,0c863e34-6270-4a0f-9867-178c52dcaae3,7335101464733,42161175756957,44259779117213,JA113 - I-3,JA113 - I,JA113 - I,no,yes,yes
Fina Mini Dress - Purple/Yellow/Pink,Size: S,1595525e-ae44-4180-bceb-1613b6433c4a,7335101464733,42161175724189,44259779084445,JA113 - I-2,JA113 - I,JA113 - I,no,yes,yes
Fina Mini Dress - Purple/Yellow/Pink,Size: XL,58b50509-fe10-476c-9365-8d42e081a522,7335101464733,42161175822493,44259779182749,JA113 - I-5,JA113 - I,JA113 - I,no,yes,yes
Fitted Ripped denim Jeans - Blue,Size: 10,2df79b09-0e44-4a9f-8b1a-ee30692cbd0f,4600359354464,51589245894961,53656693211441,60048 - JEANS BOX-5,60048 - JEANS BOX,60048 - JEANS BOX,no,yes,yes
Fitted Ripped denim Jeans - Blue,Size: 11,fac3bc16-600f-419e-aa9c-811ce37227cd,4600359354464,51589249761585,53656697078065,60048 - JEANS BOX-6,60048 - JEANS BOX,60048 - JEANS BOX,no,yes,yes
Fitted Ripped denim Jeans - Blue,Size: 12,19d67634-ab37-4a2c-8b3f-541d2be34371,4600359354464,51589250646321,53656697962801,60048 - JEANS BOX-7,60048 - JEANS BOX,60048 - JEANS BOX,no,yes,yes
Fitted Ripped denim Jeans - Blue,Size: 14,7fdec6bf-076c-4771-b160-1a4f10c57a8e,4600359354464,51589250679089,53656697995569,60048 - JEANS BOX-8,60048 - JEANS BOX,60048 - JEANS BOX,no,yes,yes
Fitted Ripped denim Jeans - Blue,Size: 16,77d66961-f87e-4887-a947-73047963bf79,4600359354464,51589250711857,53656698028337,60048 - JEANS BOX-9,60048 - JEANS BOX,60048 - JEANS BOX,no,yes,yes
Fitted Ripped denim Jeans - Blue,Size: 7,562a4dfe-9fc4-4619-94a8-9ffea9278a75,4600359354464,51589245796657,53656693113137,60048 - JEANS BOX-2,60048 - JEANS BOX,60048 - JEANS BOX,no,yes,yes
Fitted Ripped denim Jeans - Blue,Size: 8,e04e4c60-6fb7-4a3e-89fa-1a8f339617c3,4600359354464,51589245829425,53656693145905,60048 - JEANS BOX-3,60048 - JEANS BOX,60048 - JEANS BOX,no,yes,yes
Fitted Ripped denim Jeans - Blue,Size: 9,f5220afe-27d2-4b16-9eb7-a70d11838343,4600359354464,51589245862193,53656693178673,60048 - JEANS BOX-4,60048 - JEANS BOX,60048 - JEANS BOX,no,yes,yes
Fleetwood Lace Cape Kimono - Navy,Size: M/L | Color: Navy,36aa5488-696f-49a2-a63c-a8f234077080,6984655634589,40923543404701,43019158388893,BS018524 - B3-2,BS018524 - B3,BS018524 - B3,no,yes,yes
Fleetwood Lace Cape Kimono- Black Flowers,Size: M/L,ee52355c-0f96-4f1e-ac86-909985bda987,6985426337949,40925562208413,43021174046877,BOHO BS 01852-2,BOHO BS 01852,BOHO BS 01852,no,yes,yes
Fluffy Slippers Leopard,Size: M/L,96874e61-a0cd-4b05-b986-efa51c15b3c4,6750608359581,40285887168669,42381949403293,1622 Jumpers Box 3-2,1622 Jumpers Box 3,1622 Jumpers Box 3,no,yes,yes
Flutter Midi  Dress - Black,Size: 10,3ecd95d0-d06e-4499-b4fa-d1aa68dd565a,7168350683293,41438453006493,43535225749661,89387 - A-3,89387 - A,89387 - A,no,yes,yes
Flutter Midi  Dress - Black,Size: 12,90c2a191-74e7-42b5-b2ae-5065049264c1,7168350683293,41438453039261,43535225782429,89387 - A-4,89387 - A,89387 - A,no,yes,yes
Flutter Midi  Dress - Black,Size: 14,ee4ea3ef-120e-49a3-9fc6-f2f0ce9bd6df,7168350683293,41438453072029,43535225815197,89387 - A-5,89387 - A,89387 - A,no,yes,yes
Flutter Midi  Dress - Black,Size: 8,362664ad-0665-4ef7-9856-c15e0a9efe5a,7168350683293,41438452973725,43535225716893,89387 - A-2,89387 - A,89387 - A,no,yes,yes
Flutter Midi  Dress - Pink,Size: 10,ce718d3c-8e75-4ec4-ad9e-a032e584a4fa,7161088442525,41396663124125,43493139742877,89387 - A-8,89387 - A,89387 - A,no,yes,yes
Flutter Midi  Dress - Pink,Size: 12,40244817-ee07-4826-8852-b8a0937eb053,7161088442525,41396663156893,43493139775645,89387 - A-9,89387 - A,89387 - A,no,yes,yes
Flutter Midi  Dress - Pink,Size: 14,61a5032e-e316-493f-bf7d-8d95786466ab,7161088442525,41396663189661,43493139808413,89387 - A-10,89387 - A,89387 - A,no,yes,yes
Flutter Midi  Dress - Pink,Size: 6,07c1e413-f41d-405f-a3bd-259c255c08dd,7161088442525,41396663058589,43493139677341,89387 - A-6,89387 - A,89387 - A,no,yes,yes
Flutter Midi  Dress - Pink,Size: 8,8922fffc-af1d-4600-9877-40f4e37cdac8,7161088442525,41396663091357,43493139710109,89387 - A-7,89387 - A,89387 - A,no,yes,yes
Frances Linen Midi Dress - White/Green - GDS,Size: L,fac0b96f-ef2f-4640-b97c-0ab73da4baa1,9321882321201,48231873052977,50278721388849,2805100 Mkt-5,2805100 Mkt,2805100 Mkt,no,yes,yes
Frances Linen Midi Dress - White/Green - GDS,Size: M,e565017a-7d10-43fa-bc07-4b4ce6382dab,9321882321201,48231873020209,50278721356081,2805100 Mkt-4,2805100 Mkt,2805100 Mkt,no,yes,yes
Frances Linen Midi Dress - White/Green - GDS,Size: S,c889ad88-b6a3-4566-97c7-e2ae71275b2a,9321882321201,48231872987441,50278721323313,2805100 Mkt-3,2805100 Mkt,2805100 Mkt,no,yes,yes
Frances Linen Midi Dress - White/Green - GDS,Size: XL,f2a3cfb6-4037-4657-9355-e5a4cc9b82f7,9321882321201,48231873085745,50278721421617,2805100 Mkt-6,2805100 Mkt,2805100 Mkt,no,yes,yes
Frances Linen Midi Dress - White/Green - GDS,Size: XS,c071c556-97ad-48c4-b014-8a1bb8bd6a4f,9321882321201,48231872921905,50278721290545,2805100 Mkt-2,2805100 Mkt,2805100 Mkt,no,yes,yes
Frances Linen Midi Dress - Yellow - GDS,Size: L,604dd7f5-05dc-4605-8a25-a817ede19a9c,9349975441713,48331275567409,50378226630961,2805100 MKT-10,2805100 MKT,2805100 MKT,no,yes,yes
Frances Linen Midi Dress - Yellow - GDS,Size: M,cf65db48-27e4-4095-b844-15dfb22c6847,9349975441713,48331275534641,50378226598193,2805100 MKT-9,2805100 MKT,2805100 MKT,no,yes,yes
Frances Linen Midi Dress - Yellow - GDS,Size: S,21b36fed-da7d-44a7-aa16-9fd9a2bba3f9,9349975441713,48331275501873,50378226565425,2805100 MKT-8,2805100 MKT,2805100 MKT,no,yes,yes
Frances Linen Midi Dress - Yellow - GDS,Size: XS,01eaa8c0-cdc0-46c3-8108-65822cd6b8c1,9349975441713,48331275469105,50378226532657,2805100 MKT-7,2805100 MKT,2805100 MKT,no,yes,yes
Frances Linen Short Dress - White/Green - GDS,Size: L,6aabd643-d29f-47ad-ba9b-4ea69711d29c,7997436985649,43734608052529,45832711340337,2805101 MKT GDS-4,2805101 MKT GDS,2805101 MKT GDS,no,yes,yes
Frances Linen Short Dress - White/Green - GDS,Size: M,6716cb87-e858-4d9c-9285-c313f05adfb9,7997436985649,43734608019761,45832711307569,2805101 MKT GDS-3,2805101 MKT GDS,2805101 MKT GDS,no,yes,yes
Frances Linen Short Dress - White/Green - GDS,Size: S,c878f235-3144-4b31-bd26-dfa77a657845,7997436985649,43734607986993,45832711274801,2805101 MKT GDS-2,2805101 MKT GDS,2805101 MKT GDS,no,yes,yes
Frances Linen Short Dress - White/Green - GDS,Size: XL,0444271a-e45d-47ae-8672-cd0718aeb6a7,7997436985649,43734608085297,45832711373105,2805101 MKT GDS-5,2805101 MKT GDS,2805101 MKT GDS,no,yes,yes
Freida Pom Pom Cotton Top- White,Size: L,ad0c49b7-2980-4f9b-be44-91c0347c2bdd,5592073273501,36046542930077,38065956618397,B5-26,B5,B5,no,yes,yes
Freida Pom Pom Cotton Top- White,Size: M,febdf869-0c99-4f9b-b45e-77a2fec0047e,5592073273501,36046542897309,38065956585629,B5-25,B5,B5,no,yes,yes
Freida Pom Pom Cotton Top- White,Size: S,92dfcce2-aa42-455c-a1f4-eb556e43a387,5592073273501,36046542864541,38065956552861,B5-24,B5,B5,no,yes,yes
Freida Pom Pom Cotton Top- White,Size: XS,c92e81d6-69b4-4d25-bc32-2eb0866c6f64,5592073273501,36046542831773,38065956520093,B5-23,B5,B5,no,yes,yes
Freya Mini Shirt Dress - Pink,Size: L,87b7a570-89a1-447c-a6ac-927444679217,10052771512625,50188981141809,52241260806449,2019603NS-1081 - A7-5,2019603NS-1081 - A7,2019603NS-1081 - A7,no,yes,yes
Freya Mini Shirt Dress - Pink,Size: M,b27f6872-f1f8-4f1d-8a2d-27e41cf93dfe,10052771512625,50188981109041,52241260773681,2019603NS-1081 - A7-4,2019603NS-1081 - A7,2019603NS-1081 - A7,no,yes,yes
Freya Mini Shirt Dress - Pink,Size: S,42a34bab-672d-4d53-8972-b6821d219295,10052771512625,50188981076273,52241260740913,2019603NS-1081 - A7-3,2019603NS-1081 - A7,2019603NS-1081 - A7,no,yes,yes
Freya Mini Shirt Dress - Pink,Size: XS,d8e4acca-331e-4d1d-b844-1e0a8516f004,10052771512625,50188981043505,52241260708145,2019603NS-1081 - A7-2,2019603NS-1081 - A7,2019603NS-1081 - A7,no,yes,yes
Gabi Maxi Dress - Multicolour,Size: 16,c827feca-2305-423e-aa04-57b6306d042e,7997404938545,45171684278577,47217423941937,JS810027-0893 - A5-6,JS810027-0893 - A5,JS810027-0893 - A5,no,yes,yes
Gabi Maxi Dress - Multicolour,Size: 18,efd32154-34c0-44bf-a515-45216943c437,7997404938545,45171684311345,47217423974705,JS810027-0893 - A5-7,JS810027-0893 - A5,JS810027-0893 - A5,no,yes,yes
Gabi Maxi Dress - Multicolour,Size: 20,898ee8af-79a5-4ab9-9874-c7f5759fff6f,7997404938545,45171684344113,47217424007473,JS810027-0893 - A5-8,JS810027-0893 - A5,JS810027-0893 - A5,no,yes,yes
Gabi Maxi Dress - Multicolour,Size: L,bb629d6b-9384-4827-a246-e2c641dc2f33,7997404938545,43734505357617,45832608416049,JS810027-0893 - A5-4,JS810027-0893 - A5,JS810027-0893 - A5,no,yes,yes
Gabi Maxi Dress - Multicolour,Size: M,7e70ac9b-e277-47ad-b372-47920df2d509,7997404938545,43734505324849,45832608383281,JS810027-0893 - A5-3,JS810027-0893 - A5,JS810027-0893 - A5,no,yes,yes
Gabi Maxi Dress - Multicolour,Size: S,d81272c6-05c3-4129-ad58-ed680160bcd3,7997404938545,43734505292081,45832608350513,JS810027-0893 - A5-2,JS810027-0893 - A5,JS810027-0893 - A5,no,yes,yes
Gabi Maxi Dress - Multicolour,Size: XL,27b09e24-b5b4-4065-9a0d-4a0aa555430d,7997404938545,43734505390385,45832608448817,JS810027-0893 - A5-5,JS810027-0893 - A5,JS810027-0893 - A5,no,yes,yes
Gabi Mini Dress - Multicolour,Size: 16,073e200b-fc11-440c-8578-9ca0ebe3dd4d,7997409460529,45171660325169,47217397367089,JS80890-0893 - H-6,JS80890-0893 - H,JS80890-0893 - H,no,yes,yes
Gabi Mini Dress - Multicolour,Size: 18,98f1c001-ce47-437f-8d49-61a428bfd73b,7997409460529,45171660357937,47217397399857,JS80890-0893 - H-7,JS80890-0893 - H,JS80890-0893 - H,no,yes,yes
Gabi Mini Dress - Multicolour,Size: 20,10cd6b9d-2d92-4cbb-a245-5e8703de492d,7997409460529,45171660390705,47217397432625,JS80890-0893 - H-8,JS80890-0893 - H,JS80890-0893 - H,no,yes,yes
Gabi Mini Dress - Multicolour,Size: L,972d04c2-c30d-482b-8580-deed29898260,7997409460529,43734516072753,45832619360561,JS80890-0893 - H-4,JS80890-0893 - H,JS80890-0893 - H,no,yes,yes
Gabi Mini Dress - Multicolour,Size: M,741efb11-5256-4e99-929a-f3f6a10efa31,7997409460529,43734516039985,45832619327793,JS80890-0893 - H-3,JS80890-0893 - H,JS80890-0893 - H,no,yes,yes
Gabi Mini Dress - Multicolour,Size: S,981a95b2-41f4-4b90-90ee-eb050172112d,7997409460529,43734516007217,45832619295025,JS80890-0893 - H-2,JS80890-0893 - H,JS80890-0893 - H,no,yes,yes
Gabi Mini Dress - Multicolour,Size: XL,96e93888-eb9b-4c14-8480-97f211bb34af,7997409460529,43734516105521,45832619393329,JS80890-0893 - H-5,JS80890-0893 - H,JS80890-0893 - H,no,yes,yes
Gemma Pants - Yellow/Brown,Size: L,79267bca-15bd-41e9-a71d-e2778d8be7aa,8238487470385,44591964881201,46636780814641,JS-2019609-0912 - T5-4,JS-2019609-0912 - T5,JS-2019609-0912 - T5,no,yes,yes
Gemma Pants - Yellow/Brown,Size: M,4bc303a3-3683-4b1c-83ac-122cc4c6a697,8238487470385,44591964848433,46636780781873,JS-2019609-0912 - T5-3,JS-2019609-0912 - T5,JS-2019609-0912 - T5,no,yes,yes
Gemma Pants - Yellow/Brown,Size: S,24d99801-f2d8-4b76-9916-22ddd08e735c,8238487470385,44591964815665,46636780749105,JS-2019609-0912 - T5-2,JS-2019609-0912 - T5,JS-2019609-0912 - T5,no,yes,yes
Gemma Pants - Yellow/Brown,Size: XL,93eaaa2d-16e0-4b33-aea3-ed6fbb32568f,8238487470385,44591964913969,46636780847409,JS-2019609-0912 - T5-5,JS-2019609-0912 - T5,JS-2019609-0912 - T5,no,yes,yes
Genova Shirt - White,Size: L,dbf81c0a-0162-4800-ab59-260fb3c77405,1400949768288,12387818340448,12586001006688,1332 - Old Box 3-3,1332 - Old Box 3,1332 - Old Box 3,no,yes,yes
Genova Shirt - White,Size: M,f6f91ef1-b3b0-49ee-acd7-2d7955039696,1400949768288,12387818307680,12586000973920,1332 - Old Box 3-2,1332 - Old Box 3,1332 - Old Box 3,no,yes,yes
Georgia Boob Tube Top - Grey/Brown,Size: 10,7c573346-8565-4be9-9be3-82eba1335b35,10411455480113,51929112052017,54005728248113,211.  B15-4,211.  B15,211.  B15,no,yes,yes
Georgia Boob Tube Top - Grey/Brown,Size: 12,a1093ac0-a258-45fc-8367-7eb9a34dab7b,10411455480113,51929112084785,54005728280881,211.  B15-5,211.  B15,211.  B15,no,yes,yes
Georgia Boob Tube Top - Grey/Brown,Size: 6,fe69373e-1996-4431-919a-aaa799f4bd6a,10411455480113,51889932763441,53965717406001,211.  B15-2,211.  B15,211.  B15,no,yes,yes
Georgia Boob Tube Top - Grey/Brown,Size: 8,6b4f8048-ebfa-43ee-b943-77e4c893f4a9,10411455480113,51929112019249,54005728215345,211.  B15-3,211.  B15,211.  B15,no,yes,yes
Georgia Knit Jumper - Light Blue,Size: L,d24193f9-5b39-43c0-83cb-6be917d56b44,8600579375409,45841280368945,47887880028465,S2208 Jumpers Box 3-3,S2208 Jumpers Box 3,S2208 Jumpers Box 3,no,yes,yes
Georgia Knit Jumper - Light Blue,Size: M,bb8494f4-0ad3-4b19-8884-9b715c849372,8600579375409,45841280303409,47887879995697,S2208 Jumpers Box 3-2,S2208 Jumpers Box 3,S2208 Jumpers Box 3,no,yes,yes
Georgia Knit Jumper - Light Blue,Size: XL,46f2fc53-e328-474c-aca1-c9e47e38b271,8600579375409,45841280434481,47887880061233,S2208 Jumpers Box 3-4,S2208 Jumpers Box 3,S2208 Jumpers Box 3,no,yes,yes
Giselle Baby Blue Set - By Frankie,Size: L,3715ef74-1088-4bce-b770-51d80beac213,10459696267569,52070140903729,54160443441457,244-6 B12-5,244-6 B12,244-6 B12,no,yes,yes
Giselle Baby Blue Set - By Frankie,Size: M,3ea88083-5408-4b6c-baa3-1f8ef3482279,10459696267569,52070140870961,54160443408689,244-6 B12-4,244-6 B12,244-6 B12,no,yes,yes
Giselle Baby Blue Set - By Frankie,Size: S,853c0fe2-268b-4eb9-883c-a871528ca3fb,10459696267569,52070140838193,54160443375921,244-6 B12-3,244-6 B12,244-6 B12,no,yes,yes
Giselle Baby Blue Set - By Frankie,Size: XS,88749ee2-2972-436f-a28a-c08eb354e170,10459696267569,52070140805425,54160443343153,244-6 B12-2,244-6 B12,244-6 B12,no,yes,yes
Giselle Lace Pants Black Set - By Frankie,Size: L,4d2c52d5-9b13-4d3a-8e0c-73ceb5039921,10255749185841,51250077794609,53318276120881,244-1 BF1-10,244-1 BF1,244-1 BF1,no,yes,yes
Giselle Lace Pants Black Set - By Frankie,Size: M,0656e0a7-bdb9-402d-85b7-235f52a0c99e,10255749185841,51250077761841,53318276088113,244-1 BF1-9,244-1 BF1,244-1 BF1,no,yes,yes
Giselle Lace Pants Black Set - By Frankie,Size: S,875fb0b4-4ca5-4384-8f20-d9d95a22222e,10255749185841,51250077729073,53318276055345,244-1 BF1-8,244-1 BF1,244-1 BF1,no,yes,yes
Giselle Lace Pants Black Set - By Frankie,Size: XS,d73dd9b5-be9a-4bcc-a1f4-a2a6acf3f210,10255749185841,51250077696305,53318276022577,244-1 BF1-7,244-1 BF1,244-1 BF1,no,yes,yes
Giselle Lace Pants Brown Set - By Frankie,Size: L,38bcbd4e-f281-4150-8d39-02805e6cbc67,10255742697777,51250048565553,53318246891825,244-1 BF1-5,244-1 BF1,244-1 BF1,no,yes,yes
Giselle Lace Pants Brown Set - By Frankie,Size: M,6268fae4-0bd5-49b6-af9b-dd1d349b1181,10255742697777,51250048532785,53318246859057,244-1 BF1-4,244-1 BF1,244-1 BF1,no,yes,yes
Giselle Lace Pants Brown Set - By Frankie,Size: S,e4811ae9-a632-40f8-8a70-56fc59ec471b,10255742697777,51250048500017,53318246826289,244-1 BF1-3,244-1 BF1,244-1 BF1,no,yes,yes
Giselle Lace Pants Brown Set - By Frankie,Size: XL,ec710df5-6acf-4d10-a5d3-a43977ba175a,10255742697777,51250048598321,53318246924593,244-1 BF1-6,244-1 BF1,244-1 BF1,no,yes,yes
Giselle Lace Pants Brown Set - By Frankie,Size: XS,797c4f83-2cca-4eca-8fe7-e21b17a07685,10255742697777,51250048467249,53318246793521,244-1 BF1-2,244-1 BF1,244-1 BF1,no,yes,yes
Giselle Linen Mini Dress - French Oak,Size: L,d07e2626-5306-456a-8a69-a75d85bb8541,8073337274673,44183918674225,46231530996017,Giselle Linen Mini Box 2 GDS-4,Giselle Linen Mini Box 2 GDS,Giselle Linen Mini Box 2 GDS,no,yes,yes
Giselle Linen Mini Dress - French Oak,Size: M,c41fd79d-904d-42c3-aafa-515c9d0a3c4d,8073337274673,44183918641457,46231530963249,Giselle Linen Mini Box 2 GDS-3,Giselle Linen Mini Box 2 GDS,Giselle Linen Mini Box 2 GDS,no,yes,yes
Giselle Linen Mini Dress - French Oak,Size: S,fcfd5602-45d2-420b-a156-744a2c003870,8073337274673,44183918608689,46231530930481,Giselle Linen Mini Box 2 GDS-2,Giselle Linen Mini Box 2 GDS,Giselle Linen Mini Box 2 GDS,no,yes,yes
Giselle Linen Mini Dress - French Oak,Size: XL,b1a0933c-08d5-45b7-8798-53a4bef717d9,8073337274673,44183918706993,46231531028785,Giselle Linen Mini Box 2 GDS-5,Giselle Linen Mini Box 2 GDS,Giselle Linen Mini Box 2 GDS,no,yes,yes
Giselle Pleated Skirt,Size: L,99d1dfb4-1b63-4885-9793-6b794e31b1e6,7007828213917,41003962302621,43099680047261,Giselle Skirt Box 10-4,Giselle Skirt Box 10,Giselle Skirt Box 10,no,yes,yes
Giselle Pleated Skirt,Size: M,84004f73-605b-4593-93cc-cf13e0d1fa43,7007828213917,41003962269853,43099680014493,Giselle Skirt Box 10-3,Giselle Skirt Box 10,Giselle Skirt Box 10,no,yes,yes
Giselle Pleated Skirt,Size: S,2fba6aff-a7d6-461d-8229-cb2fef6920a5,7007828213917,41003962237085,43099679981725,Giselle Skirt Box 10-2,Giselle Skirt Box 10,Giselle Skirt Box 10,no,yes,yes
Grace Blouse - White,Size: L,ab4d24e0-ab58-4719-a96c-f740bb19835a,8352022561073,45027581919537,47072899858737,280 1420-4,280 1420,280 1420,no,yes,yes
Grace Blouse - White,Size: M,9a30d931-58a4-45d5-99ab-49335007c0ed,8352022561073,45027581886769,47072899825969,280 1420-3,280 1420,280 1420,no,yes,yes
Grace Blouse - White,Size: S,be24e02b-b27a-4915-a8bd-6df28e7b3f1b,8352022561073,45027581854001,47072899793201,280 1420-2,280 1420,280 1420,no,yes,yes
Grace Blouse - White,Size: XL,7df49257-c514-4d97-9940-b368f4db4cfc,8352022561073,45027581952305,47072899891505,280 1420-5,280 1420,280 1420,no,yes,yes
Grace Embroidered Midi Dress - White,Size: L,0ed93762-10c9-4dd6-bc37-a93c371bc739,8362371907889,45067437900081,47112828191025,280 1421 Box 11 GDS-4,280 1421 Box 11 GDS,280 1421 Box 11 GDS,no,yes,yes
Grace Embroidered Midi Dress - White,Size: M,9d79efb5-28e1-4df2-94a8-6ad9221faf78,8362371907889,45067437867313,47112828158257,280 1421 Box 11 GDS-3,280 1421 Box 11 GDS,280 1421 Box 11 GDS,no,yes,yes
Grace Embroidered Midi Dress - White,Size: S,ba979162-70b3-4196-b2a3-e41036a7295b,8362371907889,45067437834545,47112828125489,280 1421 Box 11 GDS-2,280 1421 Box 11 GDS,280 1421 Box 11 GDS,no,yes,yes
Grace Embroidered Midi Dress - White,Size: XL,6d348005-3891-4188-a2a3-d08c71bcf4d8,8362371907889,45067437932849,47112828223793,280 1421 Box 11 GDS-5,280 1421 Box 11 GDS,280 1421 Box 11 GDS,no,yes,yes
Grace Pants - Khaki,Size: L,871b3988-9f5a-44c0-8eae-aff8a33f0fc3,8007115112753,43960249352497,46009530941745,280 3349-4,280 3349,280 3349,no,yes,yes
Grace Pants - Khaki,Size: M,e623acb1-b997-4b80-a319-704120bd8bb4,8007115112753,43960249319729,46009530908977,280 3349-3,280 3349,280 3349,no,yes,yes
Grace Pants - Khaki,Size: S,d8553495-2679-4638-8627-d7f0f867358c,8007115112753,43960249286961,46009530876209,280 3349-2,280 3349,280 3349,no,yes,yes
Grace Pants - Khaki,Size: XL,5fad60c3-f6c7-4b04-88c0-77918e534b0c,8007115112753,43960249385265,46009530974513,280 3349-5,280 3349,280 3349,no,yes,yes
Grace Sweater Dress - Khaki,Size: L,33714397-fb0e-4d75-8752-cc3784f6bf43,6808071667869,40325988253853,42422063071389,Grace Sweater Dress Box 2 GDS-4,Grace Sweater Dress Box 2 GDS,Grace Sweater Dress Box 2 GDS,no,yes,yes
Grace Sweater Dress - Khaki,Size: M,3597aacb-1e11-4140-88d7-067985167756,6808071667869,40325988221085,42422063038621,Grace Sweater Dress Box 2 GDS-3,Grace Sweater Dress Box 2 GDS,Grace Sweater Dress Box 2 GDS,no,yes,yes
Grace Sweater Dress - Khaki,Size: S,acf0e1db-c97e-4899-804d-f71dff56f754,6808071667869,40325988188317,42422063005853,Grace Sweater Dress Box 2 GDS-2,Grace Sweater Dress Box 2 GDS,Grace Sweater Dress Box 2 GDS,no,yes,yes
Gracie Pants - Blue/White,Size: L,99778481-1ede-4c9f-98e2-5fc6b04d444e,8947777732913,47173472682289,49222305382705,JS-2019609-0945 - T2-5,JS-2019609-0945 - T2,JS-2019609-0945 - T2,no,yes,yes
Gracie Pants - Blue/White,Size: M,aab38c3d-804a-4c6e-9912-5187d845f2cf,8947777732913,47173472649521,49222305349937,JS-2019609-0945 - T2-4,JS-2019609-0945 - T2,JS-2019609-0945 - T2,no,yes,yes
Gracie Pants - Blue/White,Size: S,128171c0-ac8d-4e4c-920a-22f8f0026c9d,8947777732913,47173472616753,49222305317169,JS-2019609-0945 - T2-3,JS-2019609-0945 - T2,JS-2019609-0945 - T2,no,yes,yes
Gracie Pants - Blue/White,Size: XS,6dde77e6-cc7e-49e8-9f26-8acf3404defe,8947777732913,47173472583985,49222305284401,JS-2019609-0945 - T2-2,JS-2019609-0945 - T2,JS-2019609-0945 - T2,no,yes,yes
Grand Prix Long Sleeve Top - By Frankie,Size: L,a81ac93c-75dd-4b20-af4a-3e19cf8f83db,10678666330417,54295953932593,56404482588977,787-8 - A18-5,787-8 - A18,787-8 - A18,no,yes,yes
Grand Prix Long Sleeve Top - By Frankie,Size: M,d473ab53-f4b1-4bf0-b136-934206f32abb,10678666330417,54295953899825,56404482556209,787-8 - A18-4,787-8 - A18,787-8 - A18,no,yes,yes
Grand Prix Long Sleeve Top - By Frankie,Size: S,8af9fe40-d1b9-47bb-a09e-d86ac1b0ecb7,10678666330417,54295953867057,56404482523441,787-8 - A18-3,787-8 - A18,787-8 - A18,no,yes,yes
Grand Prix Long Sleeve Top - By Frankie,Size: XS,5f74b161-b688-4040-904b-e32f5b050773,10678666330417,54295953834289,56404482490673,787-8 - A18-2,787-8 - A18,787-8 - A18,no,yes,yes
Grapefruit & Oranges Tee - By Frankie,Size: L,32dadf5c-a564-4f4a-b5e5-3bb5e4e71ff4,10197425848625,50764517212465,52834108571953,482-1 - A15-5,482-1 - A15,482-1 - A15,no,yes,yes
Grapefruit & Oranges Tee - By Frankie,Size: M,b86853ce-2749-42e6-8e81-8e63ad7ca277,10197425848625,50764517179697,52834108539185,482-1 - A15-4,482-1 - A15,482-1 - A15,no,yes,yes
Grapefruit & Oranges Tee - By Frankie,Size: S,2bdfc9d7-e23a-44e1-a79d-effa2797b9c8,10197425848625,50764517146929,52834108506417,482-1 - A15-3,482-1 - A15,482-1 - A15,no,yes,yes
Grapefruit & Oranges Tee - By Frankie,Size: XS,89df8605-1f61-4d48-9270-ec69dcc48db3,10197425848625,50764517114161,52834108473649,482-1 - A15-2,482-1 - A15,482-1 - A15,no,yes,yes
Gwen Lace Asymmetrical Mini Dress/Top - By Frankie,Size: L,5fa4fcbb-2e17-42b5-a18e-4fcf9e7c47d8,10446791016753,52015813853489,54105902448945,730-2 - BF2-5,730-2 - BF2,730-2 - BF2,no,yes,yes
Gwen Lace Asymmetrical Mini Dress/Top - By Frankie,Size: M,b480d4ed-20a8-470c-95f3-3f44a48701e0,10446791016753,52015813820721,54105902416177,730-2 - BF2-4,730-2 - BF2,730-2 - BF2,no,yes,yes
Gwen Lace Asymmetrical Mini Dress/Top - By Frankie,Size: S,8f7cf129-8b9a-4086-aef0-16f04274a8ef,10446791016753,52015813787953,54105902383409,730-2 - BF2-3,730-2 - BF2,730-2 - BF2,no,yes,yes
Gwen Lace Asymmetrical Mini Dress/Top - By Frankie,Size: XS,3d3e97ef-9245-49a0-835e-5c7f9e65a9b1,10446791016753,52015813755185,54105902350641,730-2 - BF2-2,730-2 - BF2,730-2 - BF2,no,yes,yes
Handmade Glass Bead Bracelet - Turquoise/Gold,Title: Default Title,e3c0e377-cc85-482e-b4bb-a8c282956a80,9789650403633,49429230846257,51476261011761,M19-04-2,M19-04,M19-04,no,yes,yes
Harper Long Dress - Black - GDS,Size: L,e8cd9c04-2dbf-47e5-b9ff-98090e2c2d74,8726127280433,46268775891249,48315752055089,2803379 MKT-5,2803379 MKT,2803379 MKT,no,yes,yes
Harper Long Dress - Black - GDS,Size: M,5ecb201d-bd11-4f31-9ac6-833d0a9a9ead,8726127280433,46268775825713,48315752022321,2803379 MKT-4,2803379 MKT,2803379 MKT,no,yes,yes
Harper Long Dress - Black - GDS,Size: S,9754fc59-4eb0-4e07-b3a6-1a26e7941b6f,8726127280433,46268775792945,48315751989553,2803379 MKT-3,2803379 MKT,2803379 MKT,no,yes,yes
Harper Long Dress - Black - GDS,Size: XS,bc41268f-6d0d-43fc-8d01-d600dcdc7e66,8726127280433,46268775760177,48315751956785,2803379 MKT-2,2803379 MKT,2803379 MKT,no,yes,yes
Harper Maxi Dress - Cream,Size: L,1e677489-aea1-4cbd-aee0-cf15bf68a7a7,9991148732721,49942874554673,51992595497265,ST3607D01 - B10-5,ST3607D01 - B10,ST3607D01 - B10,no,yes,yes
Harper Maxi Dress - Cream,Size: M,dcd7d834-f47c-4f43-b1d8-0fa60664e063,9991148732721,49942874521905,51992595464497,ST3607D01 - B10-4,ST3607D01 - B10,ST3607D01 - B10,no,yes,yes
Harper Maxi Dress - Cream,Size: S,1b6bbb2c-2c9c-484c-b262-ad795ef504c9,9991148732721,49942874489137,51992595431729,ST3607D01 - B10-3,ST3607D01 - B10,ST3607D01 - B10,no,yes,yes
Harper Maxi Dress - Cream,Size: XS,69bebe25-1eb5-4efa-9653-78a81ee001a0,9991148732721,49942874456369,51992595398961,ST3607D01 - B10-2,ST3607D01 - B10,ST3607D01 - B10,no,yes,yes
Harriet Midi Linen Dress - Mustard/Green/Blue - GDS,Size: L/14,56d5a226-995d-4edb-9d8a-4a859a53763e,7191339761821,41594442350749,43691412258973,2804302-4,2804302,2804302,yes,yes,yes
Harriet Midi Linen Dress - Mustard/Green/Blue - GDS,Size: M/12,ccaf31ab-c946-464d-bde9-63ae1f633c59,7191339761821,41594442317981,43691412193437,2804302-3,2804302,2804302,yes,yes,yes
Harriet Midi Linen Dress - Mustard/Green/Blue - GDS,Size: S/10,218b92fc-4e5c-4486-8d8b-fbbcd45fabbd,7191339761821,41594442285213,43691412160669,2804302-2,2804302,2804302,yes,yes,yes
Harriet Midi Linen Dress - Mustard/Green/Blue - GDS,Size: XL/16,7d3e7dc1-a4c8-4350-83ff-100e016ebefa,7191339761821,41594442383517,43691412291741,2804302-5,2804302,2804302,yes,yes,yes
Harriet Midi Linen Dress - Pink/Purple/Blue - GDS,Size: L/14,9d57ce66-8354-42b0-9632-6b631a65892e,7191312531613,41594344145053,43691314020509,2804302-9,2804302,2804302,yes,yes,yes
Harriet Midi Linen Dress - Pink/Purple/Blue - GDS,Size: M/12,becc1735-0f0b-4db8-9d3f-364aabd92835,7191312531613,41594344112285,43691313987741,2804302-8,2804302,2804302,yes,yes,yes
Harriet Midi Linen Dress - Pink/Purple/Blue - GDS,Size: S/10,4f13eea8-0882-4661-a6c9-c0d8c4637ab8,7191312531613,41594344079517,43691313954973,2804302-7,2804302,2804302,yes,yes,yes
Harriet Midi Linen Dress - Pink/Purple/Blue - GDS,Size: XL/16,ac907853-7d86-484f-b223-78a338d0e0a4,7191312531613,41594344177821,43691314053277,2804302-10,2804302,2804302,yes,yes,yes
Harriet Midi Linen Dress - Pink/Purple/Blue - GDS,Size: XS/8,ff68043b-c901-404e-8115-2e40100d780e,7191312531613,41594344046749,43691313922205,2804302-6,2804302,2804302,yes,yes,yes
Heather Lace Linen Pants - White,Size: L,5db33670-b5a7-4ba5-bd7f-7c0700a20365,7007792038045,41003815731357,43099533410461,Pants Box-4,Pants Box,Pants Box,no,yes,yes
Heather Lace Linen Pants - White,Size: M,3bdc1ec3-0c87-4af2-9d7d-488d9c279410,7007792038045,41003815698589,43099533377693,Pants Box-3,Pants Box,Pants Box,no,yes,yes
Heather Lace Linen Pants - White,Size: S,560d7ac5-9505-4571-a66f-488275118425,7007792038045,41003815665821,43099533344925,Pants Box-2,Pants Box,Pants Box,no,yes,yes
Heather Lace Linen Pants - White,Size: XL,a9db6290-9e0b-41e2-9468-585d09653c6a,7007792038045,43126622978205,45225430581405,Pants Box-5,Pants Box,Pants Box,no,yes,yes
Heather Linen/Lace Skirt,Size: L,dd2f7f9c-a882-4f82-971d-33ab98b3d5aa,7007810748573,41003871994013,43099589705885,280 2348 - C5-4,280 2348 - C5,280 2348 - C5,no,yes,yes
Heather Linen/Lace Skirt,Size: M,bc6f8e59-82f1-4937-b40a-2a4bcab56c9f,7007810748573,41003871961245,43099589640349,280 2348 - C5-3,280 2348 - C5,280 2348 - C5,no,yes,yes
Heather Linen/Lace Skirt,Size: S,ef017f6e-62ba-44d1-9286-a2c78803e4ae,7007810748573,41003871928477,43099589607581,280 2348 - C5-2,280 2348 - C5,280 2348 - C5,no,yes,yes
Henley Linen Maxi Dress - Emerald/White,Size: L,9f2aa79e-8237-4156-b765-7e8d72e53e49,9175085908273,47741567500593,49791007195441,SJ-0030 - A11-5,SJ-0030 - A11,SJ-0030 - A11,no,yes,yes
Henley Linen Maxi Dress - Emerald/White,Size: L,a844bf0b-42d1-4f9d-be79-e88b1d4f460f,9175086399793,47741568221489,49791007916337,SJ-0029 - A11-5,SJ-0029 - A11,SJ-0029 - A11,no,yes,yes
Henley Linen Maxi Dress - Emerald/White,Size: M,1ce5c90e-78f7-4a66-aaee-e26ca763ea04,9175085908273,47741567467825,49791007162673,SJ-0030 - A11-4,SJ-0030 - A11,SJ-0030 - A11,no,yes,yes
Henley Linen Maxi Dress - Emerald/White,Size: M,307165b2-edd2-4082-90e0-b45b093212a3,9175086399793,47741568188721,49791007883569,SJ-0029 - A11-4,SJ-0029 - A11,SJ-0029 - A11,no,yes,yes
Henley Linen Maxi Dress - Emerald/White,Size: S,2c235f4b-f744-41a1-bea1-8b6d6131cf76,9175085908273,47741567435057,49791007129905,SJ-0030 - A11-3,SJ-0030 - A11,SJ-0030 - A11,no,yes,yes
Henley Linen Maxi Dress - Emerald/White,Size: S,f2414b63-5222-4ebd-a091-99c6972b60c0,9175086399793,47741568155953,49791007850801,SJ-0029 - A11-3,SJ-0029 - A11,SJ-0029 - A11,no,yes,yes
Henley Linen Maxi Dress - Emerald/White,Size: XS,bc081b54-15a0-4469-a035-7f5457369da0,9175085908273,47741567402289,49791007097137,SJ-0030 - A11-2,SJ-0030 - A11,SJ-0030 - A11,no,yes,yes
Henley Linen Maxi Dress - Emerald/White,Size: XS,3493e3c3-8d2f-47e2-b7b8-00ad57b1fac8,9175086399793,47741568123185,49791007818033,SJ-0029 - A11-2,SJ-0029 - A11,SJ-0029 - A11,no,yes,yes
Holly Pom Pom Beanie - Charcoal,Title: Default Title,a61de1a7-96e6-4888-b876-66f888dd4224,6743160914077,40069831491741,42165557723293,AWH1657 Jumpers Box 3-2,AWH1657 Jumpers Box 3,AWH1657 Jumpers Box 3,no,yes,yes
Holly Pom Pom Beanie - Dusty Pink,Title: Default Title,b31255c4-bcae-4dc1-be80-f93a3617c4a6,6743142105245,40069700255901,42165426815133,AWH1657 Jumpers Box 3-3,AWH1657 Jumpers Box 3,AWH1657 Jumpers Box 3,no,yes,yes
Imogen Mini Dress - Multi,Size: 10,3912c683-d67e-4366-a760-9e8e234ce524,10055453278513,50200199266609,52252631892273,A57520-2 - A3-3,A57520-2 - A3,A57520-2 - A3,no,yes,yes
Imogen Mini Dress - Multi,Size: 12,af69822e-ba8c-4246-a570-5d8ebc398e26,10055453278513,50200199299377,52252631925041,A57520-2 - A3-4,A57520-2 - A3,A57520-2 - A3,no,yes,yes
Imogen Mini Dress - Multi,Size: 14,c8b88d6f-b142-4d2e-9ff3-76edd6f3dfe1,10055453278513,50200199332145,52252631957809,A57520-2 - A3-5,A57520-2 - A3,A57520-2 - A3,no,yes,yes
Imogen Mini Dress - Multi,Size: 8,dd15c96e-2176-45a1-a3ea-2d417ad3d12d,10055453278513,50200199233841,52252631859505,A57520-2 - A3-2,A57520-2 - A3,A57520-2 - A3,no,yes,yes
Imogen Mini Skirt - Multi,Size: 10,48fdfe80-fbe2-4887-abd1-036256d2c114,10055455113521,50200213586225,52252646211889,A57564 - A3-3,A57564 - A3,A57564 - A3,no,yes,yes
Imogen Mini Skirt - Multi,Size: 12,82bba6f0-a737-456b-a1c0-aeef643764eb,10055455113521,50200213618993,52252646244657,A57564 - A3-4,A57564 - A3,A57564 - A3,no,yes,yes
Imogen Mini Skirt - Multi,Size: 14,e08bf5ba-1ccd-4524-9474-c620d710fe6a,10055455113521,50200213651761,52252646277425,A57564 - A3-5,A57564 - A3,A57564 - A3,no,yes,yes
Imogen Mini Skirt - Multi,Size: 8,55e37063-c9f5-4801-a502-33de69d6b029,10055455113521,50200213553457,52252646179121,A57564 - A3-2,A57564 - A3,A57564 - A3,no,yes,yes
Iowna Knit Top - Mocha,Size: 10/M,eaa85d38-f501-4207-bd52-5e92df1f989f,10181695635761,50718535188785,52788030996785,30054D - N-3,30054D - N,30054D - N,no,yes,yes
Iowna Knit Top - Mocha,Size: 8/S,c0d365d6-c5bb-47ff-a4fa-69f0088c7b23,10181695635761,50718535156017,52788030964017,30054D - N-2,30054D - N,30054D - N,no,yes,yes
Irina Blouse - Green/Pink/Blue,Size: L,37054c91-7ef2-4f49-b4e2-5da09aa362c2,10073622249777,50279245283633,52332761973041,JS-2019339B -1082 - A8-5,JS-2019339B -1082 - A8,JS-2019339B -1082 - A8,no,yes,yes
Irina Blouse - Green/Pink/Blue,Size: M,5183af75-663d-4529-8dde-f14c7eb4af3b,10073622249777,50279245250865,52332761940273,JS-2019339B -1082 - A8-4,JS-2019339B -1082 - A8,JS-2019339B -1082 - A8,no,yes,yes
Irina Blouse - Green/Pink/Blue,Size: S,93326b34-5aab-474f-b0ed-dbdaef0cb02e,10073622249777,50279245218097,52332761907505,JS-2019339B -1082 - A8-3,JS-2019339B -1082 - A8,JS-2019339B -1082 - A8,no,yes,yes
Irina Blouse - Green/Pink/Blue,Size: XS,aa0dba83-fa98-41a3-96ca-bf1bb0cb2c45,10073622249777,50279245185329,52332761874737,JS-2019339B -1082 - A8-2,JS-2019339B -1082 - A8,JS-2019339B -1082 - A8,no,yes,yes
Irina Maxi - Green/Pink/Blue,Size: 16,0bf99e98-2b99-471e-aa74-654507d2b5ef,10073610191153,50279248757041,52332765675825,JS2017382B - 1082 - A8-7,JS2017382B - 1082 - A8,JS2017382B - 1082 - A8,no,yes,yes
Irina Maxi - Green/Pink/Blue,Size: 18,5dcc9c67-da5d-4cb2-b45e-35bd0b4b1f7f,10073610191153,50279248789809,52332765708593,JS2017382B - 1082 - A8-8,JS2017382B - 1082 - A8,JS2017382B - 1082 - A8,no,yes,yes
Irina Maxi - Green/Pink/Blue,Size: L,9275e2f7-914b-4284-ac55-69a74d4fde1e,10073610191153,50279159660849,52332675399985,JS2017382B - 1082 - A8-5,JS2017382B - 1082 - A8,JS2017382B - 1082 - A8,no,yes,yes
Irina Maxi - Green/Pink/Blue,Size: M,db024f97-7b15-4557-ab5b-d0cb20f79a3b,10073610191153,50279159628081,52332675367217,JS2017382B - 1082 - A8-4,JS2017382B - 1082 - A8,JS2017382B - 1082 - A8,no,yes,yes
Irina Maxi - Green/Pink/Blue,Size: S,e746cb81-4445-489f-887d-568ca78f8ed3,10073610191153,50279159595313,52332675334449,JS2017382B - 1082 - A8-3,JS2017382B - 1082 - A8,JS2017382B - 1082 - A8,no,yes,yes
Irina Maxi - Green/Pink/Blue,Size: XL,28e903b5-c8b4-4871-b188-279b6f508b00,10073610191153,50279159693617,52332675432753,JS2017382B - 1082 - A8-6,JS2017382B - 1082 - A8,JS2017382B - 1082 - A8,no,yes,yes
Irina Maxi - Green/Pink/Blue,Size: XS,eef3d831-29bc-4836-8f6f-7c6f5ad2f8b0,10073610191153,50279159562545,52332675301681,JS2017382B - 1082 - A8-2,JS2017382B - 1082 - A8,JS2017382B - 1082 - A8,no,yes,yes
Isabella Paisley Wrap Dress- Sky Blue/Bronze,Size: 12,3295ec4b-4570-4390-93cd-7a14545786ad,4541527916640,31944266219616,33525136982112,B6-2,B6,B6,no,yes,yes
Isabella Paisley Wrap Dress- Sky Blue/Bronze,Size: 14,bc344152-2a29-4aa2-89da-3561b7b67ad1,4541527916640,31967013535840,33548014125152,B6-3,B6,B6,no,yes,yes
Isabella Paisley Wrap Dress-Pink/Bronze,Size: L,3776cd24-c236-4e3c-8026-41b8612fc175,4541534077024,31944274313312,33525145534560,EP2031 - B2-3,EP2031 - B2,EP2031 - B2,no,yes,yes
Isabella Paisley Wrap Dress-Pink/Bronze,Size: M,4bff90be-9a97-4ccb-980b-25405f8f2768,4541534077024,31944274280544,33525145501792,EP2031 - B2-2,EP2031 - B2,EP2031 - B2,no,yes,yes
Isabella Paisley Wrap Dress-Pink/Bronze,Size: XL,82c7b19d-a913-44ad-8459-d0a6b15f890c,4541534077024,31944274346080,33525145567328,EP2031 - B2-4,EP2031 - B2,EP2031 - B2,no,yes,yes
Isadore Lace Midi Dress - White,Size: L,f711dc31-390d-4cbd-bf5a-fa56a523cf4f,8289532641585,44812044665137,46857074639153,IN MARKET-4,IN MARKET,IN MARKET,no,yes,yes
Isadore Lace Midi Dress - White,Size: M,82600c3b-76a5-4095-8f52-6517bf5d3d92,8289532641585,44812044632369,46857074606385,IN MARKET-3,IN MARKET,IN MARKET,no,yes,yes
Isadore Lace Midi Dress - White,Size: S,ccae0917-f28e-48f6-82b9-c1ad812e4a84,8289532641585,44812044599601,46857074573617,IN MARKET-2,IN MARKET,IN MARKET,no,yes,yes
Isadore Lace Midi Dress - White,Size: XL,6d286b15-5797-4048-bce9-95b6ac4847be,8289532641585,44812044697905,46857074671921,IN MARKET-5,IN MARKET,IN MARKET,no,yes,yes
Isla Cardigan/Jacket - Beige,Size: S/M,8754e64a-9a19-4672-88b9-be0d8a83b147,10680887279921,54323853885745,56432503259441,CA0332 Jumpers Box 4-2,CA0332 Jumpers Box 4,CA0332 Jumpers Box 4,no,yes,yes
Isla Dress - Khaki,Size: L,b979aad9-f69f-438a-a610-aa1e7c8a1d71,6599592771741,39461922275485,41555964166301,ISLA - GDS BOX 10-4,ISLA - GDS BOX 10,ISLA - GDS BOX 10,no,yes,yes
Isla Dress - Khaki,Size: M,0132165a-8586-400a-9d23-2c6341245831,6599592771741,39461922242717,41555964133533,ISLA - GDS BOX 10-3,ISLA - GDS BOX 10,ISLA - GDS BOX 10,no,yes,yes
Isla Dress - Khaki,Size: S,65cea66a-a2e1-47db-ac18-ee923a828256,6599592771741,39461922209949,41555964100765,ISLA - GDS BOX 10-2,ISLA - GDS BOX 10,ISLA - GDS BOX 10,no,yes,yes
Isla Dress - Khaki,Size: XL,12c5261b-5ee4-4fc1-9bd7-2e907dbbd256,6599592771741,46407184548145,48454486098225,ISLA - GDS BOX 10-5,ISLA - GDS BOX 10,ISLA - GDS BOX 10,no,yes,yes
Isla Island Jumpsuit - Green/White,Size: 10,8bf34539-9ba7-479c-b0b5-c6ba4638f68f,10046371234097,50166419358001,52218392871217,2011798-47 - K-3,2011798-47 - K,2011798-47 - K,no,yes,yes
Isla Island Jumpsuit - Green/White,Size: 12,372a1044-ec5e-42b2-b85e-7babdd0331c6,10046371234097,50166419390769,52218392903985,2011798-47 - K-4,2011798-47 - K,2011798-47 - K,no,yes,yes
Isla Island Jumpsuit - Green/White,Size: 14,69f6c789-fdf4-4ed2-88c6-dbbcd76a51af,10046371234097,50166419423537,52218392936753,2011798-47 - K-5,2011798-47 - K,2011798-47 - K,no,yes,yes
Isla Island Jumpsuit - Green/White,Size: 8,0cf5511f-2c09-4cea-a01e-b1c62cfab3ae,10046371234097,50166419325233,52218392838449,2011798-47 - K-2,2011798-47 - K,2011798-47 - K,no,yes,yes
Isla Island Pants - White/Green,Size: 10,e55daa2f-5feb-4902-a504-0c2cb17ba820,10045543579953,50162866716977,52214690611505,203625-46 - K-3,203625-46 - K,203625-46 - K,no,yes,yes
Isla Island Pants - White/Green,Size: 12,00a4121c-cc74-4f1d-a619-bcabce3b051c,10045543579953,50162866749745,52214690644273,203625-46 - K-4,203625-46 - K,203625-46 - K,no,yes,yes
Isla Island Pants - White/Green,Size: 14,c85e89fc-235d-466b-ba80-17307085d500,10045543579953,50162866782513,52214690677041,203625-46 - K-5,203625-46 - K,203625-46 - K,no,yes,yes
Isla Island Pants - White/Green,Size: 8,9064b685-078a-4844-bdfa-2afe06be6ff4,10045543579953,50162866684209,52214690578737,203625-46 - K-2,203625-46 - K,203625-46 - K,no,yes,yes
Ivy Dress - Blue,Size: 10,8a11def6-3853-49a7-bcdd-13920ba3be85,7334412877981,42157499515037,44256099696797,M-A60051 - D-2,M-A60051 - D,M-A60051 - D,no,yes,yes
Ivy Dress - Blue,Size: 12,e920d168-c9ea-4ec9-be3e-9d0681ffaf8e,7334412877981,42175798968477,44274422349981,M-A60051 - D-3,M-A60051 - D,M-A60051 - D,no,yes,yes
Ivy Dress - Blue,Size: 14,03e2f80a-ade5-49ed-b4f0-308690d4bace,7334412877981,42175799066781,44274422448285,M-A60051 - D-4,M-A60051 - D,M-A60051 - D,no,yes,yes
Ivy Dress - Blue,Size: 16,9ae89033-95f2-471f-87d2-23c5eca5de91,7334412877981,42175799099549,44274422481053,M-A60051 - D-5,M-A60051 - D,M-A60051 - D,no,yes,yes
Iwona Blouse - Blue,Size: 16,513bfae2-19f1-4314-995a-81636bcab541,9745191502129,49319921713457,51366921371953,JS80260#896 - C3-7,JS80260#896 - C3,JS80260#896 - C3,no,yes,yes
Iwona Blouse - Blue,Size: 18,56b4fe83-d840-4665-841d-edba14a5597a,9745191502129,49319921746225,51366921404721,JS80260#896 - C3-8,JS80260#896 - C3,JS80260#896 - C3,no,yes,yes
Iwona Blouse - Blue,Size: L,45181967-af6f-43fd-aea8-7d9d46f9b291,9745191502129,49319921647921,51366921306417,JS80260#896 - C3-5,JS80260#896 - C3,JS80260#896 - C3,no,yes,yes
Iwona Blouse - Blue,Size: M,a548765b-4618-45e0-9af7-07fe230ad72b,9745191502129,49319921615153,51366921273649,JS80260#896 - C3-4,JS80260#896 - C3,JS80260#896 - C3,no,yes,yes
Iwona Blouse - Blue,Size: S,b7e38381-7586-4a35-846d-0c21d2d8b94e,9745191502129,49319921582385,51366921240881,JS80260#896 - C3-3,JS80260#896 - C3,JS80260#896 - C3,no,yes,yes
Iwona Blouse - Blue,Size: XL,772c873b-e6f3-4648-98e3-6a4f1bfa8921,9745191502129,49319921680689,51366921339185,JS80260#896 - C3-6,JS80260#896 - C3,JS80260#896 - C3,no,yes,yes
Iwona Blouse - Blue,Size: XS,d0ad557d-04d7-4c9c-826f-8c51fdc5aa86,9745191502129,49319921549617,51366921208113,JS80260#896 - C3-2,JS80260#896 - C3,JS80260#896 - C3,no,yes,yes
Iwona Midi - Blue,Size: 16,9231e550-a557-4abf-8234-5a5daa5fcc25,9745186652465,49319892549937,51366892208433,JA06#896 - C2-7,JA06#896 - C2,JA06#896 - C2,no,yes,yes
Iwona Midi - Blue,Size: 18,050684b3-19e8-4a48-aa78-177253c5902d,9745186652465,49319892582705,51366892241201,JA06#896 - C2-8,JA06#896 - C2,JA06#896 - C2,no,yes,yes
Iwona Midi - Blue,Size: L,d602bd2c-ed20-4c4c-b36e-7023ec5accf8,9745186652465,49319892484401,51366892142897,JA06#896 - C2-5,JA06#896 - C2,JA06#896 - C2,no,yes,yes
Iwona Midi - Blue,Size: M,de4a3e19-8c51-48e1-88b6-7d1cc847f356,9745186652465,49319892451633,51366892110129,JA06#896 - C2-4,JA06#896 - C2,JA06#896 - C2,no,yes,yes
Iwona Midi - Blue,Size: S,8dede859-5e80-4f79-90fb-258b6fe8f099,9745186652465,49319892418865,51366892077361,JA06#896 - C2-3,JA06#896 - C2,JA06#896 - C2,no,yes,yes
Iwona Midi - Blue,Size: XL,8a3b3287-b560-4c40-bcfb-66b1a4d333b4,9745186652465,49319892517169,51366892175665,JA06#896 - C2-6,JA06#896 - C2,JA06#896 - C2,no,yes,yes
Iwona Midi - Blue,Size: XS,724c35bb-fd7a-4812-be7a-f0521ed95c63,9745186652465,49319892386097,51366892044593,JA06#896 - C2-2,JA06#896 - C2,JA06#896 - C2,no,yes,yes
Iwona Mini - Blue,Size: 16,366250f0-7686-427c-869c-cc01da9cf04a,9745188978993,49319910867249,51366910525745,JS810543#896 - C3-7,JS810543#896 - C3,JS810543#896 - C3,no,yes,yes
Iwona Mini - Blue,Size: 18,5a9b791d-a745-443e-b8f5-1a19b143122c,9745188978993,49319910900017,51366910558513,JS810543#896 - C3-8,JS810543#896 - C3,JS810543#896 - C3,no,yes,yes
Iwona Mini - Blue,Size: L,ec0691b1-2102-4352-a9b4-198c74c231e8,9745188978993,49319910801713,51366910460209,JS810543#896 - C3-5,JS810543#896 - C3,JS810543#896 - C3,no,yes,yes
Iwona Mini - Blue,Size: M,e06d5607-339f-4b5f-80d3-20b1a935d2f4,9745188978993,49319910768945,51366910427441,JS810543#896 - C3-4,JS810543#896 - C3,JS810543#896 - C3,no,yes,yes
Iwona Mini - Blue,Size: S,d5eebade-5e55-4456-b0c2-548e0d942e62,9745188978993,49319910736177,51366910394673,JS810543#896 - C3-3,JS810543#896 - C3,JS810543#896 - C3,no,yes,yes
Iwona Mini - Blue,Size: XL,74d1d78b-a57a-426d-ab42-c7f801577b4d,9745188978993,49319910834481,51366910492977,JS810543#896 - C3-6,JS810543#896 - C3,JS810543#896 - C3,no,yes,yes
Iwona Mini - Blue,Size: XS,162411be-bc86-4b1b-8036-a378d8016ef5,9745188978993,49319910703409,51366910361905,JS810543#896 - C3-2,JS810543#896 - C3,JS810543#896 - C3,no,yes,yes
Jacinta Dress - White,Size: 10,4132f0e0-7735-432c-a35e-6496b8bed35f,6590643470493,39427086385309,41521129619613,62705B - M-3,62705B - M,62705B - M,no,yes,yes
Jacinta Dress - White,Size: 12,88bc451c-5413-487c-9c72-530a442a5459,6590643470493,39427086418077,41521129652381,62705B - M-4,62705B - M,62705B - M,no,yes,yes
Jacinta Dress - White,Size: 14,a7df4438-a406-4d06-9573-7b3c4c9ec4b4,6590643470493,40239396978845,42335468454045,62705B - M-5,62705B - M,62705B - M,no,yes,yes
Jacinta Dress - White,Size: 8,bb5b707d-82a2-4c07-bf7c-b429dc0786b4,6590643470493,39427086352541,41521129586845,62705B - M-2,62705B - M,62705B - M,no,yes,yes
Jacinta Dress- Black,Size: 10,a7c9883e-ab16-4cbb-b3b6-f426c73c8966,6587778433181,39413978759325,41507999023261,62705B - B1-3,62705B - B1,62705B - B1,no,yes,yes
Jacinta Dress- Black,Size: 12,33c682e7-4ff9-4c93-918d-e320951dd284,6587778433181,39413978792093,41507999056029,62705B - B1-4,62705B - B1,62705B - B1,no,yes,yes
Jacinta Dress- Black,Size: 8,aba5b39e-58cc-481e-9304-ed1de62aa727,6587778433181,39413978726557,41507998990493,62705B - B1-2,62705B - B1,62705B - B1,no,yes,yes
Jacinta Mini - Light Blue/Purple,Size: 16,ec5c4ab1-fbe1-4f61-a0da-9be32d6c51a6,9090076836145,47573653193009,49622909354289,JS-2019403C-0919 - G-7,JS-2019403C-0919 - G,JS-2019403C-0919 - G,no,yes,yes
Jacinta Mini - Light Blue/Purple,Size: 18,4a9c42a2-402c-4ad0-be8d-67aa77f54465,9090076836145,47573653225777,49622909387057,JS-2019403C-0919 - G-8,JS-2019403C-0919 - G,JS-2019403C-0919 - G,no,yes,yes
Jacinta Mini - Light Blue/Purple,Size: L,2871ae4f-c06a-4332-92c1-96c2f097d122,9090076836145,47496263172401,49545507340593,JS-2019403C-0919 - G-5,JS-2019403C-0919 - G,JS-2019403C-0919 - G,no,yes,yes
Jacinta Mini - Light Blue/Purple,Size: M,36d63f24-c4d3-43a5-94fa-827695c2109f,9090076836145,47496263139633,49545507307825,JS-2019403C-0919 - G-4,JS-2019403C-0919 - G,JS-2019403C-0919 - G,no,yes,yes
Jacinta Mini - Light Blue/Purple,Size: S,da2a0755-18ac-43f4-bb99-96a4e3794fef,9090076836145,47496263106865,49545507275057,JS-2019403C-0919 - G-3,JS-2019403C-0919 - G,JS-2019403C-0919 - G,no,yes,yes
Jacinta Mini - Light Blue/Purple,Size: Xl,18333eb7-0ea8-4bfe-884f-bb41ebda124f,9090076836145,47496489140529,49545741795633,JS-2019403C-0919 - G-6,JS-2019403C-0919 - G,JS-2019403C-0919 - G,no,yes,yes
Jacinta Mini - Light Blue/Purple,Size: XS,af97b7cb-a0cd-4731-aa09-f74dfa516847,9090076836145,47496263074097,49545507242289,JS-2019403C-0919 - G-2,JS-2019403C-0919 - G,JS-2019403C-0919 - G,no,yes,yes
Jada Maxi Dress - Yellow/Pink,Size: L,f7c554c5-6528-4de5-a6b8-27da5ad10386,8008619852081,44053305688369,46101148729649,S15-0818B-0855 - A10-4,S15-0818B-0855 - A10,S15-0818B-0855 - A10,no,yes,yes
Jada Maxi Dress - Yellow/Pink,Size: M,6aa78733-4527-4fbc-8a35-e093b51765ad,8008619852081,44053305655601,46101148696881,S15-0818B-0855 - A10-3,S15-0818B-0855 - A10,S15-0818B-0855 - A10,no,yes,yes
Jada Maxi Dress - Yellow/Pink,Size: S,1b216818-e46a-4068-aad5-ed3f397e7dc5,8008619852081,44053305622833,46101148664113,S15-0818B-0855 - A10-2,S15-0818B-0855 - A10,S15-0818B-0855 - A10,no,yes,yes
Jada Maxi Dress - Yellow/Pink,Size: XL,a8d2e846-fbf2-4444-b97e-764681855dc4,8008619852081,44053305721137,46101148762417,S15-0818B-0855 - A10-5,S15-0818B-0855 - A10,S15-0818B-0855 - A10,no,yes,yes
Jameson Funnel Jacket - By frankie,Size: L,44223e47-57cf-4c7e-9510-294bcff33820,10707345834289,54866207179057,56977393090865,889-1 - T4-5,889-1 - T4,889-1 - T4,no,yes,yes
Jameson Funnel Jacket - By frankie,Size: M,0a52bc5c-3ce1-4b66-953d-80756eccffaa,10707345834289,54866207146289,56977393058097,889-1 - T4-4,889-1 - T4,889-1 - T4,no,yes,yes
Jameson Funnel Jacket - By frankie,Size: S,04e5900e-141e-4bfa-8dcf-43ffc41dfbfc,10707345834289,54866207113521,56977393025329,889-1 - T4-3,889-1 - T4,889-1 - T4,no,yes,yes
Jameson Funnel Jacket - By frankie,Size: XS,c7523b70-7862-44aa-a375-9bfee00c62bb,10707345834289,54866207080753,56977392992561,889-1 - T4-2,889-1 - T4,889-1 - T4,no,yes,yes
Jamilla Dress- Pink/Aqua,Size: 10,aac631c1-dbcf-4d92-a838-4c805abd75ea,5627066941597,36209446322333,38228880031901,S0153-23 - B-3,S0153-23 - B,S0153-23 - B,no,yes,yes
Jamilla Dress- Pink/Aqua,Size: 12,7c14937c-eee0-43ea-b0d4-2f88847e0d91,5627066941597,36209446355101,38228880064669,S0153-23 - B-4,S0153-23 - B,S0153-23 - B,no,yes,yes
Jamilla Dress- Pink/Aqua,Size: 14,4197fd9e-af68-4ba7-82ca-62139ed9e1f1,5627066941597,36209446387869,38228880097437,S0153-23 - B-5,S0153-23 - B,S0153-23 - B,no,yes,yes
Jamilla Dress- Pink/Aqua,Size: 16,6595c3cc-3e0d-4fd3-ab41-0bd90bad9073,5627066941597,36209596727453,38229030437021,S0153-23 - B-6,S0153-23 - B,S0153-23 - B,no,yes,yes
Jamilla Dress- Pink/Aqua,Size: 8,15818b4c-be3b-4124-90dd-b1491935422a,5627066941597,36209446289565,38228879999133,S0153-23 - B-2,S0153-23 - B,S0153-23 - B,no,yes,yes
Jamilla Long Sleeve Mini Dress - Aqua,Size: 10,cd3269d2-44d5-47a6-81a3-5ae851ad04f1,7277686227101,41930034479261,44028139667613,S0509B-115 - B-3,S0509B-115 - B,S0509B-115 - B,no,yes,yes
Jamilla Long Sleeve Mini Dress - Aqua,Size: 12,3ce4c044-8ce0-44cb-997d-a697c11ee79b,7277686227101,41930034512029,44028139700381,S0509B-115 - B-4,S0509B-115 - B,S0509B-115 - B,no,yes,yes
Jamilla Long Sleeve Mini Dress - Aqua,Size: 14,fa0983a0-e3bb-43c8-984b-dd0022d0f6f7,7277686227101,41930034544797,44028139733149,S0509B-115 - B-5,S0509B-115 - B,S0509B-115 - B,no,yes,yes
Jamilla Long Sleeve Mini Dress - Aqua,Size: 16,992df791-605a-4d90-a45c-56c125ecbb25,7277686227101,41930034577565,44028139765917,S0509B-115 - B-6,S0509B-115 - B,S0509B-115 - B,no,yes,yes
Jamilla Long Sleeve Mini Dress - Aqua,Size: 8,b76bdaed-45ae-4984-90be-249962736e0c,7277686227101,41930034446493,44028139634845,S0509B-115 - B-2,S0509B-115 - B,S0509B-115 - B,no,yes,yes
Jamilla Long Sleeve Mini Dress - Navy/Mustard/Maroon,Size: 10,0c48d110-904a-41ef-9b0e-226bfd804851,7302892322973,42062465695901,44161354006685,S0301-98 - B8-3,S0301-98 - B8,S0301-98 - B8,no,yes,yes
Jamilla Long Sleeve Mini Dress - Navy/Mustard/Maroon,Size: 12,4b2b2e09-949c-41f7-a182-87309ef0bf0d,7302892322973,42062465728669,44161354039453,S0301-98 - B8-4,S0301-98 - B8,S0301-98 - B8,no,yes,yes
Jamilla Long Sleeve Mini Dress - Navy/Mustard/Maroon,Size: 14,cc764ddf-c7e0-43e3-b25e-d6fb8e348084,7302892322973,42062465761437,44161354072221,S0301-98 - B8-5,S0301-98 - B8,S0301-98 - B8,no,yes,yes
Jamilla Long Sleeve Mini Dress - Navy/Mustard/Maroon,Size: 16,a9d305cc-9140-4ffc-abae-01076f66d9a2,7302892322973,42062465794205,44161354104989,S0301-98 - B8-6,S0301-98 - B8,S0301-98 - B8,no,yes,yes
Jamilla Long Sleeve Mini Dress - Navy/Mustard/Maroon,Size: 8,b024a281-8fe1-41a7-b04c-5504a92b699a,7302892322973,42062465663133,44161353973917,S0301-98 - B8-2,S0301-98 - B8,S0301-98 - B8,no,yes,yes
Jamilla Mini Dress - Blue/Mustard,Size: 10,13afba73-7d97-4828-9cbe-3858b44f3486,7282917933213,41964681625757,44062957076637,S0153-133 - B8-3,S0153-133 - B8,S0153-133 - B8,no,yes,yes
Jamilla Mini Dress - Blue/Mustard,Size: 12,15ebee2c-e168-4c3f-addf-3f848911d19b,7282917933213,41964681658525,44062957109405,S0153-133 - B8-4,S0153-133 - B8,S0153-133 - B8,no,yes,yes
Jamilla Mini Dress - Blue/Mustard,Size: 14,d426817d-d4a7-4dfb-8653-b787080daaa3,7282917933213,41964681691293,44062957142173,S0153-133 - B8-5,S0153-133 - B8,S0153-133 - B8,no,yes,yes
Jamilla Mini Dress - Blue/Mustard,Size: 16,87455d2c-48a0-4ef5-8d3b-04c84368b082,7282917933213,41964681724061,44062957174941,S0153-133 - B8-6,S0153-133 - B8,S0153-133 - B8,no,yes,yes
Jamilla Mini Dress - Blue/Mustard,Size: 8,f63c60f2-28f1-4114-b435-d76990f12542,7282917933213,41964681592989,44062957043869,S0153-133 - B8-2,S0153-133 - B8,S0153-133 - B8,no,yes,yes
Jamilla Mini Dress - Blue/Pink/Purple,Size: 10,34882739-8920-4327-a852-8e224d44c2b3,7335030685853,42160778412189,44259381739677,S0153-135 - B8-3,S0153-135 - B8,S0153-135 - B8,no,yes,yes
Jamilla Mini Dress - Blue/Pink/Purple,Size: 12,de6aaa07-3fe3-421a-9fee-fecec484f46c,7335030685853,42160778444957,44259381772445,S0153-135 - B8-4,S0153-135 - B8,S0153-135 - B8,no,yes,yes
Jamilla Mini Dress - Blue/Pink/Purple,Size: 14,a4c1aa76-be89-4c4b-9bbe-e8c29cdef737,7335030685853,42160778477725,44259381805213,S0153-135 - B8-5,S0153-135 - B8,S0153-135 - B8,no,yes,yes
Jamilla Mini Dress - Blue/Pink/Purple,Size: 16,85fcf583-4e2e-4d98-b35f-9c2161de2915,7335030685853,42160778510493,44259381837981,S0153-135 - B8-6,S0153-135 - B8,S0153-135 - B8,no,yes,yes
Jamilla Mini Dress - Blue/Pink/Purple,Size: 8,759ba1c2-b812-40e4-85df-7823883baa17,7335030685853,42160778379421,44259381706909,S0153-135 - B8-2,S0153-135 - B8,S0153-135 - B8,no,yes,yes
Jamilla Mini Dress - Sky Blue/Brown,Size: 10,8d08d1ce-86b3-45c9-a3f7-a6640ca23c81,7277682557085,41929999286429,44028104474781,S0153B 130 - B6-3,S0153B 130 - B6,S0153B 130 - B6,no,yes,yes
Jamilla Mini Dress - Sky Blue/Brown,Size: 12,07883f58-7491-4530-9d19-6cdfccfabbb0,7277682557085,41929999319197,44028104507549,S0153B 130 - B6-4,S0153B 130 - B6,S0153B 130 - B6,no,yes,yes
Jamilla Mini Dress - Sky Blue/Brown,Size: 14,9aea87a3-c2d9-4523-bccd-8dbcd3ce6ecf,7277682557085,41929999351965,44028104540317,S0153B 130 - B6-5,S0153B 130 - B6,S0153B 130 - B6,no,yes,yes
Jamilla Mini Dress - Sky Blue/Brown,Size: 16,1c2ca652-bdb1-458f-b3d5-ec55d606ea9a,7277682557085,41929999384733,44028104573085,S0153B 130 - B6-6,S0153B 130 - B6,S0153B 130 - B6,no,yes,yes
Jamilla Mini Dress - Sky Blue/Brown,Size: 8,51541247-bfbc-433d-9d13-57f8d6057a6c,7277682557085,41929999253661,44028104442013,S0153B 130 - B6-2,S0153B 130 - B6,S0153B 130 - B6,no,yes,yes
Jana Stripe Playsuit - Grey/White,Size: 10,9a495b5d-e2ce-4f99-b245-ed1d1c0e0142,9928087208241,49762695381297,51811036102961,BOX J-4,BOX J,BOX J,no,yes,yes
Jana Stripe Playsuit - Grey/White,Size: 12,839d0474-444d-466d-9af8-957f0c0ef39f,9928087208241,49762695414065,51811036135729,BOX J-5,BOX J,BOX J,no,yes,yes
Jana Stripe Playsuit - Grey/White,Size: 14,eaa5c031-7cc2-4b26-91f7-cb9754ea8879,9928087208241,50725453955377,52794942292273,BOX J-6,BOX J,BOX J,no,yes,yes
Jana Stripe Playsuit - Grey/White,Size: 6,5e8935b6-f739-4fba-b7cc-6f44e403b212,9928087208241,49762695315761,51811036037425,BOX J-2,BOX J,BOX J,no,yes,yes
Jana Stripe Playsuit - Grey/White,Size: 8,775b1f46-d2e3-46f6-b764-d89dcb6cb6de,9928087208241,49762695348529,51811036070193,BOX J-3,BOX J,BOX J,no,yes,yes
Jana Stripe Playsuit - Yellow/Mustard,Size: 10,d7240fdc-f7cc-4ce1-96a3-b501a7cbb9a8,9928091631921,49762707538225,51811048325425,BOX J-9,BOX J,BOX J,no,yes,yes
Jana Stripe Playsuit - Yellow/Mustard,Size: 12,513b0579-651e-41a7-ba4b-3944e7d1a2b1,9928091631921,49762707570993,51811048358193,BOX J-10,BOX J,BOX J,no,yes,yes
Jana Stripe Playsuit - Yellow/Mustard,Size: 6,071ab3aa-2e79-4420-a0bc-99b7224f7888,9928091631921,49762707472689,51811048259889,BOX J-7,BOX J,BOX J,no,yes,yes
Jana Stripe Playsuit - Yellow/Mustard,Size: 8,265efd3b-f3ff-4dbf-b612-354fe4d92fc4,9928091631921,49762707505457,51811048292657,BOX J-8,BOX J,BOX J,no,yes,yes
Jane Blouse/Top - White/Yellow,Size: L,7171a7ba-a04e-4e71-a4b0-c473546e0c1d,7512375591069,42720176341149,44818364399773,1555 - Box 1-4,1555 - Box 1,1555 - Box 1,no,yes,yes
Jane Blouse/Top - White/Yellow,Size: M,dfa8de38-b322-4615-a168-a6d2765c868f,7512375591069,42720176308381,44818364367005,1555 - Box 1-3,1555 - Box 1,1555 - Box 1,no,yes,yes
Jane Blouse/Top - White/Yellow,Size: S,086c68a4-43fc-4f26-9201-690e0d192ab1,7512375591069,42720176275613,44818364334237,1555 - Box 1-2,1555 - Box 1,1555 - Box 1,no,yes,yes
Jane Blouse/Top - White/Yellow,Size: XL,774dbe48-756d-4a45-b532-30f19a7eaa87,7512375591069,42720176373917,44818364432541,1555 - Box 1-5,1555 - Box 1,1555 - Box 1,no,yes,yes
Jane Linen Midi Dress - Khaki,Size: L,f28ba57c-ea05-4803-9650-29506275b163,7513351979165,42721766211741,44819953975453,280 3358 Box 4 GDS-4,280 3358 Box 4 GDS,280 3358 Box 4 GDS,no,yes,yes
Jane Linen Midi Dress - Khaki,Size: M,73f6218a-d386-4e86-9c0d-1afdcafb9344,7513351979165,42721766178973,44819953942685,280 3358 Box 4 GDS-3,280 3358 Box 4 GDS,280 3358 Box 4 GDS,no,yes,yes
Jane Linen Midi Dress - Khaki,Size: S,0a26602c-2241-49f1-be77-231411b956d7,7513351979165,42721766146205,44819953909917,280 3358 Box 4 GDS-2,280 3358 Box 4 GDS,280 3358 Box 4 GDS,no,yes,yes
Jane Linen Midi Dress - Khaki,Size: XL,208cb4ce-8299-4413-8f09-d27a898e31e4,7513351979165,42721766244509,44819954008221,280 3358 Box 4 GDS-5,280 3358 Box 4 GDS,280 3358 Box 4 GDS,no,yes,yes
Janet Mini Dress - White,Size: 10,8470886c-261b-4774-845f-f2aa91205ffa,9236473348401,47899164016945,49947326447921,2011206-1 - I-3,2011206-1 - I,2011206-1 - I,no,yes,yes
Janet Mini Dress - White,Size: 12,257060ed-3854-4227-b4fd-a748263b7678,9236473348401,47899164049713,49947326480689,2011206-1 - I-4,2011206-1 - I,2011206-1 - I,no,yes,yes
Janet Mini Dress - White,Size: 14,c2ed9651-ec33-4656-9182-1db74a03b1d8,9236473348401,47899164082481,49947326513457,2011206-1 - I-5,2011206-1 - I,2011206-1 - I,no,yes,yes
Janet Mini Dress - White,Size: 8,735e1aad-db14-4a56-bf7a-f10ac50ee3d8,9236473348401,47899163984177,49947326415153,2011206-1 - I-2,2011206-1 - I,2011206-1 - I,no,yes,yes
Janie Mini Dress - Blue/Beige,Size: L,ed2c320c-a935-4287-a8af-752f4a1fbf47,8632125292849,45978387611953,48024985633073,JS-2021631 - 0898 - I-4,JS-2021631 - 0898 - I,JS-2021631 - 0898 - I,no,yes,yes
Janie Mini Dress - Blue/Beige,Size: M,ad1ce782-b432-4995-9825-a98b31a5ef55,8632125292849,45978387579185,48024985600305,JS-2021631 - 0898 - I-3,JS-2021631 - 0898 - I,JS-2021631 - 0898 - I,no,yes,yes
Janie Mini Dress - Blue/Beige,Size: S,ee83f71b-aaf2-4ce0-9572-8b6c084d6523,8632125292849,45978387513649,48024985567537,JS-2021631 - 0898 - I-2,JS-2021631 - 0898 - I,JS-2021631 - 0898 - I,no,yes,yes
Janie Mini Dress - Blue/Beige,Size: XL,bcdff277-08bb-4b12-9fa2-e5d2d20fcab2,8632125292849,45978387677489,48024985665841,JS-2021631 - 0898 - I-5,JS-2021631 - 0898 - I,JS-2021631 - 0898 - I,no,yes,yes
Jaquie Ombre Pleated Skirt - Blue - GDS,Size: M,78637ebb-0c25-4cc0-b91f-784526df99f3,9322004709681,48232300937521,50279149273393,2802290 - GDS BOX 10-4,2802290 - GDS BOX 10,2802290 - GDS BOX 10,no,yes,yes
Jaquie Ombre Pleated Skirt - Blue - GDS,Size: S,c0e567be-f331-46c2-8dfd-8e81a0903116,9322004709681,48232300904753,50279149240625,2802290 - GDS BOX 10-3,2802290 - GDS BOX 10,2802290 - GDS BOX 10,no,yes,yes
Jaquie Ombre Pleated Skirt - Blue - GDS,Size: XS,3512a8e1-9460-4674-93f2-e829d52626d1,9322004709681,48232300871985,50279149207857,2802290 - GDS BOX 10-2,2802290 - GDS BOX 10,2802290 - GDS BOX 10,no,yes,yes
Jasmine Maxi - Multicolour,Size: L,54f1abec-bbad-4bce-9deb-466b6a6d7eeb,8008627945777,44053328101681,46101171142961,20171145 - 0904 - A10-4,20171145 - 0904 - A10,20171145 - 0904 - A10,no,yes,yes
Jasmine Maxi - Multicolour,Size: M,ea59c92c-ccf3-41ab-989f-d8e10dc90fc1,8008627945777,44053328068913,46101171110193,20171145 - 0904 - A10-3,20171145 - 0904 - A10,20171145 - 0904 - A10,no,yes,yes
Jasmine Maxi - Multicolour,Size: S,ac8df668-178c-4079-b817-6023b294f0e7,8008627945777,44053328036145,46101171077425,20171145 - 0904 - A10-2,20171145 - 0904 - A10,20171145 - 0904 - A10,no,yes,yes
Jasmine Maxi - Multicolour,Size: XL,744846f6-373d-4707-99b4-1d315ebb5d95,8008627945777,44053328134449,46101171175729,20171145 - 0904 - A10-5,20171145 - 0904 - A10,20171145 - 0904 - A10,no,yes,yes
Jaya Linen Top - Black,Size: 10,1601661f-df18-468c-8c56-e423d2b881b0,8361818358065,45063304741169,47108694802737,A9362 - D-2,A9362 - D,A9362 - D,no,yes,yes
Jaya Linen Top - Black,Size: 12,6173d582-b859-436b-85a3-6277df3791a6,8361818358065,45063304773937,47108694835505,A9362 - D-3,A9362 - D,A9362 - D,no,yes,yes
Jaya Linen Top - Black,Size: 14,eae8d238-39aa-45c1-9865-fac355b64112,8361818358065,45063304806705,47108694868273,A9362 - D-4,A9362 - D,A9362 - D,no,yes,yes
Jaya Midi Dress - Cream - GDS,Size: L,4cb4f4f6-1615-4f0c-8dbe-72a0acfbe5fc,8725941551409,46268385296689,48315361460529,2802357 Box 10 gds-5,2802357 Box 10 gds,2802357 Box 10 gds,no,yes,yes
Jaya Midi Dress - Cream - GDS,Size: M,6d4bfcee-81d5-4d47-8ca8-41c39dc89340,8725941551409,46268385263921,48315361427761,2802357 Box 10 gds-4,2802357 Box 10 gds,2802357 Box 10 gds,no,yes,yes
Jaya Midi Dress - Cream - GDS,Size: S,abce8734-e0fe-43d8-9c0b-e5039df7884f,8725941551409,46268385231153,48315361394993,2802357 Box 10 gds-3,2802357 Box 10 gds,2802357 Box 10 gds,no,yes,yes
Jaya Midi Dress - Cream - GDS,Size: XS,5ab2f40f-8ec2-4784-9714-27194150b8f7,8725941551409,46268385198385,48315361362225,2802357 Box 10 gds-2,2802357 Box 10 gds,2802357 Box 10 gds,no,yes,yes
Jaya Mini Dress - White - GDS,Size: L,dbae220e-4393-401d-a8f6-bd802243a095,8809301180721,46569974464817,48617938092337,2802351 Box 7-5,2802351 Box 7,2802351 Box 7,no,yes,yes
Jaya Mini Dress - White - GDS,Size: M,148046ca-91cb-463b-85cd-5b6fbf4326c8,8809301180721,46569974432049,48617938059569,2802351 Box 7-4,2802351 Box 7,2802351 Box 7,no,yes,yes
Jaya Mini Dress - White - GDS,Size: S,5916ae73-267c-4a11-9822-dc24f5ad15de,8809301180721,46569974399281,48617938026801,2802351 Box 7-3,2802351 Box 7,2802351 Box 7,no,yes,yes
Jaya Mini Dress - White - GDS,Size: XS,9c5feb94-6a90-4fb6-b5f0-b144352b5ca2,8809301180721,46569974366513,48617937994033,2802351 Box 7-2,2802351 Box 7,2802351 Box 7,no,yes,yes
Jenna Maxi Dress - Blue,Size: 10,0a9f0e7b-dc69-4504-b83d-a7fa71a24e63,9767036354865,49376362791217,51423378637105,20116295 - C5-3,20116295 - C5,20116295 - C5,no,yes,yes
Jenna Maxi Dress - Blue,Size: 12,9c5ad451-3890-4221-9eeb-59f24f4f841c,9767036354865,49376362823985,51423378669873,20116295 - C5-4,20116295 - C5,20116295 - C5,no,yes,yes
Jenna Maxi Dress - Blue,Size: 14,5ee551e7-55b9-491a-9d79-4040b19a04c8,9767036354865,49376362856753,51423378702641,20116295 - C5-5,20116295 - C5,20116295 - C5,no,yes,yes
Jenna Maxi Dress - Blue,Size: 8,5edc68cd-0de3-4c30-86ea-37547f338752,9767036354865,49376362758449,51423378604337,20116295 - C5-2,20116295 - C5,20116295 - C5,no,yes,yes
Jennifer Dress - Black,Size: 10,ae85f551-4dab-473f-bdc4-9738bfe3def8,7105509097629,41239080861853,43334865551517,K675-3,K675,K675,no,yes,yes
Jennifer Dress - Black,Size: 12,a877d8a2-a501-4fdf-ab37-d396556e5595,7105509097629,41239080894621,43334865584285,K675-4,K675,K675,no,yes,yes
Jennifer Dress - Black,Size: 8,a817c74f-36ed-47c5-b293-38f47c7a77eb,7105509097629,41239080829085,43334865518749,K675-2,K675,K675,no,yes,yes
Jennifer Lace Top - White,Size: 10,c199ec8a-5de5-4132-a2de-4a449bc537e5,10393041142065,51816269513009,53887828590897,LUX3863-2 - B5-4,LUX3863-2 - B5,LUX3863-2 - B5,no,yes,yes
Jennifer Lace Top - White,Size: 12,53343e2d-7fd5-47df-8f37-cec46389bcec,10393041142065,51816269545777,53887828623665,LUX3863-2 - B5-5,LUX3863-2 - B5,LUX3863-2 - B5,no,yes,yes
Jennifer Lace Top - White,Size: 6,126c9815-0fd7-4e1c-93b5-b51efee3d120,10393041142065,51816269447473,53887828525361,LUX3863-2 - B5-2,LUX3863-2 - B5,LUX3863-2 - B5,no,yes,yes
Jennifer Lace Top - White,Size: 8,4842db2a-e037-465f-8c54-06c59d24b3c5,10393041142065,51816269480241,53887828558129,LUX3863-2 - B5-3,LUX3863-2 - B5,LUX3863-2 - B5,no,yes,yes
Jennifer One Shoulder Jumper- Beige,Size: M/L,0f83991e-6459-464f-b75d-19c326d9878d,5460980400285,35489162133661,37508548722845,jennifer01 Jumpers Box 3-2,jennifer01 Jumpers Box 3,jennifer01 Jumpers Box 3,no,yes,yes
Jess Midi Dress - Blue,Size: 16,6ff1a8d0-5c95-40cb-bcf4-244157dc328b,8093249208625,44234102341937,46281734979889,20175068W#882-6,20175068W#882,20175068W#882,no,yes,yes
Jess Midi Dress - Blue,Size: 18,96d32a1b-eb49-4d74-8b50-b5989d3e14ff,8093249208625,44234102374705,46281735012657,20175068W#882-7,20175068W#882,20175068W#882,no,yes,yes
Jess Midi Dress - Blue,Size: 20,c5feef54-bc55-442d-a711-b50669d5fa06,8093249208625,44234102407473,46281735045425,20175068W#882-8,20175068W#882,20175068W#882,no,yes,yes
Jess Midi Dress - Blue,Size: L,b4675964-3ce9-4e64-8469-45a0b2adfc2a,8093249208625,44221082468657,46268708225329,20175068W#882-4,20175068W#882,20175068W#882,no,yes,yes
Jess Midi Dress - Blue,Size: M,b04b2913-8b54-4f0d-ac6e-cf2b64ba9528,8093249208625,44221082435889,46268708192561,20175068W#882-3,20175068W#882,20175068W#882,no,yes,yes
Jess Midi Dress - Blue,Size: S,14d1b2ba-fdd4-4eae-9243-97e4f6d04a90,8093249208625,44221082403121,46268708159793,20175068W#882-2,20175068W#882,20175068W#882,no,yes,yes
Jess Midi Dress - Blue,Size: XL,bcdaf8c0-4b07-4845-abf4-25618a85036a,8093249208625,44221082501425,46268708258097,20175068W#882-5,20175068W#882,20175068W#882,no,yes,yes
Jess Mini Dress - Blue,Size: L,1007a6d6-7ee2-4d35-9bab-a676201399d8,8093207396657,44221009068337,46268634825009,JS-2019864-0882 - H-4,JS-2019864-0882 - H,JS-2019864-0882 - H,no,yes,yes
Jess Mini Dress - Blue,Size: M,7e11215e-91e6-438a-add2-bb589ec8846d,8093207396657,44221009035569,46268634792241,JS-2019864-0882 - H-3,JS-2019864-0882 - H,JS-2019864-0882 - H,no,yes,yes
Jess Mini Dress - Blue,Size: S,21d9ea3d-df43-4de4-be25-5515e0a2e3d2,8093207396657,44221009002801,46268634759473,JS-2019864-0882 - H-2,JS-2019864-0882 - H,JS-2019864-0882 - H,no,yes,yes
Jess Mini Dress - Blue,Size: XL,4df838b2-089d-4815-b67c-d53083e34074,8093207396657,44221009101105,46268634857777,JS-2019864-0882 - H-5,JS-2019864-0882 - H,JS-2019864-0882 - H,no,yes,yes
Jess Stripe Booty Shorts - By Frankie,Size: L,5b01726a-601f-4de2-9f90-a2cde2f79499,10567238844721,52759014736177,54856527282481,B5-10,B5,B5,no,yes,yes
Jess Stripe Booty Shorts - By Frankie,Size: M,19848445-ebed-4d74-a744-a89200a5a84f,10567238844721,52759014703409,54856527249713,B5-9,B5,B5,no,yes,yes
Jess Stripe Booty Shorts - By Frankie,Size: S,2fc6568e-d01b-4354-849e-0f07d9794d62,10567238844721,52759014670641,54856527216945,B5-8,B5,B5,no,yes,yes
Jess Stripe Booty Shorts - By Frankie,Size: XS,9535af6d-b422-4ab5-9407-d44d1bb340ac,10567238844721,52759014637873,54856527184177,B5-7,B5,B5,no,yes,yes
Jodie Set - Top & Pants  - White/ Mint,Size: 10,2d5b951a-b995-49f3-90ed-076f38b29752,9130392977713,47608258101553,49657658310961,SET3-5A - T5-4,SET3-5A - T5,SET3-5A - T5,no,yes,yes
Jodie Set - Top & Pants  - White/ Mint,Size: 12,72b44c6b-61c2-4d00-a27f-dee3302b81af,9130392977713,47608258134321,49657658343729,SET3-5A - T5-5,SET3-5A - T5,SET3-5A - T5,no,yes,yes
Jodie Set - Top & Pants  - White/ Mint,Size: 6,f6eefc9b-a07f-463a-93b2-a121bc4c88d9,9130392977713,47608258036017,49657658245425,SET3-5A - T5-2,SET3-5A - T5,SET3-5A - T5,no,yes,yes
Jodie Set - Top & Pants  - White/ Mint,Size: 8,a8f508e3-584a-4ef6-89a7-768c320f606f,9130392977713,47608258068785,49657658278193,SET3-5A - T5-3,SET3-5A - T5,SET3-5A - T5,no,yes,yes
Jolene Maxi Dress - Rust/Pink,Size: 16,c8b358dc-fd85-428d-aaf6-465d3845b516,10332751495473,51541234221361,53608450556209,JS-2020632 - 0918 Jaase Box 55-7,JS-2020632 - 0918 Jaase Box 55,JS-2020632 - 0918 Jaase Box 55,no,yes,yes
Jolene Maxi Dress - Rust/Pink,Size: 18,b49a90a2-696e-4a18-8a36-82fdeb6565b9,10332751495473,51541234254129,53608450588977,JS-2020632 - 0918 Jaase Box 55-8,JS-2020632 - 0918 Jaase Box 55,JS-2020632 - 0918 Jaase Box 55,no,yes,yes
Jolene Maxi Dress - Rust/Pink,Size: L,14c2fc62-eeb5-44b5-986c-b916b18eda07,10332751495473,51541226783025,53608442921265,JS-2020632 - 0918 Jaase Box 55-5,JS-2020632 - 0918 Jaase Box 55,JS-2020632 - 0918 Jaase Box 55,no,yes,yes
Jolene Maxi Dress - Rust/Pink,Size: M,800ae6d8-9ac6-4d77-9d18-b7eebb1ad4e5,10332751495473,51541226750257,53608442888497,JS-2020632 - 0918 Jaase Box 55-4,JS-2020632 - 0918 Jaase Box 55,JS-2020632 - 0918 Jaase Box 55,no,yes,yes
Jolene Maxi Dress - Rust/Pink,Size: S,4159f891-ba3a-4ecd-8e7d-149e5e4e6e24,10332751495473,51541226717489,53608442855729,JS-2020632 - 0918 Jaase Box 55-3,JS-2020632 - 0918 Jaase Box 55,JS-2020632 - 0918 Jaase Box 55,no,yes,yes
Jolene Maxi Dress - Rust/Pink,Size: XL,763c5419-0901-452e-b404-0447e5f04f24,10332751495473,51541226815793,53608442954033,JS-2020632 - 0918 Jaase Box 55-6,JS-2020632 - 0918 Jaase Box 55,JS-2020632 - 0918 Jaase Box 55,no,yes,yes
Jolene Maxi Dress - Rust/Pink,Size: XS,cd496615-5ce5-4fd1-84a7-671c043854e6,10332751495473,51541226684721,53608442822961,JS-2020632 - 0918 Jaase Box 55-2,JS-2020632 - 0918 Jaase Box 55,JS-2020632 - 0918 Jaase Box 55,no,yes,yes
Josie Maxi Dress- Emeralds/Brown,Size: 10,66eb36ab-641a-487f-bf49-7eabc56f5504,5435946827933,35372883706013,37392264691869,S0300-5 - A3-3,S0300-5 - A3,S0300-5 - A3,no,yes,yes
Josie Maxi Dress- Emeralds/Brown,Size: 12,0daf95fc-27d1-402f-9ea0-ebac0589b6a3,5435946827933,35372883738781,37392264757405,S0300-5 - A3-4,S0300-5 - A3,S0300-5 - A3,no,yes,yes
Josie Maxi Dress- Emeralds/Brown,Size: 14,5ce8222c-26e2-49e3-ae66-1521749a56ec,5435946827933,35372883771549,37392264822941,S0300-5 - A3-5,S0300-5 - A3,S0300-5 - A3,no,yes,yes
Josie Maxi Dress- Emeralds/Brown,Size: 16,1aeba920-9dc9-4505-a25f-84c7c332316e,5435946827933,37758309990557,39778780807325,S0300-5 - A3-6,S0300-5 - A3,S0300-5 - A3,no,yes,yes
Josie Maxi Dress- Emeralds/Brown,Size: 8,98513e0d-0953-4cb8-90a8-8a49528086f3,5435946827933,35372883673245,37392264626333,S0300-5 - A3-2,S0300-5 - A3,S0300-5 - A3,no,yes,yes
Juni Maxi dress - Orange/Blue,Size: 10,bb5a046a-ccfe-4627-b78a-92c14a6639a3,9909878980913,49710064271665,51757096108337,2011462-2 - D-3,2011462-2 - D,2011462-2 - D,no,yes,yes
Juni Maxi dress - Orange/Blue,Size: 12,311bf75d-d973-4d38-8ff2-f4d2d4cd4806,9909878980913,49710064304433,51757096141105,2011462-2 - D-4,2011462-2 - D,2011462-2 - D,no,yes,yes
Juni Maxi dress - Orange/Blue,Size: 14,caa6e035-9000-44f2-bcb3-2460aa66393b,9909878980913,49710064337201,51757096173873,2011462-2 - D-5,2011462-2 - D,2011462-2 - D,no,yes,yes
Juni Maxi dress - Orange/Blue,Size: 8,b009c279-bae0-48d6-a055-95c88679b266,9909878980913,49710064238897,51757096075569,2011462-2 - D-2,2011462-2 - D,2011462-2 - D,no,yes,yes
Juniper Linen Blouse - Pink/White,Size: L,0b9579bd-74a6-405c-9aa2-f450bd3fa2ce,8798361026865,46518721413425,48566376759601,Juniper blouse Box 1 GDS-5,Juniper blouse Box 1 GDS,Juniper blouse Box 1 GDS,no,yes,yes
Juniper Linen Blouse - Pink/White,Size: M,9e92e258-20d9-4114-bd1f-7dfd35a174a8,8798361026865,46518721380657,48566376726833,Juniper blouse Box 1 GDS-4,Juniper blouse Box 1 GDS,Juniper blouse Box 1 GDS,no,yes,yes
Juniper Linen Blouse - Pink/White,Size: S,78c3080d-2771-4fd2-86cd-5db6ca7bdfaa,8798361026865,46518721347889,48566376694065,Juniper blouse Box 1 GDS-3,Juniper blouse Box 1 GDS,Juniper blouse Box 1 GDS,no,yes,yes
Juniper Linen Blouse - Pink/White,Size: XS,cba5a21d-377d-4b39-a57d-d830042c9c26,8798361026865,46518721315121,48566376661297,Juniper blouse Box 1 GDS-2,Juniper blouse Box 1 GDS,Juniper blouse Box 1 GDS,no,yes,yes
Juniper Linen Shorts - Pink/White,Size: L,e608d6cb-7ed2-4b25-9efa-fd16dafbe22a,8007157219633,43960503009585,46009784762673,280 4328-4,280 4328,280 4328,no,yes,yes
Juniper Linen Shorts - Pink/White,Size: M,894bf05a-4cf1-4c7f-a989-5864f4fc6c7c,8007157219633,43960502976817,46009784729905,280 4328-3,280 4328,280 4328,no,yes,yes
Juniper Linen Shorts - Pink/White,Size: S,2d9f6ba2-1a33-41e9-baf0-cd4dd6745000,8007157219633,43960502944049,46009784697137,280 4328-2,280 4328,280 4328,no,yes,yes
Juniper Linen Shorts - Pink/White,Size: XL,3a5536b3-c199-49a9-a799-ffc6721eb718,8007157219633,43960503042353,46009784795441,280 4328-5,280 4328,280 4328,no,yes,yes
Kali Baby Doll Dress - Pinks/yellow,Size: 10,fbe8884c-bc84-4399-9b23-84d9ce97d196,6602194288797,39469380501661,41564295037085,S0358-29 - T5-3,S0358-29 - T5,S0358-29 - T5,no,yes,yes
Kali Baby Doll Dress - Pinks/yellow,Size: 12,e00a8c0c-d78b-48b8-aeef-d85152b31311,6602194288797,39469380534429,41564295069853,S0358-29 - T5-4,S0358-29 - T5,S0358-29 - T5,no,yes,yes
Kali Baby Doll Dress - Pinks/yellow,Size: 14,d1fafeff-7480-46cc-864e-d848f0a1a663,6602194288797,40511422562461,42607668428957,S0358-29 - T5-5,S0358-29 - T5,S0358-29 - T5,no,yes,yes
Kali Baby Doll Dress - Pinks/yellow,Size: 16,9071a1ea-c7f0-4b40-b4c4-b2e310aff63b,6602194288797,40511424233629,42607670067357,S0358-29 - T5-6,S0358-29 - T5,S0358-29 - T5,no,yes,yes
Kali Baby Doll Dress - Pinks/yellow,Size: 8,7fb7313a-a0da-46eb-bc02-c250046b0773,6602194288797,39469380468893,41564295004317,S0358-29 - T5-2,S0358-29 - T5,S0358-29 - T5,no,yes,yes
Kamira Mini Dress - Baby Pink,Size: 10,c6117f51-8335-4c48-ad2f-3b528e1952cc,10017892794673,50046499389745,52096542966065,LM0427 - L-8,LM0427 - L,LM0427 - L,no,yes,yes
Kamira Mini Dress - Baby Pink,Size: 12,601eef17-ac92-4d7f-8752-b8087038b9a7,10017892794673,50046499422513,52096542998833,LM0427 - L-9,LM0427 - L,LM0427 - L,no,yes,yes
Kamira Mini Dress - Baby Pink,Size: 14,e80fd421-32cb-4dad-a480-7856a938b7e8,10017892794673,50046499455281,52096543031601,LM0427 - L-10,LM0427 - L,LM0427 - L,no,yes,yes
Kamira Mini Dress - Baby Pink,Size: 8,3d691bd3-6cc3-404e-877c-d84069c937fc,10017892794673,50046499356977,52096542933297,LM0427 - L-7,LM0427 - L,LM0427 - L,no,yes,yes
Kamira Mini Dress - Powder Blue,Size: 10,c3ed2200-60fe-4104-95ae-c7bf702ec685,10017892466993,50046496309553,52096539885873,LM0427 - L-3,LM0427 - L,LM0427 - L,no,yes,yes
Kamira Mini Dress - Powder Blue,Size: 12,35766c74-93cc-4454-bd73-966f97ce37f9,10017892466993,50046496342321,52096539918641,LM0427 - L-4,LM0427 - L,LM0427 - L,no,yes,yes
Kamira Mini Dress - Powder Blue,Size: 14,c9a9b103-832b-4997-9b3d-047181503217,10017892466993,50046496375089,52096539951409,LM0427 - L-5,LM0427 - L,LM0427 - L,no,yes,yes
Kamira Mini Dress - Powder Blue,Size: 16,dabc0202-421c-4144-a8bb-b110f94004c9,10017892466993,50046496407857,52096539984177,LM0427 - L-6,LM0427 - L,LM0427 - L,no,yes,yes
Kamira Mini Dress - Powder Blue,Size: 8,85c38ef4-75c3-4932-a3d3-89ddc0d4534d,10017892466993,50046496276785,52096539853105,LM0427 - L-2,LM0427 - L,LM0427 - L,no,yes,yes
Karlie Maxi Dress  - White,Size: 16,ca3b4fc4-45a7-463d-9676-2f4e5a349509,8008635384113,44177107321137,46224719184177,JS-2020632-1 -A690-1 - A10-6,JS-2020632-1 -A690-1 - A10,JS-2020632-1 -A690-1 - A10,no,yes,yes
Karlie Maxi Dress  - White,Size: 18,60fbc5d6-8b9d-47db-89d2-081b6c3cce7d,8008635384113,44177107353905,46224719216945,JS-2020632-1 -A690-1 - A10-7,JS-2020632-1 -A690-1 - A10,JS-2020632-1 -A690-1 - A10,no,yes,yes
Karlie Maxi Dress  - White,Size: 20,92f57d92-7466-474b-b917-9ca6f381076a,8008635384113,44177107386673,46224719249713,JS-2020632-1 -A690-1 - A10-8,JS-2020632-1 -A690-1 - A10,JS-2020632-1 -A690-1 - A10,no,yes,yes
Karlie Maxi Dress  - White,Size: L,4efb9246-7102-469c-a93b-e33397cd43e2,8008635384113,44053347205425,46101190246705,JS-2020632-1 -A690-1 - A10-4,JS-2020632-1 -A690-1 - A10,JS-2020632-1 -A690-1 - A10,no,yes,yes
Karlie Maxi Dress  - White,Size: M,f33bc8b7-de92-4f20-bd2b-45f763ee14eb,8008635384113,44053347172657,46101190213937,JS-2020632-1 -A690-1 - A10-3,JS-2020632-1 -A690-1 - A10,JS-2020632-1 -A690-1 - A10,no,yes,yes
Karlie Maxi Dress  - White,Size: S,abe79d93-97c3-4473-ab43-a9c6cffe5dce,8008635384113,44053347139889,46101190181169,JS-2020632-1 -A690-1 - A10-2,JS-2020632-1 -A690-1 - A10,JS-2020632-1 -A690-1 - A10,no,yes,yes
Karlie Maxi Dress  - White,Size: XL,bdb59a88-4707-4ec6-8b72-40fdc55d9fd9,8008635384113,44053347238193,46101190279473,JS-2020632-1 -A690-1 - A10-5,JS-2020632-1 -A690-1 - A10,JS-2020632-1 -A690-1 - A10,no,yes,yes
Karmel Blouse - Pink,Size: L,fd6a09f9-4ad9-447b-b023-97839f2bfa85,9745179967793,49319855751473,51366855409969,JS80237#876 - C4-5,JS80237#876 - C4,JS80237#876 - C4,no,yes,yes
Karmel Blouse - Pink,Size: M,97346236-d2c5-4498-9635-b96f0c0f012d,9745179967793,49319855718705,51366855377201,JS80237#876 - C4-4,JS80237#876 - C4,JS80237#876 - C4,no,yes,yes
Karmel Blouse - Pink,Size: S,cf5ff347-ec46-4389-88ab-bf4e0cbce59e,9745179967793,49319855685937,51366855344433,JS80237#876 - C4-3,JS80237#876 - C4,JS80237#876 - C4,no,yes,yes
Karmel Blouse - Pink,Size: XS,02b0d7af-fb47-4753-91c2-bf54291e65c1,9745179967793,49319855653169,51366855311665,JS80237#876 - C4-2,JS80237#876 - C4,JS80237#876 - C4,no,yes,yes
Karmel Maxi Dress - Pink,Size: 16,4f8f110e-4a54-4fb3-9cf6-02abd6e57a73,9745174266161,49320477229361,51367476658481,20175043#876 - C3-7,20175043#876 - C3,20175043#876 - C3,no,yes,yes
Karmel Maxi Dress - Pink,Size: 18,7e0328c1-2526-40b0-b02e-0692dce431c1,9745174266161,49320477262129,51367476691249,20175043#876 - C3-8,20175043#876 - C3,20175043#876 - C3,no,yes,yes
Karmel Maxi Dress - Pink,Size: L,b7ef2239-3300-4b39-8633-9b0534e2d886,9745174266161,49319826391345,51366826049841,20175043#876 - C3-5,20175043#876 - C3,20175043#876 - C3,no,yes,yes
Karmel Maxi Dress - Pink,Size: M,78970a8c-cfb8-421b-9c00-bfcbc7ca5360,9745174266161,49319826358577,51366826017073,20175043#876 - C3-4,20175043#876 - C3,20175043#876 - C3,no,yes,yes
Karmel Maxi Dress - Pink,Size: S,a9966bc7-ac61-4e7a-99aa-3be4a7b38c9e,9745174266161,49319826325809,51366825984305,20175043#876 - C3-3,20175043#876 - C3,20175043#876 - C3,no,yes,yes
Karmel Maxi Dress - Pink,Size: XL,9fa0b8d6-ffe8-4b9c-8d99-07978b06620f,9745174266161,49319826424113,51366826082609,20175043#876 - C3-6,20175043#876 - C3,20175043#876 - C3,no,yes,yes
Karmel Maxi Dress - Pink,Size: XS,aad4bd98-38f5-4eee-90cf-07d418314387,9745174266161,49319826293041,51366825951537,20175043#876 - C3-2,20175043#876 - C3,20175043#876 - C3,no,yes,yes
Karmel Mini Dress - Pink,Size: 16,4203f6f6-2bad-42fa-8d14-3c61ad0c50eb,9745177805105,49319843168561,51366842827057,20175042B#876 - C4-7,20175042B#876 - C4,20175042B#876 - C4,no,yes,yes
Karmel Mini Dress - Pink,Size: 18,dae7084c-1583-4c1b-8c1a-5b77ac27728e,9745177805105,49319843201329,51366842859825,20175042B#876 - C4-8,20175042B#876 - C4,20175042B#876 - C4,no,yes,yes
Karmel Mini Dress - Pink,Size: L,2af0139b-be25-437e-b44d-5d87fc77e0e3,9745177805105,49319843103025,51366842761521,20175042B#876 - C4-5,20175042B#876 - C4,20175042B#876 - C4,no,yes,yes
Karmel Mini Dress - Pink,Size: M,41deedaa-68b1-4301-ade1-b19951bdd968,9745177805105,49319843070257,51366842728753,20175042B#876 - C4-4,20175042B#876 - C4,20175042B#876 - C4,no,yes,yes
Karmel Mini Dress - Pink,Size: S,7776f8ce-4548-4a23-92f3-ddbf6f5d36a7,9745177805105,49319843037489,51366842695985,20175042B#876 - C4-3,20175042B#876 - C4,20175042B#876 - C4,no,yes,yes
Karmel Mini Dress - Pink,Size: XL,8bf4a7fa-8e83-4e32-a4cb-8aaff53874dd,9745177805105,49319843135793,51366842794289,20175042B#876 - C4-6,20175042B#876 - C4,20175042B#876 - C4,no,yes,yes
Karmel Mini Dress - Pink,Size: XS,c3eca0d8-dfe8-46cf-a1c3-eb378add8c85,9745177805105,49319843004721,51366842663217,20175042B#876 - C4-2,20175042B#876 - C4,20175042B#876 - C4,no,yes,yes
Kasey Blouse - Mint,Size: 16,ea01240d-e729-449e-bb52-0b7efd783487,8291317350705,52930401894705,55031052763441,JA-2110-3 - A12-6,JA-2110-3 - A12,JA-2110-3 - A12,no,yes,yes
Kasey Blouse - Mint,Size: 18,63a40922-b796-4d46-9b59-fcf2fa2ecd19,8291317350705,52930401927473,55031052796209,JA-2110-3 - A12-7,JA-2110-3 - A12,JA-2110-3 - A12,no,yes,yes
Kasey Blouse - Mint,Size: 20,714133a6-9160-4d29-87c1-f40716069013,8291317350705,52930401960241,55031052828977,JA-2110-3 - A12-8,JA-2110-3 - A12,JA-2110-3 - A12,no,yes,yes
Kasey Blouse - Mint,Size: L,8a6d829c-3cf2-4819-9484-debc07467f16,8291317350705,44817944052017,46862968815921,JA-2110-3 - A12-4,JA-2110-3 - A12,JA-2110-3 - A12,no,yes,yes
Kasey Blouse - Mint,Size: M,de6df7dc-fe3c-43a3-9e62-8c2a82c19364,8291317350705,44817944019249,46862968783153,JA-2110-3 - A12-3,JA-2110-3 - A12,JA-2110-3 - A12,no,yes,yes
Kasey Blouse - Mint,Size: S,d55841fd-dac3-4fa8-9dea-3e4b6cc4bb41,8291317350705,44817943986481,46862968750385,JA-2110-3 - A12-2,JA-2110-3 - A12,JA-2110-3 - A12,no,yes,yes
Kasey Blouse - Mint,Size: XL,00a2cd81-5571-4abf-8b86-69cc5695ca4a,8291317350705,44817944084785,46862968848689,JA-2110-3 - A12-5,JA-2110-3 - A12,JA-2110-3 - A12,no,yes,yes
Kassi Denim Playsuit,Size: L,3bc4c1a2-a513-4827-ab7e-491eae99cc71,10556482486577,52464811442481,54562030616881,SR1375D01 - B5-5,SR1375D01 - B5,SR1375D01 - B5,no,yes,yes
Kassi Denim Playsuit,Size: M,cb913809-0737-4a3f-8cd5-5282a8bbfd46,10556482486577,52464811409713,54562030584113,SR1375D01 - B5-4,SR1375D01 - B5,SR1375D01 - B5,no,yes,yes
Kassi Denim Playsuit,Size: S,ed9a5322-e848-43ff-b0d2-8b01da305354,10556482486577,52464811376945,54562030551345,SR1375D01 - B5-3,SR1375D01 - B5,SR1375D01 - B5,no,yes,yes
Kassi Denim Playsuit,Size: XS,c204abcb-a077-495e-91ed-ec09a7fc5ec0,10556482486577,52464811344177,54562030518577,SR1375D01 - B5-2,SR1375D01 - B5,SR1375D01 - B5,no,yes,yes
Kate Black Lace Pants Set - By Frankie,Size: L,f116679c-6e08-4dc8-a4ce-87b4f44651d2,10396598993201,51827853099313,53899548721457,710-1 - BF02-5,710-1 - BF02,710-1 - BF02,no,yes,yes
Kate Black Lace Pants Set - By Frankie,Size: M,6c3ccab1-6575-4976-82ee-8b6c1b9e5180,10396598993201,51827853066545,53899548688689,710-1 - BF02-4,710-1 - BF02,710-1 - BF02,no,yes,yes
Kate Black Lace Pants Set - By Frankie,Size: S,e1120238-b452-48cf-8ee8-29996aca6c8a,10396598993201,51827853033777,53899548655921,710-1 - BF02-3,710-1 - BF02,710-1 - BF02,no,yes,yes
Kate Black Lace Pants Set - By Frankie,Size: XS,c6b60b88-98ac-4602-9002-f47efbdeac03,10396598993201,51827853001009,53899548623153,710-1 - BF02-2,710-1 - BF02,710-1 - BF02,no,yes,yes
Kate Brown Lace Pants Set - By Frankie,Size: L,54545533-65e0-4dcc-b5d2-e97ef6a294e2,10396598862129,51827852771633,53899548393777,710-2 - BF02-5,710-2 - BF02,710-2 - BF02,no,yes,yes
Kate Brown Lace Pants Set - By Frankie,Size: M,50f4b86b-8e2b-4711-8634-f4bbd514f33c,10396598862129,51827852738865,53899548361009,710-2 - BF02-4,710-2 - BF02,710-2 - BF02,no,yes,yes
Kate Brown Lace Pants Set - By Frankie,Size: S,497363bb-6e51-4b51-b047-72b57cbc8573,10396598862129,51827852706097,53899548328241,710-2 - BF02-3,710-2 - BF02,710-2 - BF02,no,yes,yes
Kate Brown Lace Pants Set - By Frankie,Size: XS,9cf997a0-dc00-476f-ac59-7e91217d29c8,10396598862129,51827852673329,53899548295473,710-2 - BF02-2,710-2 - BF02,710-2 - BF02,no,yes,yes
Kaya Cupro Shirt & Lace Shorts Set - By Frankie,Size: L,ef819df7-4303-4ae4-81d6-6e73f5ad6363,10624745406769,53230961295665,55333389304113,558-1 - BF2-5,558-1 - BF2,558-1 - BF2,no,yes,yes
Kaya Cupro Shirt & Lace Shorts Set - By Frankie,Size: M,dbc29881-b782-424c-bef4-3c4efee6233d,10624745406769,53230961262897,55333389271345,558-1 - BF2-4,558-1 - BF2,558-1 - BF2,no,yes,yes
Kaya Cupro Shirt & Lace Shorts Set - By Frankie,Size: S,fe7b99ac-d77c-4669-b11b-30520e153b13,10624745406769,53230961230129,55333389238577,558-1 - BF2-3,558-1 - BF2,558-1 - BF2,no,yes,yes
Kaya Cupro Shirt & Lace Shorts Set - By Frankie,Size: XS,01c28e09-b8b9-4bd3-b3c0-ddb9de367f6e,10624745406769,53230961197361,55333389205809,558-1 - BF2-2,558-1 - BF2,558-1 - BF2,no,yes,yes
Kayla Jumper Set - By Frankie,Size: L,23e9f350-49ed-4b69-b35e-195eadbfc413,10684486189361,54408109457713,56517304451377,783-3 - A4-5,783-3 - A4,783-3 - A4,no,yes,yes
Kayla Jumper Set - By Frankie,Size: M,fc2bd64b-8235-4ccc-a56e-d4766613552b,10684486189361,54408109424945,56517304418609,783-3 - A4-4,783-3 - A4,783-3 - A4,no,yes,yes
Kayla Jumper Set - By Frankie,Size: S,937a4743-b5d5-4c52-ab11-a8fbac0f9215,10684486189361,54408109392177,56517304385841,783-3 - A4-3,783-3 - A4,783-3 - A4,no,yes,yes
Kayla Jumper Set - By Frankie,Size: XS,01c6ea03-2c78-42cc-a001-5251a014cda7,10684486189361,54408109359409,56517304353073,783-3 - A4-2,783-3 - A4,783-3 - A4,no,yes,yes
Kaylani Midi Dress - Blue/Pink,Size: L,7db710d1-8550-4760-b391-1dfb51526764,9419747655985,48537128632625,50584269816113,JA63- 0864 - A3-5,JA63- 0864 - A3,JA63- 0864 - A3,no,yes,yes
Kaylani Midi Dress - Blue/Pink,Size: M,151b26e5-b4ea-492a-be42-cb97494bfa2d,9419747655985,48537128599857,50584269783345,JA63- 0864 - A3-4,JA63- 0864 - A3,JA63- 0864 - A3,no,yes,yes
Kaylani Midi Dress - Blue/Pink,Size: S,eddc8a8e-f8af-4775-a724-001ef7c69b4b,9419747655985,48537128567089,50584269750577,JA63- 0864 - A3-3,JA63- 0864 - A3,JA63- 0864 - A3,no,yes,yes
Kaylani Midi Dress - Blue/Pink,Size: XS,fa4787aa-de53-464f-8498-4a0fccfe7823,9419747655985,48537128534321,50584269717809,JA63- 0864 - A3-2,JA63- 0864 - A3,JA63- 0864 - A3,no,yes,yes
Keeley Dark Denim Shirt - By Frankie,Size: L,654790b2-f6ca-47a9-90d3-2615970bca4a,10473779626289,52143675113777,54234800193841,123-1 BF2-5,123-1 BF2,123-1 BF2,no,yes,yes
Keeley Dark Denim Shirt - By Frankie,Size: M,0b84b1c1-c59f-4d19-9281-bb014456ec1c,10473779626289,52143675081009,54234800161073,123-1 BF2-4,123-1 BF2,123-1 BF2,no,yes,yes
Keeley Dark Denim Shirt - By Frankie,Size: S,f88803ef-7985-442f-b83d-708120af17a5,10473779626289,52143675048241,54234800128305,123-1 BF2-3,123-1 BF2,123-1 BF2,no,yes,yes
Keeley Dark Denim Shirt - By Frankie,Size: XL,3810b349-8f5c-4965-9aba-2a4fe9db09f6,10473779626289,52143675146545,54234800226609,123-1 BF2-6,123-1 BF2,123-1 BF2,no,yes,yes
Keeley Dark Denim Shirt - By Frankie,Size: XS,28619817-3c4a-436f-b069-7267fb6f552e,10473779626289,52143675015473,54234800095537,123-1 BF2-2,123-1 BF2,123-1 BF2,no,yes,yes
Keeley Dark Denim Shorts - By Frankie,Size: L,a57f7078-502d-4279-be93-6e2b46f6297d,10473784639793,52143698772273,54234824409393,123-1 BF2-10,123-1 BF2,123-1 BF2,no,yes,yes
Keeley Dark Denim Shorts - By Frankie,Size: M,4773349b-ea22-4531-b3fc-06b5c44678a5,10473784639793,52143698739505,54234824376625,123-1 BF2-9,123-1 BF2,123-1 BF2,no,yes,yes
Keeley Dark Denim Shorts - By Frankie,Size: S,d50b32ac-3857-4b6b-8888-ecf0fa1ea604,10473784639793,52143698706737,54234824343857,123-1 BF2-8,123-1 BF2,123-1 BF2,no,yes,yes
Keeley Dark Denim Shorts - By Frankie,Size: XS,53d0f2fc-f6e3-4061-9e36-757bdca9d1c7,10473784639793,52143698673969,54234824311089,123-1 BF2-7,123-1 BF2,123-1 BF2,no,yes,yes
Keeley Light Denim Shirt - By Frankie,Size: L,1640696d-8ef2-43cb-b6c2-c3518bc642c8,10413643497777,51899309195569,53975451468081,728-3-BF2-5,728-3-BF2,728-3-BF2,no,yes,yes
Keeley Light Denim Shirt - By Frankie,Size: M,53aa8c51-f609-4ad8-8184-f477413ab64d,10413643497777,51899309162801,53975451435313,728-3-BF2-4,728-3-BF2,728-3-BF2,no,yes,yes
Keeley Light Denim Shirt - By Frankie,Size: S,00390bb8-4cc2-465e-abf1-db9df64aee53,10413643497777,51899309130033,53975451402545,728-3-BF2-3,728-3-BF2,728-3-BF2,no,yes,yes
Keeley Light Denim Shirt - By Frankie,Size: XL,5366e408-4fe5-4f7e-81bf-1a36319a4cce,10413643497777,51899309228337,53975451500849,728-3-BF2-6,728-3-BF2,728-3-BF2,no,yes,yes
Keeley Light Denim Shirt - By Frankie,Size: XS,1dfc9630-2e3b-407a-8a72-d69ae046f143,10413643497777,51899309097265,53975451369777,728-3-BF2-2,728-3-BF2,728-3-BF2,no,yes,yes
Keeley Light Denim Shorts - By Frankie,Size: L,9dfc5b76-47fd-490e-9522-21ea712b7106,10413644546353,51899312177457,53975454449969,728-3-BF2-10,728-3-BF2,728-3-BF2,no,yes,yes
Keeley Light Denim Shorts - By Frankie,Size: M,3cdce50c-442f-41a2-ba28-fdc4ecf7edc8,10413644546353,51899312144689,53975454417201,728-3-BF2-9,728-3-BF2,728-3-BF2,no,yes,yes
Keeley Light Denim Shorts - By Frankie,Size: S,238763c1-c63f-401b-ac64-434c2cc86165,10413644546353,51899312111921,53975454384433,728-3-BF2-8,728-3-BF2,728-3-BF2,no,yes,yes
Keeley Light Denim Shorts - By Frankie,Size: XS,9a555bef-7aec-4536-b88b-b62982b0b34e,10413644546353,51899312079153,53975454351665,728-3-BF2-7,728-3-BF2,728-3-BF2,no,yes,yes
Keeley White Denim Shirt - By Frankie,Size: L,8c8eb7e9-1cde-40d6-8293-267d107c16bb,10425408389425,51943350468913,54020385177905,728-2 - BF3-10,728-2 - BF3,728-2 - BF3,no,yes,yes
Keeley White Denim Shirt - By Frankie,Size: M,1e35fb60-9ac8-411c-839c-0a396e5b1eac,10425408389425,51943350436145,54020385145137,728-2 - BF3-9,728-2 - BF3,728-2 - BF3,no,yes,yes
Keeley White Denim Shirt - By Frankie,Size: S,c834e2f4-b7ef-4d05-a736-f5d295773134,10425408389425,51943350403377,54020385112369,728-2 - BF3-8,728-2 - BF3,728-2 - BF3,no,yes,yes
Keeley White Denim Shirt - By Frankie,Size: XS,1f9934cb-51f9-441c-811a-5eb787d4492d,10425408389425,51943350370609,54020385079601,728-2 - BF3-7,728-2 - BF3,728-2 - BF3,no,yes,yes
Keeley White Denim Shorts - By Frankie,Size: L,96a2de71-dedc-4a1e-98bc-40f9bb5d0404,10425407963441,51943347913009,54020382622001,728-2 - BF3-5,728-2 - BF3,728-2 - BF3,no,yes,yes
Keeley White Denim Shorts - By Frankie,Size: M,66a40cfd-11d4-4aae-9cb7-a4ee087cb517,10425407963441,51943347880241,54020382589233,728-2 - BF3-4,728-2 - BF3,728-2 - BF3,no,yes,yes
Keeley White Denim Shorts - By Frankie,Size: S,3ef8a6fa-789c-487b-a747-a74d7a54fca3,10425407963441,51943347847473,54020382556465,728-2 - BF3-3,728-2 - BF3,728-2 - BF3,no,yes,yes
Keeley White Denim Shorts - By Frankie,Size: XL,e0c3df7f-c7bc-43c1-9e16-284dd4c14389,10425407963441,51943347945777,54020382654769,728-2 - BF3-6,728-2 - BF3,728-2 - BF3,no,yes,yes
Keeley White Denim Shorts - By Frankie,Size: XS,4ae6c3ab-9375-49ee-9ef9-556c4d879d08,10425407963441,51943347814705,54020382523697,728-2 - BF3-2,728-2 - BF3,728-2 - BF3,no,yes,yes
Kendall Lace Blouse - White/Beige,Size: L,645652fd-c68b-4f2c-b66f-d8b37aad52af,8073422831921,44184067211569,46231679533361,2805116 GDS Box 1-4,2805116 GDS Box 1,2805116 GDS Box 1,no,yes,yes
Kendall Lace Blouse - White/Beige,Size: M,f95e1361-f76a-4927-b215-381541e5cdf7,8073422831921,44184067178801,46231679500593,2805116 GDS Box 1-3,2805116 GDS Box 1,2805116 GDS Box 1,no,yes,yes
Kendall Lace Blouse - White/Beige,Size: S,77cb005b-f351-487e-84c0-2c356489e2ba,8073422831921,44184067146033,46231679467825,2805116 GDS Box 1-2,2805116 GDS Box 1,2805116 GDS Box 1,no,yes,yes
Kendall Lace Blouse - White/Beige,Size: XL,0e3205a3-3522-48f7-9b83-643536cab459,8073422831921,44184067244337,46231679566129,2805116 GDS Box 1-5,2805116 GDS Box 1,2805116 GDS Box 1,no,yes,yes
Kendall Lace Midi Dress - White/Beige,Size: L,b7cad260-a2cf-4bf0-ba4f-5bb694eedb89,8073361719601,44183955833137,46231568122161,2805115 Box 5 GDS-4,2805115 Box 5 GDS,2805115 Box 5 GDS,no,yes,yes
Kendall Lace Midi Dress - White/Beige,Size: M,f94e7572-7bfe-4c67-ab0a-68fa2529e923,8073361719601,44183955800369,46231568089393,2805115 Box 5 GDS-3,2805115 Box 5 GDS,2805115 Box 5 GDS,no,yes,yes
Kendall Lace Midi Dress - White/Beige,Size: S,e9e3968c-9bb6-4adf-945a-4da0d8adda2e,8073361719601,44183955767601,46231568056625,2805115 Box 5 GDS-2,2805115 Box 5 GDS,2805115 Box 5 GDS,no,yes,yes
khaki Knit Set - By Frankie,Size: M/L,0dc9cd27-dd29-4cd5-983e-27b346ab2f41,10134804726065,50537875407153,52599799120177,2466 - A14-4,2466 - A14,2466 - A14,no,yes,yes
khaki Knit Set - By Frankie,Size: S/M,5510f7c5-ed18-4bbe-8a23-e6ec309bf19e,10134804726065,50537875374385,52599799087409,2466 - A14-3,2466 - A14,2466 - A14,no,yes,yes
khaki Knit Set - By Frankie,Size: XS/S,b09a1550-992e-43e2-9106-d4c3f3f8cb77,10134804726065,50537875341617,52599799054641,2466 - A14-2,2466 - A14,2466 - A14,no,yes,yes
Kiara Linen Embroidered Dress - Teal - GDS,Size: L,031c9179-b5d5-4a36-bf35-7177f3fdcb88,8398737146161,45178848575793,47224595644721,280 3444 Box 3 GDS-4,280 3444 Box 3 GDS,280 3444 Box 3 GDS,no,yes,yes
Kiara Linen Embroidered Dress - Teal - GDS,Size: M,8f7291f3-69b3-4627-9503-4641f374bccb,8398737146161,45178848543025,47224595611953,280 3444 Box 3 GDS-3,280 3444 Box 3 GDS,280 3444 Box 3 GDS,no,yes,yes
Kiara Linen Embroidered Dress - Teal - GDS,Size: S,1cbd8cb1-8a35-46a5-9997-92783c06ca3b,8398737146161,45178848510257,47224595579185,280 3444 Box 3 GDS-2,280 3444 Box 3 GDS,280 3444 Box 3 GDS,no,yes,yes
Kiara Linen Embroidered Dress - Teal - GDS,Size: XL,06dbf91b-123e-468f-8619-7efb2d657389,8398737146161,45178848608561,47224595677489,280 3444 Box 3 GDS-5,280 3444 Box 3 GDS,280 3444 Box 3 GDS,no,yes,yes
Kira Kimono- Blue,Size: xs,c6d07577-6b86-4dc9-a6e8-197dc81fe948,4569101664352,32042300670048,33623994957920,B4-2,B4,B4,no,yes,yes
Kleo Midi Dress - Khaki,Size: L,5c42a40e-6128-4ca7-b795-6d8d58f378a3,8024655724849,44091445903665,46139298054449,2803 364 Box 4 GDS-4,2803 364 Box 4 GDS,2803 364 Box 4 GDS,no,yes,yes
Kleo Midi Dress - Khaki,Size: M,f8f09a4d-3444-485a-8c0e-86e96525e53e,8024655724849,44091445870897,46139298021681,2803 364 Box 4 GDS-3,2803 364 Box 4 GDS,2803 364 Box 4 GDS,no,yes,yes
Kleo Midi Dress - Khaki,Size: S,e87df57b-a015-44c4-bca9-2214df01dd0f,8024655724849,44091445838129,46139297988913,2803 364 Box 4 GDS-2,2803 364 Box 4 GDS,2803 364 Box 4 GDS,no,yes,yes
Kleo Midi Dress - Khaki,Size: XL,59c72118-82f4-4096-a1b1-6f749fb57c20,8024655724849,44091445936433,46139298087217,2803 364 Box 4 GDS-5,2803 364 Box 4 GDS,2803 364 Box 4 GDS,no,yes,yes
Kleo Midi Dress - Navy,Size: L,027e9df5-77e9-4f78-b6ec-d2648225d824,7500794003613,42681144967325,44779157422237,2803 364 Box 4 Gds-9,2803 364 Box 4 Gds,2803 364 Box 4 Gds,no,yes,yes
Kleo Midi Dress - Navy,Size: M,061b7c56-9942-4ddf-b60c-ac6938a874fa,7500794003613,42681144901789,44779157389469,2803 364 Box 4 Gds-8,2803 364 Box 4 Gds,2803 364 Box 4 Gds,no,yes,yes
Kleo Midi Dress - Navy,Size: S,ea271170-603d-4fff-9909-5ed65072fa22,7500794003613,42681144836253,44779157356701,2803 364 Box 4 Gds-7,2803 364 Box 4 Gds,2803 364 Box 4 Gds,no,yes,yes
Kleo Midi Dress - Navy,Size: XL,00677785-3014-4357-b69a-17dadc4615cd,7500794003613,42681145032861,44779157455005,2803 364 Box 4 Gds-10,2803 364 Box 4 Gds,2803 364 Box 4 Gds,no,yes,yes
Kleo Midi Dress - Navy,Size: XS,f2de1052-b011-4ae5-a447-01a1c6738311,7500794003613,42681144770717,44779157323933,2803 364 Box 4 Gds-6,2803 364 Box 4 Gds,2803 364 Box 4 Gds,no,yes,yes
Knit Brown Tee With Contrast V,Size: M,02302793-b71c-4a75-9a49-99b83a0ff9d5,10684497756465,54409220522289,56518424428849,VV11742 - Jumper BOX 1-4,VV11742 - Jumper BOX 1,VV11742 - Jumper BOX 1,no,yes,yes
Knit Brown Tee With Contrast V,Size: S,84ada493-d7de-4dd7-bfda-7ea866831362,10684497756465,54409220489521,56518424396081,VV11742 - Jumper BOX 1-3,VV11742 - Jumper BOX 1,VV11742 - Jumper BOX 1,no,yes,yes
Knit Brown Tee With Contrast V,Size: XS,7332764d-fcce-4e09-a50c-d87c2c73d8e9,10684497756465,54409220456753,56518424363313,VV11742 - Jumper BOX 1-2,VV11742 - Jumper BOX 1,VV11742 - Jumper BOX 1,no,yes,yes
Kourtney Stud Top - Khaki,Size: L,e970c0f5-d112-4c6b-a700-df040387510e,6969840566429,40878815051933,42974338220189,280 1413 Box 1 GDS-4,280 1413 Box 1 GDS,280 1413 Box 1 GDS,no,yes,yes
Kourtney Stud Top - Khaki,Size: M,57c91a7e-3ced-456a-88f5-edbc96546d26,6969840566429,40878815019165,42974338187421,280 1413 Box 1 GDS-3,280 1413 Box 1 GDS,280 1413 Box 1 GDS,no,yes,yes
Kourtney Stud Top - Khaki,Size: S,64904b31-bc01-4d24-bd9a-1919591ce8bd,6969840566429,40878814986397,42974338154653,280 1413 Box 1 GDS-2,280 1413 Box 1 GDS,280 1413 Box 1 GDS,no,yes,yes
Kourtney Stud Top - Navy,Size: L,45ad7543-c21d-4e50-91da-397468008123,7500764741789,42680991580317,44779005116573,280 1413 - Box 1 GDS-4,280 1413 - Box 1 GDS,280 1413 - Box 1 GDS,no,yes,yes
Kourtney Stud Top - Navy,Size: M,09f0c255-99a5-4522-86ab-1640e86bcead,7500764741789,42680991547549,44779005083805,280 1413 - Box 1 GDS-3,280 1413 - Box 1 GDS,280 1413 - Box 1 GDS,no,yes,yes
Kourtney Stud Top - Navy,Size: S,417fa323-3954-4a26-9515-fbc4a6db7dcb,7500764741789,42680991514781,44779005051037,280 1413 - Box 1 GDS-2,280 1413 - Box 1 GDS,280 1413 - Box 1 GDS,no,yes,yes
Kourtney Stud Top - Navy,Size: XL,d07e84c6-ff9f-4a37-a7d7-4e582c3e0a87,7500764741789,42680998854813,44779012391069,280 1413 - Box 1 GDS-5,280 1413 - Box 1 GDS,280 1413 - Box 1 GDS,no,yes,yes
Kylie Brown Lace Asymmetrical Set - By Frankie,Size: M,2d8fb6ae-d3b3-43ab-8d15-a875eae8752f,10460361195825,52073086222641,54163412091185,54-5-4,54-5,54-5,no,yes,yes
Kylie Brown Lace Asymmetrical Set - By Frankie,Size: S,6070d814-0726-44dd-9f8e-be601357b3bb,10460361195825,52073086189873,54163412058417,54-5-3,54-5,54-5,no,yes,yes
Kylie Brown Lace Asymmetrical Set - By Frankie,Size: XS,b5ff1565-c6f6-42f9-a08f-de97d5b76dae,10460361195825,52073086157105,54163412025649,54-5-2,54-5,54-5,no,yes,yes
Kylie Yellow Gold Lace Asymmetrical Set - By Frankie,Size: L,52e4aecf-e7cb-43ce-8994-7608b6d3348e,10459616117041,52069786845489,54160058581297,54-3-5,54-3,54-3,no,yes,yes
Kylie Yellow Gold Lace Asymmetrical Set - By Frankie,Size: M,52440c0b-6e5b-413b-8469-2cca626d8a52,10459616117041,52069786812721,54160058548529,54-3-4,54-3,54-3,no,yes,yes
Kylie Yellow Gold Lace Asymmetrical Set - By Frankie,Size: S,b9324988-2336-47e2-83eb-2240d47a729a,10459616117041,52069786779953,54160058515761,54-3-3,54-3,54-3,no,yes,yes
Kylie Yellow Gold Lace Asymmetrical Set - By Frankie,Size: XS,ed444c0b-d07b-4282-9846-f3d5f9de9096,10459616117041,52069786747185,54160058482993,54-3-2,54-3,54-3,no,yes,yes
Lace kimono - Black,Size: M/L,ad862373-1c6b-4e10-be14-630544ec0ceb,3911819719,13296701255,3188207367,BS018739-2,BS018739,BS018739,no,yes,yes
Lace Pants Tee Set - By Frankie,Size: L,be9bd4c1-8525-482a-866f-4c7096e7ee04,10291171230001,51350573515057,53418177298737,676-1 Warehouse-5,676-1 Warehouse,676-1 Warehouse,no,yes,yes
Lace Pants Tee Set - By Frankie,Size: M,4212bad4-3a82-482a-b7ed-8f861657ec83,10291171230001,51350573482289,53418177265969,676-1 Warehouse-4,676-1 Warehouse,676-1 Warehouse,no,yes,yes
Lace Pants Tee Set - By Frankie,Size: S,7ceeca4b-20cb-4f82-b350-25348f43f932,10291171230001,51350573449521,53418177233201,676-1 Warehouse-3,676-1 Warehouse,676-1 Warehouse,no,yes,yes
Lace Pants Tee Set - By Frankie,Size: XS,9c4e6d30-2fcf-485c-a0ed-45cec9a78cc9,10291171230001,51350573416753,53418177200433,676-1 Warehouse-2,676-1 Warehouse,676-1 Warehouse,no,yes,yes
Lace Pants with Jacket Set - By Frankie,Size: L,47bd2e59-d9a0-4e64-b6c9-f3b2c0443026,10302285971761,51397635408177,53465032950065,537-1 - BF4-5,537-1 - BF4,537-1 - BF4,no,yes,yes
Lace Pants with Jacket Set - By Frankie,Size: M,906feff5-f7cf-4a81-9068-2e868677c5a9,10302285971761,51397635375409,53465032917297,537-1 - BF4-4,537-1 - BF4,537-1 - BF4,no,yes,yes
Lace Pants with Jacket Set - By Frankie,Size: S,4b0a0f11-3750-405e-b407-fae7348582e0,10302285971761,51397635342641,53465032884529,537-1 - BF4-3,537-1 - BF4,537-1 - BF4,no,yes,yes
Lace Pants with Jacket Set - By Frankie,Size: XS,c11ec323-deb1-4090-bb51-4fbf58dadda9,10302285971761,51397635309873,53465032851761,537-1 - BF4-2,537-1 - BF4,537-1 - BF4,no,yes,yes
Lani Maxi Dress - Chocolate,Size: L,a8105de2-4ff1-4b1a-9987-75b579bda99e,9749966029105,49333080916273,51380084506929,JA597-RB011CH - C3-5,JA597-RB011CH - C3,JA597-RB011CH - C3,no,yes,yes
Lani Maxi Dress - Chocolate,Size: M,3d1e34eb-0d61-4376-ac22-e039d1304c32,9749966029105,49333080850737,51380084474161,JA597-RB011CH - C3-4,JA597-RB011CH - C3,JA597-RB011CH - C3,no,yes,yes
Lani Maxi Dress - Chocolate,Size: S,bdd749f7-682a-4ae2-b0f3-9e5f236805b0,9749966029105,49333080785201,51380084441393,JA597-RB011CH - C3-3,JA597-RB011CH - C3,JA597-RB011CH - C3,no,yes,yes
Lani Maxi Dress - Chocolate,Size: XS,7aff6a6f-cc02-4dd9-aed7-2cd743a0af34,9749966029105,49333080654129,51380084408625,JA597-RB011CH - C3-2,JA597-RB011CH - C3,JA597-RB011CH - C3,no,yes,yes
Lani Skirt - Chocolate,Size: L,b067cb97-64d4-4d30-9ef0-5e5eda9fc07b,9745170104625,49319802143025,51366801834289,JA600-RB011CH - C2-5,JA600-RB011CH - C2,JA600-RB011CH - C2,no,yes,yes
Lani Skirt - Chocolate,Size: M,aa2b852c-1702-4cf2-8ac8-3fe187e56791,9745170104625,49319802110257,51366801801521,JA600-RB011CH - C2-4,JA600-RB011CH - C2,JA600-RB011CH - C2,no,yes,yes
Lani Skirt - Chocolate,Size: S,3c8c0951-46ea-4fb1-bd63-ccc111b95335,9745170104625,49319802077489,51366801768753,JA600-RB011CH - C2-3,JA600-RB011CH - C2,JA600-RB011CH - C2,no,yes,yes
Lani Skirt - Chocolate,Size: XS,81810a25-e334-40ca-a0a9-e9fa0c2ed323,9745170104625,49319802044721,51366801735985,JA600-RB011CH - C2-2,JA600-RB011CH - C2,JA600-RB011CH - C2,no,yes,yes
Lanie Mini Dress - Pink,Size: 10,b61284cd-a20b-4e3a-b305-d46ce1f78b7b,10055395639601,50199929028913,52252361982257,MKT-7,MKT,MKT,no,yes,yes
Lanie Mini Dress - Pink,Size: 12,98aad53d-6cfd-45fa-8a70-c463b6d9011b,10055395639601,50199929061681,52252362015025,MKT-8,MKT,MKT,no,yes,yes
Lanie Mini Dress - Pink,Size: 14,af4a6348-541e-4efc-a84a-e10641341fce,10055395639601,50199929094449,52252362047793,MKT-9,MKT,MKT,no,yes,yes
Lanie Mini Dress - Pink,Size: 16,1d233245-728b-4a31-af2d-a7bc53b135d1,10055395639601,50199929127217,52252362080561,MKT-10,MKT,MKT,no,yes,yes
Lanie Mini Dress - Pink,Size: 8,59df9e3c-b45d-4ee1-bdd3-fcb8618e44b7,10055395639601,50199928996145,52252361949489,MKT-6,MKT,MKT,no,yes,yes
Lanie Mint Shell Set - By Frankie,Size: L,26445d8a-c6fe-4b6b-bd03-cd4ae7d16e47,10444961251633,52010376626481,54100383695153,711-5-5,711-5,711-5,no,yes,yes
Lanie Mint Shell Set - By Frankie,Size: M,c6993448-ada5-4a08-beed-4c30cbfdfa8b,10444961251633,52010376593713,54100383662385,711-5-4,711-5,711-5,no,yes,yes
Lanie Mint Shell Set - By Frankie,Size: S,70e65767-f72e-4c9b-b720-1eb4b893eca6,10444961251633,52010376560945,54100383629617,711-5-3,711-5,711-5,no,yes,yes
Lanie Mint Shell Set - By Frankie,Size: XS,b91c72fc-e3a2-4349-96c0-255502346533,10444961251633,52010376528177,54100383596849,711-5-2,711-5,711-5,no,yes,yes
Lanie Yellow Shell Set - By Frankie,Size: L,439426b8-6b79-4453-8225-671ffdbce9bd,10447612674353,52020357923121,54110520443185,711-6  - BF1-5,711-6  - BF1,711-6  - BF1,no,yes,yes
Lanie Yellow Shell Set - By Frankie,Size: M,624b3087-3685-438b-a32d-c8d448f9ba16,10447612674353,52020357890353,54110520410417,711-6  - BF1-4,711-6  - BF1,711-6  - BF1,no,yes,yes
Lanie Yellow Shell Set - By Frankie,Size: S,7bf3a4c9-4a06-4346-9565-572e045ec864,10447612674353,52020357857585,54110520377649,711-6  - BF1-3,711-6  - BF1,711-6  - BF1,no,yes,yes
Lanie Yellow Shell Set - By Frankie,Size: XS,5f6d54ae-0b76-43d9-b677-a5b0d1b7e419,10447612674353,52020357824817,54110520344881,711-6  - BF1-2,711-6  - BF1,711-6  - BF1,no,yes,yes
Lara Denim Shorts,Size: 10,c464aa57-05c0-47cc-a90b-d1b24980f939,10651220705585,53805839286577,55910812942641,6566 - A9-5,6566 - A9,6566 - A9,no,yes,yes
Lara Denim Shorts,Size: 11,311d3df3-5901-4aaa-8e28-bfef12c72fc3,10651220705585,53805839319345,55910812975409,6566 - A9-6,6566 - A9,6566 - A9,no,yes,yes
Lara Denim Shorts,Size: 6,068c5aef-a125-445c-bce4-69e06ad5b102,10651220705585,53804258722097,55909231132977,6566 - A9-2,6566 - A9,6566 - A9,no,yes,yes
Lara Denim Shorts,Size: 7,fe0ade28-e666-4595-8378-daf6c530d537,10651220705585,53805839221041,55910812877105,6566 - A9-3,6566 - A9,6566 - A9,no,yes,yes
Lara Denim Shorts,Size: 8,62b54ddd-d968-4ce1-b29d-5ba703e560c8,10651220705585,53805839253809,55910812909873,6566 - A9-4,6566 - A9,6566 - A9,no,yes,yes
Lara Lace Jumper - Black,Size: S/M,642fc10e-291d-4420-8ff0-ff70747320ba,8877066780977,46914720629041,48963253764401,B1080 Jumpers Box 3-2,B1080 Jumpers Box 3,B1080 Jumpers Box 3,no,yes,yes
Larissa Embroidered Shirt - Navy/Cream,Size: 10,7a95083f-1db7-41b2-9c5a-a3a6a3a42ec2,10287619146033,51339414143281,53407062294833,S1092EMB - E-3,S1092EMB - E,S1092EMB - E,no,yes,yes
Larissa Embroidered Shirt - Navy/Cream,Size: 12,3a865ec7-c385-486f-a981-67aa71800645,10287619146033,51339414176049,53407062327601,S1092EMB - E-4,S1092EMB - E,S1092EMB - E,no,yes,yes
Larissa Embroidered Shirt - Navy/Cream,Size: 14,657e56a2-5273-4fad-9fe0-bffa8d4f723a,10287619146033,51339414208817,53407062360369,S1092EMB - E-5,S1092EMB - E,S1092EMB - E,no,yes,yes
Larissa Embroidered Shirt - Navy/Cream,Size: 8,ce039351-5ad0-4cf3-b55f-3f68734c222f,10287619146033,51339414110513,53407062262065,S1092EMB - E-2,S1092EMB - E,S1092EMB - E,no,yes,yes
Larissa Pants - Navy/Cream,Size: 10,f78dd801-8c80-4731-b6a8-51583ad87f08,10287624028465,51339421483313,53407069667633,S1069EMB - E-3,S1069EMB - E,S1069EMB - E,no,yes,yes
Larissa Pants - Navy/Cream,Size: 12,1e513884-432a-4e6e-a974-f4ae27c75d57,10287624028465,51339421516081,53407069700401,S1069EMB - E-4,S1069EMB - E,S1069EMB - E,no,yes,yes
Larissa Pants - Navy/Cream,Size: 14,f3b584b8-a6f2-4637-ab6b-6fe07d2f6e50,10287624028465,51339421548849,53407069733169,S1069EMB - E-5,S1069EMB - E,S1069EMB - E,no,yes,yes
Larissa Pants - Navy/Cream,Size: 8,0fa76254-3a90-4862-92cb-495e45574ba2,10287624028465,51339421450545,53407069634865,S1069EMB - E-2,S1069EMB - E,S1069EMB - E,no,yes,yes
Latini Mini Dress - Black/Cream,Size: 10,5b350aa3-9488-4a20-96cb-8b6967dc4805,9631421235505,49020322775345,51067548434737,A12-3,A12,A12,no,yes,yes
Latini Mini Dress - Black/Cream,Size: 12,a323323e-b909-444f-b57d-9a9973057a54,9631421235505,49020322808113,51067548467505,A12-4,A12,A12,no,yes,yes
Latini Mini Dress - Black/Cream,Size: 14,00b14f4c-eb44-40f9-88fb-6477de114da8,9631421235505,49020322840881,51067548500273,A12-5,A12,A12,no,yes,yes
Latini Mini Dress - Black/Cream,Size: 8,d311196b-78ba-4dd1-b24b-6f971da25b8d,9631421235505,49020322742577,51067548401969,A12-2,A12,A12,no,yes,yes
Laura Lace Antique White Mini Dress - By Frankie,Size: L,fe82d7f9-b09d-4473-b331-1c7bfad6aec5,10624753500465,53232166797617,55334594806065,743-2 - BF2-5,743-2 - BF2,743-2 - BF2,no,yes,yes
Laura Lace Antique White Mini Dress - By Frankie,Size: M,023f5365-2e61-41da-84e2-8899f59f53a1,10624753500465,53232166764849,55334594773297,743-2 - BF2-4,743-2 - BF2,743-2 - BF2,no,yes,yes
Laura Lace Antique White Mini Dress - By Frankie,Size: S,8d6a4df0-c12c-475b-8273-73a242ffd176,10624753500465,53232166732081,55334594740529,743-2 - BF2-3,743-2 - BF2,743-2 - BF2,no,yes,yes
Laura Lace Antique White Mini Dress - By Frankie,Size: XS,b05a0f42-dc9b-46b9-bcc2-bfc463c769f1,10624753500465,53232166699313,55334594707761,743-2 - BF2-2,743-2 - BF2,743-2 - BF2,no,yes,yes
Laura Lace Black Mini Dress - By Frankie,Size: L,17f02c15-334d-4c5e-8be8-a52613cd8102,10460383609137,52073230008625,54163555942705,743-1 MKT Box 1-5,743-1 MKT Box 1,743-1 MKT Box 1,no,yes,yes
Laura Lace Black Mini Dress - By Frankie,Size: M,9f16dece-07fa-46f0-81a4-469f9eb6281d,10460383609137,52073229975857,54163555909937,743-1 MKT Box 1-4,743-1 MKT Box 1,743-1 MKT Box 1,no,yes,yes
Laura Lace Black Mini Dress - By Frankie,Size: S,90a29275-049e-45e2-99be-03f96acc152e,10460383609137,52073229943089,54163555877169,743-1 MKT Box 1-3,743-1 MKT Box 1,743-1 MKT Box 1,no,yes,yes
Laura Lace Black Mini Dress - By Frankie,Size: XS,99869aa9-e2ce-4584-a10b-43bccaae1272,10460383609137,52073229910321,54163555844401,743-1 MKT Box 1-2,743-1 MKT Box 1,743-1 MKT Box 1,no,yes,yes
Laura Lace Mini Dress - By Frankie,Size: L,e7093210-bee2-41c8-95f1-5c4e1c535282,10460394717489,52073316090161,54163642450225,743-4 - BF2-5,743-4 - BF2,743-4 - BF2,no,yes,yes
Laura Lace Mini Dress - By Frankie,Size: M,3f337d03-a64f-4d59-9eb2-7f813f7ae6a8,10460394717489,52073316057393,54163642417457,743-4 - BF2-4,743-4 - BF2,743-4 - BF2,no,yes,yes
Laura Lace Mini Dress - By Frankie,Size: S,864db674-6b9d-42f2-b810-a890c2b65e1c,10460394717489,52073316024625,54163642384689,743-4 - BF2-3,743-4 - BF2,743-4 - BF2,no,yes,yes
Laura Lace Mini Dress - By Frankie,Size: XS,985f6940-735a-4390-bd9c-62bdca51bb8d,10460394717489,52073315991857,54163642351921,743-4 - BF2-2,743-4 - BF2,743-4 - BF2,no,yes,yes
Laura Lace Yellow Mini Dress - By Frankie,Size: L,6a4a6fd6-3b4d-4605-a962-0b0f30136ff8,10624755335473,53232552280369,55334980288817,743-3 - BF2-5,743-3 - BF2,743-3 - BF2,no,yes,yes
Laura Lace Yellow Mini Dress - By Frankie,Size: M,85467252-750c-4d91-8dc8-50418459ffe8,10624755335473,53232552247601,55334980256049,743-3 - BF2-4,743-3 - BF2,743-3 - BF2,no,yes,yes
Laura Lace Yellow Mini Dress - By Frankie,Size: S,6c7dffe3-3ee2-4e21-8a5f-176e749c16ce,10624755335473,53232552214833,55334980223281,743-3 - BF2-3,743-3 - BF2,743-3 - BF2,no,yes,yes
Laura Lace Yellow Mini Dress - By Frankie,Size: XS,eb67cbe1-d6b9-4cc9-8899-fbde15f4d45c,10624755335473,53232552182065,55334980190513,743-3 - BF2-2,743-3 - BF2,743-3 - BF2,no,yes,yes
Layla Knit Pants - Cream,Size: M/L,4c47f801-3ce8-4034-bb98-574a18bf48bb,10605888995633,53091076669745,55192575770929,M24216 - K-4,M24216 - K,M24216 - K,no,yes,yes
Layla Knit Pants - Cream,Size: S/M,2039d7f7-de68-4a0c-8475-b58b33a9d712,10605888995633,53091076636977,55192575738161,M24216 - K-3,M24216 - K,M24216 - K,no,yes,yes
Layla Knit Pants - Cream,Size: XS/S,bc866c81-b180-4984-b655-da658ebeae03,10605888995633,53091076604209,55192575705393,M24216 - K-2,M24216 - K,M24216 - K,no,yes,yes
Layla Knit Shorts - Cream,Size: M/L,2ab515fe-3e02-4832-9dfe-95096a9f8dde,10605889257777,53091080241457,55192579342641,M24236 - K-4,M24236 - K,M24236 - K,no,yes,yes
Layla Knit Shorts - Cream,Size: S/M,4d219539-fd2e-4005-89dd-83b15e541b9c,10605889257777,53091080208689,55192579309873,M24236 - K-3,M24236 - K,M24236 - K,no,yes,yes
Layla Knit Shorts - Cream,Size: XS/S,77b15a3e-e9ec-406f-a895-695622808676,10605889257777,53091080175921,55192579277105,M24236 - K-2,M24236 - K,M24236 - K,no,yes,yes
Layla Off The Shoulder Top - Cream,Size: M/L,6e907150-5e92-4268-9c0e-45ac29f6fcb6,10605881622833,53090986557745,55192483954993,M24215 - K-4,M24215 - K,M24215 - K,no,yes,yes
Layla Off The Shoulder Top - Cream,Size: S/M,3d072a6c-4164-45d8-ba41-0af0482598d4,10605881622833,53090986524977,55192483922225,M24215 - K-3,M24215 - K,M24215 - K,no,yes,yes
Layla Off The Shoulder Top - Cream,Size: XS/S,2e13af3f-ba4b-403c-8f38-0f2c78e7e3b6,10605881622833,53090986492209,55192483889457,M24215 - K-2,M24215 - K,M24215 - K,no,yes,yes
Leah Light Denim Wide/Straight Leg Jeans,Size: 10,6596df7b-f9dc-4346-8b77-1ce037c5d03c,10624692519217,53221270749489,55323397062961,CGJ1813-L - B3-3,CGJ1813-L - B3,CGJ1813-L - B3,no,yes,yes
Leah Light Denim Wide/Straight Leg Jeans,Size: 12,7cc616ef-00c1-4ab5-8fcb-da414262031e,10624692519217,53221270847793,55323397161265,CGJ1813-L - B3-4,CGJ1813-L - B3,CGJ1813-L - B3,no,yes,yes
Leah Light Denim Wide/Straight Leg Jeans,Size: 14,b3280c7e-234c-4360-8f5c-345901f39e64,10624692519217,53221968380209,55324095643953,CGJ1813-L - B3-5,CGJ1813-L - B3,CGJ1813-L - B3,no,yes,yes
Leah Light Denim Wide/Straight Leg Jeans,Size: 8,2f2d1b6b-db0f-4906-b181-b7df5558e745,10624692519217,53221270716721,55323397030193,CGJ1813-L - B3-2,CGJ1813-L - B3,CGJ1813-L - B3,no,yes,yes
Leah Maxi - Green,Size: 10,5d178632-f8d1-47cb-b240-94b600e47ab4,10044634628401,50157619544369,52209408999729,MOJ3305GCROSS-2 - K-3,MOJ3305GCROSS-2 - K,MOJ3305GCROSS-2 - K,no,yes,yes
Leah Maxi - Green,Size: 12,6285f2f4-0c00-4395-a0b0-ec5b9ed3951b,10044634628401,50157619577137,52209409032497,MOJ3305GCROSS-2 - K-4,MOJ3305GCROSS-2 - K,MOJ3305GCROSS-2 - K,no,yes,yes
Leah Maxi - Green,Size: 14,ed84fc79-ec93-4909-8ee1-965bb31cad09,10044634628401,50157619609905,52209409065265,MOJ3305GCROSS-2 - K-5,MOJ3305GCROSS-2 - K,MOJ3305GCROSS-2 - K,no,yes,yes
Leah Maxi - Green,Size: 8,0a4338cc-a2a9-4566-a46d-5df06b98712e,10044634628401,50157619511601,52209408966961,MOJ3305GCROSS-2 - K-2,MOJ3305GCROSS-2 - K,MOJ3305GCROSS-2 - K,no,yes,yes
Leah Mini - Green,Size: 10,8dd1267c-9206-4911-bbba-ef0d65bba7bd,10044635644209,50157622165809,52209411621169,MOJ3346GCROSS - K-3,MOJ3346GCROSS - K,MOJ3346GCROSS - K,no,yes,yes
Leah Mini - Green,Size: 12,e70e05ec-39b7-4730-b00f-f71573d41739,10044635644209,50157622198577,52209411653937,MOJ3346GCROSS - K-4,MOJ3346GCROSS - K,MOJ3346GCROSS - K,no,yes,yes
Leah Mini - Green,Size: 14,c98b164c-00ae-475c-809e-045f2003459e,10044635644209,50157622231345,52209411686705,MOJ3346GCROSS - K-5,MOJ3346GCROSS - K,MOJ3346GCROSS - K,no,yes,yes
Leah Mini - Green,Size: 8,3ad24b72-bb12-4cc5-abf2-c32cf5fbef7d,10044635644209,50157622133041,52209411588401,MOJ3346GCROSS - K-2,MOJ3346GCROSS - K,MOJ3346GCROSS - K,no,yes,yes
Leanne Mini Dress - White,Size: 10,3d8f4fb5-30cc-47cb-837a-18387713ebc2,7334429130909,42157545554077,44256145735837,PH210500 - B1-3,PH210500 - B1,PH210500 - B1,no,yes,yes
Leanne Mini Dress - White,Size: 12,69363c46-04a6-493e-9501-38bc10a816b9,7334429130909,42625233584285,44722693767325,PH210500 - B1-4,PH210500 - B1,PH210500 - B1,no,yes,yes
Leanne Mini Dress - White,Size: 14,902076ca-3c54-4443-972b-142c4dbd4889,7334429130909,42625233617053,44722693800093,PH210500 - B1-5,PH210500 - B1,PH210500 - B1,no,yes,yes
Leanne Mini Dress - White,Size: 8,4398e2dd-8cd7-4559-ad70-7297093d4fe6,7334429130909,42157545521309,44256145703069,PH210500 - B1-2,PH210500 - B1,PH210500 - B1,no,yes,yes
Leila Mint Hi-Low Top,Size: S/M,de887f85-e160-4db0-a3f9-53b9a1bea69e,5592071241885,36046537130141,38065950818461,B5-27,B5,B5,no,yes,yes
Leila Tie Blouse - White - GDS,Size: L,498dc3c0-571e-4fd7-9021-f5d991b45e35,8289521729841,44811963040049,46856993014065,280 2361 Box 1 GDS-4,280 2361 Box 1 GDS,280 2361 Box 1 GDS,no,yes,yes
Leila Tie Blouse - White - GDS,Size: M,3eb17940-9bc2-4d67-ae37-ee57f2271f1a,8289521729841,44811963007281,46856992981297,280 2361 Box 1 GDS-3,280 2361 Box 1 GDS,280 2361 Box 1 GDS,no,yes,yes
Leila Tie Blouse - White - GDS,Size: S,c9c41730-1f94-4338-b490-4776eab803fa,8289521729841,44811962974513,46856992948529,280 2361 Box 1 GDS-2,280 2361 Box 1 GDS,280 2361 Box 1 GDS,no,yes,yes
Leila Tie Blouse - White - GDS,Size: XL,5ba8d7a0-c4ef-416a-8c12-a641df2795ad,8289521729841,44811963072817,46856993046833,280 2361 Box 1 GDS-5,280 2361 Box 1 GDS,280 2361 Box 1 GDS,no,yes,yes
Leilani Jumpsuit,Size: 10,b8c20e4f-13e7-4e58-b154-9512c63b1016,10230920053041,51196799975729,53266343788849,2011798-36 - I-3,2011798-36 - I,2011798-36 - I,no,yes,yes
Leilani Jumpsuit,Size: 12,626ebed4-9a64-4d6e-ab24-02c8990f8af6,10230920053041,51196800008497,53266343821617,2011798-36 - I-4,2011798-36 - I,2011798-36 - I,no,yes,yes
Leilani Jumpsuit,Size: 14,8634e414-9fdf-452c-b1e7-7587caf32c02,10230920053041,51196800041265,53266343854385,2011798-36 - I-5,2011798-36 - I,2011798-36 - I,no,yes,yes
Leilani Jumpsuit,Size: 8,c204fc01-2f92-419b-89ff-24458ddfcea5,10230920053041,51196799942961,53266343756081,2011798-36 - I-2,2011798-36 - I,2011798-36 - I,no,yes,yes
Leilani Singlet Maxi Dress,Size: 10,ffc092b1-fc36-46e1-b818-7623c28b2d06,10230911172913,51196783591729,53266327601457,2012084A-12 - I-3,2012084A-12 - I,2012084A-12 - I,no,yes,yes
Leilani Singlet Maxi Dress,Size: 12,94ef038d-04d1-4e4c-9643-00ab1165ebee,10230911172913,51196783624497,53266327634225,2012084A-12 - I-4,2012084A-12 - I,2012084A-12 - I,no,yes,yes
Leilani Singlet Maxi Dress,Size: 14,11433a31-d458-40a4-b669-7c367d0f6d6e,10230911172913,51196783657265,53266327666993,2012084A-12 - I-5,2012084A-12 - I,2012084A-12 - I,no,yes,yes
Leilani Singlet Maxi Dress,Size: 8,69ef75d5-e2a3-4a8c-9fba-3007c3bcc8b2,10230911172913,51196783558961,53266327568689,2012084A-12 - I-2,2012084A-12 - I,2012084A-12 - I,no,yes,yes
Lemon/Yellow Racer Stripe Shorts - By Frankie,Size: L,451e929a-c805-4a79-8422-4bca509aaa5a,10468108534065,52116444086577,54207426920753,43-6 B12-10,43-6 B12,43-6 B12,no,yes,yes
Lemon/Yellow Racer Stripe Shorts - By Frankie,Size: M,072f140e-d285-49ea-b522-7f3a7e92c9c3,10468108534065,52116444053809,54207426887985,43-6 B12-9,43-6 B12,43-6 B12,no,yes,yes
Lemon/Yellow Racer Stripe Shorts - By Frankie,Size: S,df8b45d9-9ca5-4744-8954-d3dc66dfd23a,10468108534065,52116444021041,54207426855217,43-6 B12-8,43-6 B12,43-6 B12,no,yes,yes
Lemon/Yellow Racer Stripe Shorts - By Frankie,Size: XS,9e3d067c-22e8-4ad1-9c1b-631c167995a7,10468108534065,52116443988273,54207426822449,43-6 B12-7,43-6 B12,43-6 B12,no,yes,yes
Lemons and Sun Playsuit - By Frankie,Size: L,81078c4b-f39c-40e1-a53a-5963833798f3,10126424572209,50504668938545,52561503060273,1039-52 - B9-5,1039-52 - B9,1039-52 - B9,no,yes,yes
Lemons and Sun Playsuit - By Frankie,Size: M,1bb1b09a-7d00-4a61-be3b-dd17f5a1d34d,10126424572209,50504668905777,52561503027505,1039-52 - B9-4,1039-52 - B9,1039-52 - B9,no,yes,yes
Lemons and Sun Playsuit - By Frankie,Size: S,b0cd3f0d-c720-47f9-bd57-58d59a486939,10126424572209,50504668873009,52561502994737,1039-52 - B9-3,1039-52 - B9,1039-52 - B9,no,yes,yes
Lemons and Sun Playsuit - By Frankie,Size: XS,2ca3e5d1-a22f-4281-9f8b-9819429045d8,10126424572209,50504668840241,52561502961969,1039-52 - B9-2,1039-52 - B9,1039-52 - B9,no,yes,yes
Lena Baby Doll Mini Dress - Pink,Colour: Pink | Size: 10,674526a4-f910-446f-9dc1-ecc994ea2797,10249697198385,51232574734641,53300875886897,2011909-5 - A3-3,2011909-5 - A3,2011909-5 - A3,no,yes,yes
Lena Baby Doll Mini Dress - Pink,Colour: Pink | Size: 12,b1d6ea2e-fd68-49d5-9743-44be5a7a3846,10249697198385,51232574767409,53300875919665,2011909-5 - A3-4,2011909-5 - A3,2011909-5 - A3,no,yes,yes
Lena Baby Doll Mini Dress - Pink,Colour: Pink | Size: 14,2d76c755-262b-4f96-9b3b-d4f31c7fb1cc,10249697198385,51232574800177,53300875952433,2011909-5 - A3-5,2011909-5 - A3,2011909-5 - A3,no,yes,yes
Lena Baby Doll Mini Dress - Pink,Colour: Pink | Size: 8,3e237748-b882-4139-b85d-1bf256f12742,10249697198385,51232574701873,53300875854129,2011909-5 - A3-2,2011909-5 - A3,2011909-5 - A3,no,yes,yes
Lena Blouse - Pink/Caramel,Size: 10,e4918dc6-a424-4666-a00a-be1a5f3bf95e,9586428281137,48938950164785,50986161930545,2021373-28-3,2021373-28,2021373-28,no,yes,yes
Lena Blouse - Pink/Caramel,Size: 12,854c4da7-fb4a-4bf6-9938-b1873b175b45,9586428281137,48938950197553,50986161963313,2021373-28-4,2021373-28,2021373-28,no,yes,yes
Lena Blouse - Pink/Caramel,Size: 14,a989c040-48d1-4213-b66e-df6edefe3361,9586428281137,48938950230321,50986161996081,2021373-28-5,2021373-28,2021373-28,no,yes,yes
Lena Blouse - Pink/Caramel,Size: 8,5c94e4b4-c12c-4af2-b6b1-e3ff27503f2b,9586428281137,48938950132017,50986161897777,2021373-28-2,2021373-28,2021373-28,no,yes,yes
Lena Linen Midi Dress,Size: L,2078927a-8423-4647-b2c6-9fa094a155f3,8279342285105,44759545545009,46804651376945,Box 6 GDS-4,Box 6 GDS,Box 6 GDS,no,yes,yes
Lena Linen Midi Dress,Size: M,a9cc5f29-f5e3-4b64-b1ec-ffdec7353e53,8279342285105,44759545512241,46804651344177,Box 6 GDS-3,Box 6 GDS,Box 6 GDS,no,yes,yes
Lena Linen Midi Dress,Size: S,010a91ef-3d59-4087-880b-5a257d9b0429,8279342285105,44759545479473,46804651311409,Box 6 GDS-2,Box 6 GDS,Box 6 GDS,no,yes,yes
Lena Linen Midi Dress,Size: XL,a9e5e9e7-5eb0-4fde-acfe-53f248517cb1,8279342285105,44759545577777,46804651409713,Box 6 GDS-5,Box 6 GDS,Box 6 GDS,no,yes,yes
Lena Maxi Dress - Pink/Caramel,Size: 10,9b7dee59-43bd-406a-9129-abeb7174f099,10095145353521,50371038413105,52425009987889,35001-3,35001,35001,yes,yes,yes
Lena Maxi Dress - Pink/Caramel,Size: 12,e105ecbd-1bbf-4281-b6f4-91ce2a2ae755,10095145353521,50371038445873,52425010020657,35001-4,35001,35001,yes,yes,yes
Lena Maxi Dress - Pink/Caramel,Size: 14,c1d359cc-bc28-4b89-8c33-52417d5eeba3,10095145353521,50371038478641,52425010053425,35001-5,35001,35001,yes,yes,yes
Lena Maxi Dress - Pink/Caramel,Size: 8,28ce7579-69a0-4024-b281-7e32b07bb6bb,10095145353521,50371038380337,52425009955121,35001-2,35001,35001,yes,yes,yes
Lena Pants - Pink/Caramel,Size: 10,61460908-bd1e-4102-9705-2c34b8ddd4fc,9586424381745,48938944397617,50986156163377,203664-10 Iris Maxi --3,203664-10 Iris Maxi -,203664-10 Iris Maxi -,no,yes,yes
Lena Pants - Pink/Caramel,Size: 12,b9f28922-192a-4f62-81ba-bdd1147e0082,9586424381745,48938944430385,50986156196145,203664-10 Iris Maxi --4,203664-10 Iris Maxi -,203664-10 Iris Maxi -,no,yes,yes
Lena Pants - Pink/Caramel,Size: 14,cdbfb288-0368-4125-9428-899008e5e2c8,9586424381745,48938944463153,50986156228913,203664-10 Iris Maxi --5,203664-10 Iris Maxi -,203664-10 Iris Maxi -,no,yes,yes
Lena Pants - Pink/Caramel,Size: 8,d89b0732-b058-4647-8c3b-7ce1ea9296fe,9586424381745,48938944364849,50986156130609,203664-10 Iris Maxi --2,203664-10 Iris Maxi -,203664-10 Iris Maxi -,no,yes,yes
Lena Rose Dress - Black/Silver,Size: L,ffa78c83-3110-4aa5-89e8-9dc06717d16b,6806662348957,40320288555165,42416361373853,2801358 Box 4 GDS-4,2801358 Box 4 GDS,2801358 Box 4 GDS,no,yes,yes
Lena Rose Dress - Black/Silver,Size: M,5274a920-5fdf-4e87-89a3-2951184d0645,6806662348957,40320288522397,42416361341085,2801358 Box 4 GDS-3,2801358 Box 4 GDS,2801358 Box 4 GDS,no,yes,yes
Lena Rose Dress - Black/Silver,Size: S,6a74e56d-8e01-46cd-812d-d9ddf2c91c19,6806662348957,40320288489629,42416361308317,2801358 Box 4 GDS-2,2801358 Box 4 GDS,2801358 Box 4 GDS,no,yes,yes
Lena Shirred Mini Dress - Pink/Orange,Size: 10,3aedca36-6996-4216-af1d-b58c66277f15,8899201696049,47021795246385,49070332903729,2011308-23 - C-3,2011308-23 - C,2011308-23 - C,no,yes,yes
Lena Shirred Mini Dress - Pink/Orange,Size: 12,053b2066-d672-40d1-9c6b-82b19345b934,8899201696049,47021795279153,49070332936497,2011308-23 - C-4,2011308-23 - C,2011308-23 - C,no,yes,yes
Lena Shirred Mini Dress - Pink/Orange,Size: 14,ec0d1daf-13dd-4201-84e7-c5c62d5a2c30,8899201696049,47021795311921,49070332969265,2011308-23 - C-5,2011308-23 - C,2011308-23 - C,no,yes,yes
Lena Shirred Mini Dress - Pink/Orange,Size: 8,7da6cd83-6df8-4b97-8177-f183415802df,8899201696049,47021795213617,49070332870961,2011308-23 - C-2,2011308-23 - C,2011308-23 - C,no,yes,yes
Leni Maxi Dress - Pink/Orange,Size: 16,b4b49cee-baa4-49b4-a318-827ee8145914,7581384835229,49725534077233,51772599271729,JA79 871 - T1-6,JA79 871 - T1,JA79 871 - T1,no,yes,yes
Leni Maxi Dress - Pink/Orange,Size: 18,eca4002f-ca0a-4452-b2df-c5438a31b4a4,7581384835229,49725534110001,51772599304497,JA79 871 - T1-7,JA79 871 - T1,JA79 871 - T1,no,yes,yes
Leni Maxi Dress - Pink/Orange,Size: 20,a02c1d6e-6753-440b-8b76-b55f58fe0424,7581384835229,49725534142769,51772599337265,JA79 871 - T1-8,JA79 871 - T1,JA79 871 - T1,no,yes,yes
Leni Maxi Dress - Pink/Orange,Size: L,5cec6963-adab-4557-99ce-847fa6b2c5bb,7581384835229,42937952075933,45036536758429,JA79 871 - T1-4,JA79 871 - T1,JA79 871 - T1,no,yes,yes
Leni Maxi Dress - Pink/Orange,Size: M,4d7942be-bd3d-4c5a-802b-9585f148de86,7581384835229,42937952043165,45036536725661,JA79 871 - T1-3,JA79 871 - T1,JA79 871 - T1,no,yes,yes
Leni Maxi Dress - Pink/Orange,Size: S,7ef75a4a-fe0c-49c5-9b7a-8f5e6700c532,7581384835229,42937952010397,45036536692893,JA79 871 - T1-2,JA79 871 - T1,JA79 871 - T1,no,yes,yes
Leni Maxi Dress - Pink/Orange,Size: XL,f0cff208-09b7-4ed8-9592-9aa6e92a1be6,7581384835229,42937952108701,45036536791197,JA79 871 - T1-5,JA79 871 - T1,JA79 871 - T1,no,yes,yes
Leni Mini Dress - Pink/Orange,Size: L,48f8b177-bcea-49b3-847f-e2c1f567f424,9909850276145,49710002078001,51757033947441,JA80W  871 - C-5,JA80W  871 - C,JA80W  871 - C,no,yes,yes
Leni Mini Dress - Pink/Orange,Size: M,7b266e51-7502-42b8-96f0-27b0b86f3093,9909850276145,49710002045233,51757033914673,JA80W  871 - C-4,JA80W  871 - C,JA80W  871 - C,no,yes,yes
Leni Mini Dress - Pink/Orange,Size: S,1ab0a10e-7f8b-42f8-a78f-4e9cf407b419,9909850276145,49710002012465,51757033881905,JA80W  871 - C-3,JA80W  871 - C,JA80W  871 - C,no,yes,yes
Leni Mini Dress - Pink/Orange,Size: XS,9a76e14f-d600-44b4-9f0e-f63deddb46bf,9909850276145,49710001979697,51757033849137,JA80W  871 - C-2,JA80W  871 - C,JA80W  871 - C,no,yes,yes
Leona Blouse - Sky Blue/Pink,Size: 16,44fd785b-171a-4024-9a28-c99ac10a6651,8632548524337,46267953021233,48314928824625,JS80237#888 T1-6,JS80237#888 T1,JS80237#888 T1,no,yes,yes
Leona Blouse - Sky Blue/Pink,Size: 18,5919d058-7c4d-4d77-b505-131ab594f39e,8632548524337,46267953054001,48314928857393,JS80237#888 T1-7,JS80237#888 T1,JS80237#888 T1,no,yes,yes
Leona Blouse - Sky Blue/Pink,Size: 20,b6f02873-8cda-4cd0-ae05-e71d7cfe63f3,8632548524337,46267953086769,48314928890161,JS80237#888 T1-8,JS80237#888 T1,JS80237#888 T1,no,yes,yes
Leona Blouse - Sky Blue/Pink,Size: L,95fb8e27-a2ca-49f5-b0fc-352502a0dd74,8632548524337,45979943862577,48026544308529,JS80237#888 T1-4,JS80237#888 T1,JS80237#888 T1,no,yes,yes
Leona Blouse - Sky Blue/Pink,Size: M,a9b871ba-fa14-486a-a678-cc1b54ad2a5b,8632548524337,45979943829809,48026544275761,JS80237#888 T1-3,JS80237#888 T1,JS80237#888 T1,no,yes,yes
Leona Blouse - Sky Blue/Pink,Size: S,fc23ecb3-afe7-405b-b2d9-d9dd91e769c6,8632548524337,45979943797041,48026544242993,JS80237#888 T1-2,JS80237#888 T1,JS80237#888 T1,no,yes,yes
Leona Blouse - Sky Blue/Pink,Size: XL,b9ba1703-a4ca-4f4d-86e5-b518dceaf399,8632548524337,45979943895345,48026544341297,JS80237#888 T1-5,JS80237#888 T1,JS80237#888 T1,no,yes,yes
Leona Leopard Top - Brown,Size: L,0bd5b344-599f-4bff-825f-c86364835bd2,7443216302237,42521746276509,44619141054621,LOL211795 - B1-3,LOL211795 - B1,LOL211795 - B1,no,yes,yes
Leona Leopard Top - Brown,Size: M,fa35f650-071b-4720-9a0e-801f8aeba5eb,7443216302237,42521746243741,44619141021853,LOL211795 - B1-2,LOL211795 - B1,LOL211795 - B1,no,yes,yes
Leona Leopard Top - Brown,Size: XL,417a1746-eef9-4dbd-a31e-9c519a43a8b3,7443216302237,42521746309277,44619141087389,LOL211795 - B1-4,LOL211795 - B1,LOL211795 - B1,no,yes,yes
Leona Maxi Dress - Sky Blue/Pink,Size: L,7975f60c-28b1-4118-93b8-c04b3561074d,8632539152689,45979904016689,48026504298801,JS810027 - 888 - A6-4,JS810027 - 888 - A6,JS810027 - 888 - A6,no,yes,yes
Leona Maxi Dress - Sky Blue/Pink,Size: M,ca076287-96c0-4624-8d03-86092464d479,8632539152689,45979903983921,48026504266033,JS810027 - 888 - A6-3,JS810027 - 888 - A6,JS810027 - 888 - A6,no,yes,yes
Leona Maxi Dress - Sky Blue/Pink,Size: S,01e5884b-2210-46dc-8e01-ee1a87ceff23,8632539152689,45979903951153,48026504233265,JS810027 - 888 - A6-2,JS810027 - 888 - A6,JS810027 - 888 - A6,no,yes,yes
Leona Maxi Dress - Sky Blue/Pink,Size: XL,deb62a49-f29d-4afe-a46a-238f11377d0b,8632539152689,45979904049457,48026504331569,JS810027 - 888 - A6-5,JS810027 - 888 - A6,JS810027 - 888 - A6,no,yes,yes
Leona Mini Dress - Sky Blue/Pink,Size: 16,ecd2bdd2-da8a-44d6-a632-41eba2704e25,8632571429169,46267996340529,48314972143921,JS80890 - G-6,JS80890 - G,JS80890 - G,no,yes,yes
Leona Mini Dress - Sky Blue/Pink,Size: 18,61ea3f05-7e82-4584-99dc-3ee9591867d5,8632571429169,46267996373297,48314972176689,JS80890 - G-7,JS80890 - G,JS80890 - G,no,yes,yes
Leona Mini Dress - Sky Blue/Pink,Size: 20,75f2f0f0-6cf5-4e22-b1b0-6048f72a76a1,8632571429169,46267996406065,48314972209457,JS80890 - G-8,JS80890 - G,JS80890 - G,no,yes,yes
Leona Mini Dress - Sky Blue/Pink,Size: L,c98e8563-e836-455b-ac9b-537a8e4ff69d,8632571429169,45980042035505,48026642481457,JS80890 - G-4,JS80890 - G,JS80890 - G,no,yes,yes
Leona Mini Dress - Sky Blue/Pink,Size: M,42a80d50-b729-44ab-be23-d49de902ad3e,8632571429169,45980042002737,48026642448689,JS80890 - G-3,JS80890 - G,JS80890 - G,no,yes,yes
Leona Mini Dress - Sky Blue/Pink,Size: S,fe6f6042-b41c-4725-be1f-d0edade077be,8632571429169,45980041969969,48026642415921,JS80890 - G-2,JS80890 - G,JS80890 - G,no,yes,yes
Leona Mini Dress - Sky Blue/Pink,Size: XL,2ecdf9cb-5a42-4438-806b-b35d193ff3c8,8632571429169,45980042068273,48026642514225,JS80890 - G-5,JS80890 - G,JS80890 - G,no,yes,yes
Leopard Knit Racer Pants,Size: L,e18ba774-e3fe-4e42-910b-a31256f4e50c,10702909899057,54818546155825,56929480802609,VV11885 - A20-4,VV11885 - A20,VV11885 - A20,no,yes,yes
Leopard Knit Racer Pants,Size: M,5cdfd02e-9be8-4a8a-b5a0-a19c30b92741,10702909899057,54818546123057,56929480769841,VV11885 - A20-3,VV11885 - A20,VV11885 - A20,no,yes,yes
Leopard Knit Racer Pants,Size: S,4563f587-ccae-4e00-b3ec-ebff6102fc5e,10702909899057,54818546090289,56929480737073,VV11885 - A20-2,VV11885 - A20,VV11885 - A20,no,yes,yes
Leopard Knit Racer Pants,Size: XL,bfe1e474-bdb9-4d67-a4f4-3b608a600008,10702909899057,54818546188593,56929480835377,VV11885 - A20-5,VV11885 - A20,VV11885 - A20,no,yes,yes
Leopard Racer Denim Shorts Black Hearts - By Frankie,Size: L,3e4aeefe-f221-47fc-acb6-c1a81afa5dd2,10481347494193,52172054626609,54263563518257,734-7.  Black box right side on floor-5,734-7.  Black box right side on floor,734-7.  Black box right side on floor,no,yes,yes
Leopard Racer Denim Shorts Black Hearts - By Frankie,Size: M,7d7a6d65-01c4-4fec-b29e-fa22253ff423,10481347494193,52172054593841,54263563485489,734-7.  Black box right side on floor-4,734-7.  Black box right side on floor,734-7.  Black box right side on floor,no,yes,yes
Leopard Racer Denim Shorts Black Hearts - By Frankie,Size: S,28b731b9-e7bb-4254-bf75-032515e7c38b,10481347494193,52172054561073,54263563452721,734-7.  Black box right side on floor-3,734-7.  Black box right side on floor,734-7.  Black box right side on floor,no,yes,yes
Leopard Racer Denim Shorts Black Hearts - By Frankie,Size: XS,e604f8fe-1258-4d44-bc9c-c1907402b301,10481347494193,52172054528305,54263563419953,734-7.  Black box right side on floor-2,734-7.  Black box right side on floor,734-7.  Black box right side on floor,no,yes,yes
Leopard Racer Denim Shorts Red Hearts - By Frankie,Size: L,4906e5a6-8bcd-479a-892d-11a41bddff8e,10429296935217,51958459892017,54036132757809,734-2-5,734-2,734-2,no,yes,yes
Leopard Racer Denim Shorts Red Hearts - By Frankie,Size: M,d05ed939-0bb9-4cc6-8562-ba04486d9976,10429296935217,51958459859249,54036132725041,734-2-4,734-2,734-2,no,yes,yes
Leopard Racer Denim Shorts Red Hearts - By Frankie,Size: S,957a1733-15fd-41b6-a74c-a7a30d6488ac,10429296935217,51958459826481,54036132692273,734-2-3,734-2,734-2,no,yes,yes
Leopard Racer Denim Shorts Red Hearts - By Frankie,Size: XS,580a72c5-e636-40eb-899b-f854a4ac99cf,10429296935217,51958459793713,54036132659505,734-2-2,734-2,734-2,no,yes,yes
Leopard Racer Denim Shorts Three Stripe - By Frankie,Size: L,09c207be-ca8c-400c-96ab-05e8d77d1cf3,10429305585969,51958587162929,54036260651313,734-1 on Bottom Shelf Right side-5,734-1 on Bottom Shelf Right side,734-1 on Bottom Shelf Right side,no,yes,yes
Leopard Racer Denim Shorts Three Stripe - By Frankie,Size: M,84291efc-f58b-4065-9c9c-3c621defa2aa,10429305585969,51958587130161,54036260618545,734-1 on Bottom Shelf Right side-4,734-1 on Bottom Shelf Right side,734-1 on Bottom Shelf Right side,no,yes,yes
Leopard Racer Denim Shorts Three Stripe - By Frankie,Size: S,5871b61b-2bdc-47f1-aedc-acb202033976,10429305585969,51958587097393,54036260585777,734-1 on Bottom Shelf Right side-3,734-1 on Bottom Shelf Right side,734-1 on Bottom Shelf Right side,no,yes,yes
Leopard Racer Denim Shorts Three Stripe - By Frankie,Size: XS,2dd05cd7-18ec-4608-ae00-e331194d2365,10429305585969,51958587064625,54036260553009,734-1 on Bottom Shelf Right side-2,734-1 on Bottom Shelf Right side,734-1 on Bottom Shelf Right side,no,yes,yes
Lets Get Spicy T-shirt Set - By Frankie,Size: L,8ba69838-7bd7-447e-a6da-d3bc37369b5c,10055408877873,50199997940017,52252430893361,269-1 - B12-5,269-1 - B12,269-1 - B12,no,yes,yes
Lets Get Spicy T-shirt Set - By Frankie,Size: M,1c4887f7-9c6e-4cf5-ad81-553cb857c8ae,10055408877873,50199997907249,52252430860593,269-1 - B12-4,269-1 - B12,269-1 - B12,no,yes,yes
Lets Get Spicy T-shirt Set - By Frankie,Size: S,a0d884fb-dda1-4cc6-a674-b475627db199,10055408877873,50199997874481,52252430827825,269-1 - B12-3,269-1 - B12,269-1 - B12,no,yes,yes
Lets Get Spicy T-shirt Set - By Frankie,Size: XS,fa8f119a-6507-4756-98db-93b5eec3d98e,10055408877873,50199997841713,52252430795057,269-1 - B12-2,269-1 - B12,269-1 - B12,no,yes,yes
Lia Leopard Racer Pants Black Stripe - By Frankie,Size: L,5853d738-9c67-4582-a0ca-1de4c164643d,10362722976049,51690645324081,53759198724401,2366 - BF7-5,2366 - BF7,2366 - BF7,no,yes,yes
Lia Leopard Racer Pants Black Stripe - By Frankie,Size: M,a3b6b165-0224-4208-b8d2-f9e495a15a7a,10362722976049,51690645291313,53759198691633,2366 - BF7-4,2366 - BF7,2366 - BF7,no,yes,yes
Lia Leopard Racer Pants Black Stripe - By Frankie,Size: S,c01c7c2c-cb5c-497f-8021-d23dfaa0d1fb,10362722976049,51690645258545,53759198658865,2366 - BF7-3,2366 - BF7,2366 - BF7,no,yes,yes
Lia Leopard Racer Pants Black Stripe - By Frankie,Size: XS,63267d9c-346f-479c-b165-471c509e47a0,10362722976049,51690645225777,53759198626097,2366 - BF7-2,2366 - BF7,2366 - BF7,no,yes,yes
Liana Linen Mini Dress - Rust/Brown,Size: L,75e30ef4-6a2d-4e72-bab5-f94e2d2033c8,8006100713777,43944427225393,45993922003249,market stock-13,market stock,market stock,no,yes,yes
Liana Linen Mini Dress - Rust/Brown,Size: M,857eb7cd-ccec-4ec8-9f13-117d1b22f23a,8006100713777,43944427192625,45993921970481,market stock-12,market stock,market stock,no,yes,yes
Liana Linen Mini Dress - Rust/Brown,Size: S,5c92fe64-eb8f-47e3-bbbf-fdff4335cb3d,8006100713777,43944427159857,45993921937713,market stock-11,market stock,market stock,no,yes,yes
Liana Linen Mini Dress - Rust/Brown,Size: XL,9ca7b0e4-a7f1-40f8-9d1d-e5aa9e5e2102,8006100713777,43944427258161,45993922036017,market stock-14,market stock,market stock,no,yes,yes
Liana Linen Mini Dress - Rust/Brown,Size: XS,47717694-56ea-4a5f-adc6-09d21938e2ee,8006100713777,43944427127089,45993921904945,market stock-10,market stock,market stock,no,yes,yes
Liat Floral Dress - Green - GDS,Size: 10,576d2546-e6df-4837-8911-1099383fddfb,9321993503025,48232271380785,50279119716657,25112003 MKT-3,25112003 MKT,25112003 MKT,no,yes,yes
Liat Floral Dress - Green - GDS,Size: 12,869b871c-401c-4ec2-9a19-8700fd072579,9321993503025,48232271413553,50279119749425,25112003 MKT-4,25112003 MKT,25112003 MKT,no,yes,yes
Liat Floral Dress - Green - GDS,Size: 14,eb41c6a8-b0f4-47c4-8b04-316fa3a8da4e,9321993503025,48232271446321,50279119782193,25112003 MKT-5,25112003 MKT,25112003 MKT,no,yes,yes
Liat Floral Dress - Green - GDS,Size: 8,895da68a-f9e7-4648-a7d0-46e2c3fdce16,9321993503025,48232271348017,50279119683889,25112003 MKT-2,25112003 MKT,25112003 MKT,no,yes,yes
Liat Maxi Dress - Blue/Orange,Size: 10,cf86fc9a-7c96-46e0-967b-13d00eb8b123,9349418123569,48329469460785,50376385495345,201331-11 - A11-4,201331-11 - A11,201331-11 - A11,no,yes,yes
Liat Maxi Dress - Blue/Orange,Size: 12,5661aa6f-929a-4b6a-846f-d8c41229ebe6,9349418123569,48329469493553,50376385528113,201331-11 - A11-5,201331-11 - A11,201331-11 - A11,no,yes,yes
Liat Maxi Dress - Blue/Orange,Size: 14,d163a48f-baeb-4264-9923-bc5087519d52,9349418123569,48329469526321,50376385560881,201331-11 - A11-6,201331-11 - A11,201331-11 - A11,no,yes,yes
Liat Maxi Dress - Blue/Orange,Size: 6,93b87380-3c96-4f55-8ba4-8530baee90eb,9349418123569,48329469362481,50376385429809,201331-11 - A11-2,201331-11 - A11,201331-11 - A11,no,yes,yes
Liat Maxi Dress - Blue/Orange,Size: 8,b2fd0387-28bf-49d6-921f-717469bea71a,9349418123569,48329469428017,50376385462577,201331-11 - A11-3,201331-11 - A11,201331-11 - A11,no,yes,yes
Liesel Linen Jumpsuit - Beige/White,Size: 10,e0091125-7f8d-4d5b-89ed-c34264be0477,9387289706801,48437771174193,50484842791217,34788 - B3-4,34788 - B3,34788 - B3,no,yes,yes
Liesel Linen Jumpsuit - Beige/White,Size: 12,3250a385-91f6-4c30-96c7-b3abe84b8640,9387289706801,48437771206961,50484842823985,34788 - B3-5,34788 - B3,34788 - B3,no,yes,yes
Liesel Linen Jumpsuit - Beige/White,Size: 6,0fce010d-53c4-4b7e-abcf-3fc7613382bd,9387289706801,48437771108657,50484842725681,34788 - B3-2,34788 - B3,34788 - B3,no,yes,yes
Liesel Linen Jumpsuit - Beige/White,Size: 8,e4fbaef1-9b6e-4dd7-99fb-43debd26810f,9387289706801,48437771141425,50484842758449,34788 - B3-3,34788 - B3,34788 - B3,no,yes,yes
Light Camo Racer Denim Pants  - By Frankie,Size: L,f856d485-8ed2-4b3c-b60b-972c15a00385,10363656962353,51694403420465,53763018457393,526-27 - BF10-5,526-27 - BF10,526-27 - BF10,no,yes,yes
Light Camo Racer Denim Pants  - By Frankie,Size: M,2fe0fd6f-aff5-4381-b828-9cda7e7e580c,10363656962353,51694403387697,53763018424625,526-27 - BF10-4,526-27 - BF10,526-27 - BF10,no,yes,yes
Light Camo Racer Denim Pants  - By Frankie,Size: S,ac8793c1-2dac-43e7-827f-552a09069b8b,10363656962353,51694403354929,53763018391857,526-27 - BF10-3,526-27 - BF10,526-27 - BF10,no,yes,yes
Light Camo Racer Denim Pants  - By Frankie,Size: XL,09516214-9ac8-422d-b636-f8ad7c544129,10363656962353,51694403453233,53763018490161,526-27 - BF10-6,526-27 - BF10,526-27 - BF10,no,yes,yes
Light Camo Racer Denim Pants  - By Frankie,Size: XS,3355872b-d1ff-445a-a5c7-c2f9a14c736e,10363656962353,51694403322161,53763018359089,526-27 - BF10-2,526-27 - BF10,526-27 - BF10,no,yes,yes
Light Dana Denim Set - By Frankie,Size: L,98b2fe11-f33f-4bd0-bcce-fe246d1836d6,10428393685297,51954343608625,54031761768753,65662 - BF3-5,65662 - BF3,65662 - BF3,no,yes,yes
Light Dana Denim Set - By Frankie,Size: M,29835aa5-22dd-4ca5-bd92-ab747a64759d,10428393685297,51954343575857,54031761735985,65662 - BF3-4,65662 - BF3,65662 - BF3,no,yes,yes
Light Dana Denim Set - By Frankie,Size: S,ea3b02f4-7715-4de4-b4d5-ee368623e8da,10428393685297,51954343543089,54031761703217,65662 - BF3-3,65662 - BF3,65662 - BF3,no,yes,yes
Light Dana Denim Set - By Frankie,Size: XS,f41fe746-cc33-4cf8-ad24-edd90b0fd203,10428393685297,51954343510321,54031761670449,65662 - BF3-2,65662 - BF3,65662 - BF3,no,yes,yes
Light Denim Set - By Frankie,Size: L,958da3c4-97fa-4d84-bda7-db9af3206b60,10055408976177,50199998791985,52252431745329,146-2 - T3-5,146-2 - T3,146-2 - T3,no,yes,yes
Light Denim Set - By Frankie,Size: L,0e727718-0147-4780-808e-12aeb3544e98,10138599620913,50552199774513,52615466189105,555 - T2-5,555 - T2,555 - T2,no,yes,yes
Light Denim Set - By Frankie,Size: M,f23aed38-6c5b-496b-8e65-8ab8655c2fe5,10055408976177,50199998759217,52252431712561,146-2 - T3-4,146-2 - T3,146-2 - T3,no,yes,yes
Light Denim Set - By Frankie,Size: M,60cd5c89-00dd-4b18-b30e-67b2b38dc804,10138599620913,50552199741745,52615466156337,555 - T2-4,555 - T2,555 - T2,no,yes,yes
Light Denim Set - By Frankie,Size: S,d4736111-e711-4365-b541-d9e329ad3033,10055408976177,50199998726449,52252431679793,146-2 - T3-3,146-2 - T3,146-2 - T3,no,yes,yes
Light Denim Set - By Frankie,Size: S,677b43a8-8d95-4d65-bea9-6624c6d0abad,10138599620913,50552199708977,52615466123569,555 - T2-3,555 - T2,555 - T2,no,yes,yes
Light Denim Set - By Frankie,Size: XS,b6fba66b-a818-4209-b058-e670e3f62635,10055408976177,50199998693681,52252431647025,146-2 - T3-2,146-2 - T3,146-2 - T3,no,yes,yes
Light Denim Set - By Frankie,Size: XS,eb25c2d9-1b0c-45f6-bd47-9214cbd7382b,10138599620913,50552199676209,52615466090801,555 - T2-2,555 - T2,555 - T2,no,yes,yes
Light Denim Tie Set - By Frankie,Size: L,14320d65-d39c-4fc7-b22b-b1cb085714c5,10138586677553,50552182702385,52615448822065,232-2 - T3-5,232-2 - T3,232-2 - T3,no,yes,yes
Light Denim Tie Set - By Frankie,Size: M,fde744bc-3fff-4443-8e3b-92d5a9385a43,10138586677553,50552182669617,52615448789297,232-2 - T3-4,232-2 - T3,232-2 - T3,no,yes,yes
Light Denim Tie Set - By Frankie,Size: S,cebed191-a513-40ef-8759-7a30761d9e83,10138586677553,50552182636849,52615448756529,232-2 - T3-3,232-2 - T3,232-2 - T3,no,yes,yes
Light Denim Tie Set - By Frankie,Size: XS,60504ec0-e988-49fe-affa-54640dfb0676,10138586677553,50552182604081,52615448723761,232-2 - T3-2,232-2 - T3,232-2 - T3,no,yes,yes
Light Leopard Racer Pants - By Frankie,Size: L,b41a658a-9cc5-4ae8-9a99-124ecd7ae3d0,10339064906033,51576781865265,53644049219889,563-3 - BF3-5,563-3 - BF3,563-3 - BF3,no,yes,yes
Light Leopard Racer Pants - By Frankie,Size: M,9f7528f9-de68-4b7a-978d-341fa6fc52a2,10339064906033,51576781832497,53644049187121,563-3 - BF3-4,563-3 - BF3,563-3 - BF3,no,yes,yes
Light Leopard Racer Pants - By Frankie,Size: S,76a6961e-3957-40fe-ae1e-54921a4951e9,10339064906033,51576781799729,53644049154353,563-3 - BF3-3,563-3 - BF3,563-3 - BF3,no,yes,yes
Light Leopard Racer Pants - By Frankie,Size: XS,8bcae75a-d57d-4f6e-96bd-1e920c8b0140,10339064906033,51576781766961,53644049121585,563-3 - BF3-2,563-3 - BF3,563-3 - BF3,no,yes,yes
Lila Lace Blouse - White,Size: L,61109c97-4c01-4782-b55c-418d70b618e0,6808107581597,40326094979229,42422169796765,280 6078 Box 7 GDS-4,280 6078 Box 7 GDS,280 6078 Box 7 GDS,no,yes,yes
Lila Lace Blouse - White,Size: M,3a67037a-7403-4cf2-be51-5d4d61f30f00,6808107581597,40326094880925,42422169763997,280 6078 Box 7 GDS-3,280 6078 Box 7 GDS,280 6078 Box 7 GDS,no,yes,yes
Lila Lace Blouse - White,Size: S,9ab551bb-4468-48bf-9477-9cb4807b1035,6808107581597,40326094815389,42422169731229,280 6078 Box 7 GDS-2,280 6078 Box 7 GDS,280 6078 Box 7 GDS,no,yes,yes
Lila Lace Blouse - White,Size: XL,7e2c33c9-35d2-4835-9e6f-954574674164,6808107581597,40326095011997,42422169829533,280 6078 Box 7 GDS-5,280 6078 Box 7 GDS,280 6078 Box 7 GDS,no,yes,yes
Lila Lace Dress - Black,Size: L,dd80c7a4-653b-45b0-afee-a33ab98ec5fe,6806689448093,40320459931805,42416532750493,2806079 - GDS Box 9-4,2806079 - GDS Box 9,2806079 - GDS Box 9,no,yes,yes
Lila Lace Dress - Black,Size: M,206b42e5-28e0-4716-b7db-e73c2414c230,6806689448093,40320459899037,42416532717725,2806079 - GDS Box 9-3,2806079 - GDS Box 9,2806079 - GDS Box 9,no,yes,yes
Lila Lace Dress - Black,Size: S,3d5841d4-984a-4184-8f97-61ec9045e458,6806689448093,40320459866269,42416532684957,2806079 - GDS Box 9-2,2806079 - GDS Box 9,2806079 - GDS Box 9,no,yes,yes
Lila Lace Dress - Black,Size: XL,cfc8a848-cad2-46cd-9bd7-064dc1f6f812,6806689448093,40320459964573,42416532783261,2806079 - GDS Box 9-5,2806079 - GDS Box 9,2806079 - GDS Box 9,no,yes,yes
Lila Lace Dress - White,Size: L,76175786-e0d2-4e11-bde2-8c428dbf2ee7,6806677455005,40320375914653,42416448733341,280 6079 Box 4 GDS-4,280 6079 Box 4 GDS,280 6079 Box 4 GDS,no,yes,yes
Lila Lace Dress - White,Size: M,3cb98b00-85e4-4e66-8e61-c6cd78a24cf1,6806677455005,40320375881885,42416448700573,280 6079 Box 4 GDS-3,280 6079 Box 4 GDS,280 6079 Box 4 GDS,no,yes,yes
Lila Lace Dress - White,Size: S,1d7186fa-2daa-4439-b31d-97d2a78de0ab,6806677455005,40320375849117,42416448667805,280 6079 Box 4 GDS-2,280 6079 Box 4 GDS,280 6079 Box 4 GDS,no,yes,yes
Lila Lace Dress - White,Size: XL,c65e71c1-8311-4f5f-9ff1-cbafe2c00577,6806677455005,46723431661873,48771469934897,280 6079 Box 4 GDS-5,280 6079 Box 4 GDS,280 6079 Box 4 GDS,no,yes,yes
Lili Maxi Backless - Black,Size: 10,cc41d9ce-8b05-42a9-9ff7-e809ef2362a5,7280038117533,41978790051997,44077243990173,K248-2 - A8-3,K248-2 - A8,K248-2 - A8,no,yes,yes
Lili Maxi Backless - Black,Size: 12,74d8d744-d08f-4761-8fd9-9044ed9cc6f9,7280038117533,41978790084765,44077244022941,K248-2 - A8-4,K248-2 - A8,K248-2 - A8,no,yes,yes
Lili Maxi Backless - Black,Size: 14,46b8263e-9e1b-4b72-977c-971c2fcd050c,7280038117533,41978790117533,44077244055709,K248-2 - A8-5,K248-2 - A8,K248-2 - A8,no,yes,yes
Lili Maxi Backless - Black,Size: 8,76f135ea-fff4-407e-a5e5-1896e3612d4e,7280038117533,41978790019229,44077243957405,K248-2 - A8-2,K248-2 - A8,K248-2 - A8,no,yes,yes
Liliah Embroidery Mini Dress - Pastel Purple,Size: L,0ff81d94-f398-4e3d-ac9d-50e9ed985e39,7545840599197,42804012155037,44902295601309,280 1393 Box 4 GDS-4,280 1393 Box 4 GDS,280 1393 Box 4 GDS,no,yes,yes
Liliah Embroidery Mini Dress - Pastel Purple,Size: M,2260ab1b-3427-4f81-87df-e14674c47ce2,7545840599197,42804012122269,44902295568541,280 1393 Box 4 GDS-3,280 1393 Box 4 GDS,280 1393 Box 4 GDS,no,yes,yes
Liliah Embroidery Mini Dress - Pastel Purple,Size: S,5604a7aa-555f-4c98-b9df-9a2b66208ed0,7545840599197,42804012089501,44902295535773,280 1393 Box 4 GDS-2,280 1393 Box 4 GDS,280 1393 Box 4 GDS,no,yes,yes
Liliah Embroidery Mini Dress - Pastel Purple,Size: XL,35eaf621-10d7-4ab0-be3a-c5f0df3b03ba,7545840599197,42804012187805,44902295634077,280 1393 Box 4 GDS-5,280 1393 Box 4 GDS,280 1393 Box 4 GDS,no,yes,yes
Lindi Cardigan/Jacket - Blue/Brown,Size: S/M,3ca618f9-8f07-449a-9452-20eea1d05b33,10680938463537,54324862189873,56433512251697,CA0409 - Jumpers Box 3-2,CA0409 - Jumpers Box 3,CA0409 - Jumpers Box 3,no,yes,yes
Lolita Denim Midi Dress - Dark Navy,Size: 10,c50a4f82-3508-4c87-8029-e372cc9b9940,9928002634033,49761990836529,51809608696113,CM6178D01 - B3-4,CM6178D01 - B3,CM6178D01 - B3,no,yes,yes
Lolita Denim Midi Dress - Dark Navy,Size: 12,f2a5da33-1fee-4cae-9290-771b2d8db754,9928002634033,49761990869297,51809608728881,CM6178D01 - B3-5,CM6178D01 - B3,CM6178D01 - B3,no,yes,yes
Lolita Denim Midi Dress - Dark Navy,Size: 6,0402b4f2-5715-4b02-a421-2d1b11516d83,9928002634033,49761990770993,51809608630577,CM6178D01 - B3-2,CM6178D01 - B3,CM6178D01 - B3,no,yes,yes
Lolita Denim Midi Dress - Dark Navy,Size: 8,725ead0d-73ad-4b43-8758-1bc9c783407a,9928002634033,49761990803761,51809608663345,CM6178D01 - B3-3,CM6178D01 - B3,CM6178D01 - B3,no,yes,yes
Lolita Denim Midi Dress - Denim Blue,Size: 10,53a26792-b0d0-49cd-906a-7c45273d8a38,9183514362161,47766034972977,49815512547633,CM6178D -Shelf Right-4,CM6178D -Shelf Right,CM6178D -Shelf Right,no,yes,yes
Lolita Denim Midi Dress - Denim Blue,Size: 12,58b89aaf-4bcd-4637-9120-75ac57f060cd,9183514362161,47766035005745,49815512580401,CM6178D -Shelf Right-5,CM6178D -Shelf Right,CM6178D -Shelf Right,no,yes,yes
Lolita Denim Midi Dress - Denim Blue,Size: 6,19ce35c9-4b68-44de-8678-14d393e27fb1,9183514362161,47766025699633,49815503274289,CM6178D -Shelf Right-2,CM6178D -Shelf Right,CM6178D -Shelf Right,no,yes,yes
Lolita Denim Midi Dress - Denim Blue,Size: 8,527af8af-4297-4223-b9a6-f6d5f832116e,9183514362161,47766034940209,49815512514865,CM6178D -Shelf Right-3,CM6178D -Shelf Right,CM6178D -Shelf Right,no,yes,yes
Lolita Denim Midi Dress - White Denim,Size: 10,e71dac19-9f50-4fbf-a31f-b4ddcfb8960d,9183559713073,47766158836017,49815636377905,CM6178D01-4,CM6178D01,CM6178D01,no,yes,yes
Lolita Denim Midi Dress - White Denim,Size: 12,4efeae2a-22d3-401a-8eb8-ee72e6d04b99,9183559713073,47766158868785,49815636410673,CM6178D01-5,CM6178D01,CM6178D01,no,yes,yes
Lolita Denim Midi Dress - White Denim,Size: 6,11b1a993-bff9-4d78-b577-a00b286da774,9183559713073,47766158770481,49815636312369,CM6178D01-2,CM6178D01,CM6178D01,no,yes,yes
Lolita Denim Midi Dress - White Denim,Size: 8,a3d73731-e4f0-4cde-ae65-3f223182c6ba,9183559713073,47766158803249,49815636345137,CM6178D01-3,CM6178D01,CM6178D01,no,yes,yes
Long Live Cowgirls Maxi - By Frankie,Size: L,04a809ee-af12-4a38-a97e-528061e8418f,10424451465521,51939407528241,54016385745201,930-40 - C1-5,930-40 - C1,930-40 - C1,no,yes,yes
Long Live Cowgirls Maxi - By Frankie,Size: M,2a21f245-6335-4e9f-86e7-8e730c85e65c,10424451465521,51939407495473,54016385712433,930-40 - C1-4,930-40 - C1,930-40 - C1,no,yes,yes
Long Live Cowgirls Maxi - By Frankie,Size: S,f54bbccd-3e38-451c-ae05-cdc7e8e8b402,10424451465521,51939407462705,54016385679665,930-40 - C1-3,930-40 - C1,930-40 - C1,no,yes,yes
Long Live Cowgirls Maxi - By Frankie,Size: XS,b729a0c9-7655-4ade-beef-f7aec9cb12a9,10424451465521,51939407429937,54016385646897,930-40 - C1-2,930-40 - C1,930-40 - C1,no,yes,yes
Long Live Cowgirls Playsuit - By Frankie,Size: L,3e913dd6-2e1e-4f98-a3e2-b0b8bc083b1e,10424442716465,51939360702769,54016335675697,1039-82 - B12-5,1039-82 - B12,1039-82 - B12,no,yes,yes
Long Live Cowgirls Playsuit - By Frankie,Size: M,cc72f494-c087-4b13-8be5-a0649f9b5a26,10424442716465,51939360670001,54016335642929,1039-82 - B12-4,1039-82 - B12,1039-82 - B12,no,yes,yes
Long Live Cowgirls Playsuit - By Frankie,Size: S,b3939117-820d-4f06-b283-f94f9cf1cdfa,10424442716465,51939360637233,54016335610161,1039-82 - B12-3,1039-82 - B12,1039-82 - B12,no,yes,yes
Long Live Cowgirls Playsuit - By Frankie,Size: XS,4fd11b15-cab7-4757-a6df-e275214388bb,10424442716465,51939360604465,54016335577393,1039-82 - B12-2,1039-82 - B12,1039-82 - B12,no,yes,yes
Lorena Jumpsuit - White/Pink/Purple,Size: L,2ab62e65-5f06-4323-8518-f3b9d973ddda,10332755788081,51541260730673,53608477720881,2017359 706 - A9-5,2017359 706 - A9,2017359 706 - A9,no,yes,yes
Lorena Jumpsuit - White/Pink/Purple,Size: M,6375a572-d15f-4dc8-8e23-c3b561a32bb4,10332755788081,51541260697905,53608477688113,2017359 706 - A9-4,2017359 706 - A9,2017359 706 - A9,no,yes,yes
Lorena Jumpsuit - White/Pink/Purple,Size: S,dbbc8da1-c07f-4bcc-94ef-b859a4254b89,10332755788081,51541260665137,53608477655345,2017359 706 - A9-3,2017359 706 - A9,2017359 706 - A9,no,yes,yes
Lorena Jumpsuit - White/Pink/Purple,Size: XS,a0017eb2-07c1-4b31-8d01-0fc7518b10d3,10332755788081,51541260632369,53608477622577,2017359 706 - A9-2,2017359 706 - A9,2017359 706 - A9,no,yes,yes
Lorena Mini Dress - Pink,Size: 10,ff6a3c62-29ff-4a82-a6f3-743d27575aa7,9252051452209,47943660699953,49990310199601,201482-16 - A3-3,201482-16 - A3,201482-16 - A3,no,yes,yes
Lorena Mini Dress - Pink,Size: 12,7aca5103-bce7-4ddc-b52c-4c4716853470,9252051452209,47943660732721,49990310232369,201482-16 - A3-4,201482-16 - A3,201482-16 - A3,no,yes,yes
Lorena Mini Dress - Pink,Size: 14,6eb64bdf-a07e-4ea1-b460-83b9d8942716,9252051452209,47943660765489,49990310265137,201482-16 - A3-5,201482-16 - A3,201482-16 - A3,no,yes,yes
Lorena Mini Dress - Pink,Size: 16,ee30e30d-be7c-47ee-9c5c-15541af6eb95,9252051452209,47943660798257,49990310297905,201482-16 - A3-6,201482-16 - A3,201482-16 - A3,no,yes,yes
Lorena Mini Dress - Pink,Size: 8,6589b637-aec8-4aeb-93d1-5a650fd7e31a,9252051452209,47943660667185,49990310166833,201482-16 - A3-2,201482-16 - A3,201482-16 - A3,no,yes,yes
Lorena Shirred Maxi Dress - Pink,Size: L/12,5bc66508-8471-4d0b-b6c7-a55442ce6e48,9252050108721,47960604803377,50007231267121,1234 - A12-5,1234 - A12,1234 - A12,no,yes,yes
Lorena Shirred Maxi Dress - Pink,Size: M/10,e1eb1005-ce68-4b31-8552-002022194c5a,9252050108721,47960604770609,50007231234353,1234 - A12-4,1234 - A12,1234 - A12,no,yes,yes
Lorena Shirred Maxi Dress - Pink,Size: S/8,2535994c-2645-40b6-bc89-e2114e944a13,9252050108721,47960596250929,50007222714673,1234 - A12-3,1234 - A12,1234 - A12,no,yes,yes
Lorena Shirred Maxi Dress - Pink,Size: XL/14,4dd2f831-949e-4713-b4f6-5fc005a6b83b,9252050108721,47960604836145,50007231299889,1234 - A12-6,1234 - A12,1234 - A12,no,yes,yes
Lorena Shirred Maxi Dress - Pink,Size: XS/6,00cebf14-cd97-453d-a852-477b025a71f7,9252050108721,47943651754289,49990301221169,1234 - A12-2,1234 - A12,1234 - A12,no,yes,yes
Loretta Cardigan/Jacket - Pink/Khaki,Size: S/M,64f554be-56b6-4dd9-a8f9-a5448e56db25,10676403667249,54259298369841,56367579627825,CA0400 - CARDI BOX 2-2,CA0400 - CARDI BOX 2,CA0400 - CARDI BOX 2,no,yes,yes
Loretta Midi Dress - Navy/White,Size: 10,2c0bd9e3-ace4-40b7-b684-0984012c8a64,8600470520113,45840721609009,47887321366833,S0859-246 - A7-2,S0859-246 - A7,S0859-246 - A7,no,yes,yes
Loretta Midi Dress - Navy/White,Size: 12,9c86ee3a-59b1-490b-b46f-d2881977ccf4,8600470520113,45840721641777,47887321399601,S0859-246 - A7-3,S0859-246 - A7,S0859-246 - A7,no,yes,yes
Loretta Midi Dress - Navy/White,Size: 14,72381589-a4ea-43a1-8b57-bfaa9a6a477d,8600470520113,45840721674545,47887321432369,S0859-246 - A7-4,S0859-246 - A7,S0859-246 - A7,no,yes,yes
Loretta Midi Dress - Navy/White,Size: 16,78f03cd9-7f61-4f7a-8b01-4ee251e4ccdd,8600470520113,45840787702065,47887387459889,S0859-246 - A7-5,S0859-246 - A7,S0859-246 - A7,no,yes,yes
Loretta Mini Dress - Navy/Brown,Size: 10,9aba8b63-a1d1-4ed1-bd8f-c2f7c43776f5,8600483430705,45840797139249,47887396897073,S0656-246 - I-2,S0656-246 - I,S0656-246 - I,no,yes,yes
Loretta Mini Dress - Navy/Brown,Size: 12,306bf6e4-ac8f-468b-bba2-c6e7ec98b753,8600483430705,45840797172017,47887396929841,S0656-246 - I-3,S0656-246 - I,S0656-246 - I,no,yes,yes
Loretta Mini Dress - Navy/Brown,Size: 14,0aef5ba2-8b3a-4cb5-b067-d274766b05b6,8600483430705,45840797204785,47887396962609,S0656-246 - I-4,S0656-246 - I,S0656-246 - I,no,yes,yes
Loretta Mini Dress - Navy/Brown,Size: 16,d1bdd28e-9c17-488f-a8b3-e55654f90e33,8600483430705,45840797237553,47887396995377,S0656-246 - I-5,S0656-246 - I,S0656-246 - I,no,yes,yes
Loretta Top - Aqua/Orange,Size: 10,0347d089-0b46-4279-95e9-5bb8e9ebc329,8860617081137,46841247334705,48889742852401,202591-5 - E-3,202591-5 - E,202591-5 - E,no,yes,yes
Loretta Top - Aqua/Orange,Size: 12,991dcca0-393f-4fa6-a4a1-8c45dacea55a,8860617081137,46841247367473,48889742885169,202591-5 - E-4,202591-5 - E,202591-5 - E,no,yes,yes
Loretta Top - Aqua/Orange,Size: 14,da59ff0d-d368-40cb-918b-57d223595569,8860617081137,46841247400241,48889742917937,202591-5 - E-5,202591-5 - E,202591-5 - E,no,yes,yes
Loretta Top - Aqua/Orange,Size: 8,590dc0c8-ae54-452f-bfb0-3e78b0a259c5,8860617081137,46841247301937,48889742819633,202591-5 - E-2,202591-5 - E,202591-5 - E,no,yes,yes
Lorina Mini Dress - Yellow,Size: L,a03b0882-7fb8-4cd8-95f2-40261e65d1c7,7997436002609,43734606348593,45832709636401,Lorina Box 10 GDS-4,Lorina Box 10 GDS,Lorina Box 10 GDS,no,yes,yes
Lorina Mini Dress - Yellow,Size: M,217bdda9-5e48-4022-af58-9e58354623b0,7997436002609,43734606315825,45832709603633,Lorina Box 10 GDS-3,Lorina Box 10 GDS,Lorina Box 10 GDS,no,yes,yes
Lorina Mini Dress - Yellow,Size: S,1c7463c2-61a3-43f5-bbc6-a2827010845d,7997436002609,43734606283057,45832709570865,Lorina Box 10 GDS-2,Lorina Box 10 GDS,Lorina Box 10 GDS,no,yes,yes
Lorina Mini Dress - Yellow,Size: XL,38b8db47-b1b0-4418-a9ea-436db935487e,7997436002609,43734606381361,45832709669169,Lorina Box 10 GDS-5,Lorina Box 10 GDS,Lorina Box 10 GDS,no,yes,yes
Lorna Maxi Dress - White/Multi,Size: L,1fd60e71-1540-42a7-bc91-1d3ffda77785,7302892617885,42062472708253,44161361019037,JA222 - A7-4,JA222 - A7,JA222 - A7,no,yes,yes
Lorna Maxi Dress - White/Multi,Size: M,ab92185c-9cf6-4a4e-b354-b56878cd5771,7302892617885,42062472675485,44161360986269,JA222 - A7-3,JA222 - A7,JA222 - A7,no,yes,yes
Lorna Maxi Dress - White/Multi,Size: S,2f855e77-c456-4e61-99f5-465930d83e5d,7302892617885,42062472642717,44161360953501,JA222 - A7-2,JA222 - A7,JA222 - A7,no,yes,yes
Lorna Maxi Dress - White/Multi,Size: XL,5327a1fb-3e9c-42db-b85d-f7240f694cab,7302892617885,42062472741021,44161361051805,JA222 - A7-5,JA222 - A7,JA222 - A7,no,yes,yes
Lou Top - Blue/Yellow,Size: 10,a77186cd-3f57-496c-a18d-ac37859f8774,7475426853021,43076354244765,45175135764637,SR0108J - B2-3,SR0108J - B2,SR0108J - B2,no,yes,yes
Lou Top - Blue/Yellow,Size: 12,c2eacefc-8d7b-4613-9ee5-2fb779da34be,7475426853021,43076354277533,45175135797405,SR0108J - B2-4,SR0108J - B2,SR0108J - B2,no,yes,yes
Lou Top - Blue/Yellow,Size: 8,b5b5851f-50c4-4194-86b2-60759ccb9c1d,7475426853021,43076354211997,45175135731869,SR0108J - B2-2,SR0108J - B2,SR0108J - B2,no,yes,yes
Lucia Maxi Dress,Size: L,7594aec7-a81b-4991-b857-111d6601f4ad,10606948155697,53103708569905,55205293162801,JS9091-1004 - A6-5,JS9091-1004 - A6,JS9091-1004 - A6,no,yes,yes
Lucia Maxi Dress,Size: M,3f10de5f-726f-4cd0-b818-bc9d5b8ee0f7,10606948155697,53103708537137,55205293130033,JS9091-1004 - A6-4,JS9091-1004 - A6,JS9091-1004 - A6,no,yes,yes
Lucia Maxi Dress,Size: S,d17f7b3e-132b-4d21-9ee0-6577f067f4be,10606948155697,53103708504369,55205293097265,JS9091-1004 - A6-3,JS9091-1004 - A6,JS9091-1004 - A6,no,yes,yes
Lucia Maxi Dress,Size: XS,62cd91ef-ccaf-43eb-86e5-358e802d5440,10606948155697,53103708471601,55205293064497,JS9091-1004 - A6-2,JS9091-1004 - A6,JS9091-1004 - A6,no,yes,yes
Lucy Black Set - By Frankie,Size: L,03b43e44-1d5f-4d55-9e95-3bd5206a35de,10378688856369,51758548975921,53829344362801,47-1-5,47-1,47-1,no,yes,yes
Lucy Black Set - By Frankie,Size: M,e8a080a1-297c-49ba-8974-689e0d53165e,10378688856369,51758548943153,53829344330033,47-1-4,47-1,47-1,no,yes,yes
Lucy Black Set - By Frankie,Size: S,47a24200-f1fc-419b-a921-c9fc8138abc8,10378688856369,51758548910385,53829344297265,47-1-3,47-1,47-1,no,yes,yes
Lucy Black Set - By Frankie,Size: XS,98d54c19-b60e-42a7-a3dc-711a52ed5a59,10378688856369,51758548877617,53829344264497,47-1-2,47-1,47-1,no,yes,yes
Luna Wrap Maxi Dress - Caramel/Pink,Size: L,20b8d30a-120f-4e3c-8a82-7ab907983141,10001610539313,50005660762417,52055405822257,2023038 1066 -A5-5,2023038 1066 -A5,2023038 1066 -A5,no,yes,yes
Luna Wrap Maxi Dress - Caramel/Pink,Size: M,563e33ac-0b97-4399-b25c-956ba4be2509,10001610539313,50005660729649,52055405789489,2023038 1066 -A5-4,2023038 1066 -A5,2023038 1066 -A5,no,yes,yes
Luna Wrap Maxi Dress - Caramel/Pink,Size: S,cd7e1a2f-80dd-45fc-88e4-e3752dbc033c,10001610539313,50005660696881,52055405756721,2023038 1066 -A5-3,2023038 1066 -A5,2023038 1066 -A5,no,yes,yes
Luna Wrap Maxi Dress - Caramel/Pink,Size: XS,f991005c-ad49-48da-826d-561ce3d47770,10001610539313,50005660664113,52055405723953,2023038 1066 -A5-2,2023038 1066 -A5,2023038 1066 -A5,no,yes,yes
Lyn Gingham Midi Dress - Black/White,Size: 10,6ae0a2da-babe-4b2f-836f-25366007c3c8,7375897854109,42286545633437,44385062256797,201524 Old Box 3-2,201524 Old Box 3,201524 Old Box 3,no,yes,yes
Lyn Gingham Midi Dress - Black/White,Size: 12,3bc26675-168c-4ebc-8832-3a270d5a18c2,7375897854109,42286545666205,44385062289565,201524 Old Box 3-3,201524 Old Box 3,201524 Old Box 3,no,yes,yes
Lyn Gingham Midi Dress - Black/White,Size: 14,151f6117-cf54-4b09-b031-fb576a5bd632,7375897854109,42286545698973,44385062322333,201524 Old Box 3-4,201524 Old Box 3,201524 Old Box 3,no,yes,yes
Lyn Gingham Midi Dress - Black/White,Size: 16,dc175ec5-2bb6-42c3-92e3-d7492044d42e,7375897854109,50009392939313,52059151434033,201524 Old Box 3-5,201524 Old Box 3,201524 Old Box 3,no,yes,yes
Mabel Linen Blazer - Cream - GDS,Size: L,205febc5-8504-495d-87d2-bf5a0e8d3b6c,8725792751921,46268157722929,48315133788465,2801423 Box 6 GDS-5,2801423 Box 6 GDS,2801423 Box 6 GDS,no,yes,yes
Mabel Linen Blazer - Cream - GDS,Size: M,68f1d72b-bb2f-43fe-9d01-c0e594d134d5,8725792751921,46268157690161,48315133755697,2801423 Box 6 GDS-4,2801423 Box 6 GDS,2801423 Box 6 GDS,no,yes,yes
Mabel Linen Blazer - Cream - GDS,Size: S,54c9eecd-8563-45d7-aa97-6637b91a0dcd,8725792751921,46268157657393,48315133722929,2801423 Box 6 GDS-3,2801423 Box 6 GDS,2801423 Box 6 GDS,no,yes,yes
Mabel Linen Blazer - Cream - GDS,Size: XS,a6801897-da3e-48d7-920d-454be76da81c,8725792751921,46268157624625,48315133690161,2801423 Box 6 GDS-2,2801423 Box 6 GDS,2801423 Box 6 GDS,no,yes,yes
Macy Maxi Dress - White,Size: L,344cc31b-eaf8-4e05-a708-9f86f7dcda8e,9991192281393,49942957490481,51992678433073,SR0565J-5,SR0565J,SR0565J,no,yes,yes
Macy Maxi Dress - White,Size: M,cb8acd75-b032-4bdd-ab4c-18890e95cdb9,9991192281393,49942957457713,51992678400305,SR0565J-4,SR0565J,SR0565J,no,yes,yes
Macy Maxi Dress - White,Size: S,df4e1fbd-b039-41c5-92e7-18e7f3f907b3,9991192281393,49942957424945,51992678367537,SR0565J-3,SR0565J,SR0565J,no,yes,yes
Macy Maxi Dress - White,Size: XS,aa297f32-99e7-4531-b8e0-2212e0807dd6,9991192281393,49942957392177,51992678334769,SR0565J-2,SR0565J,SR0565J,no,yes,yes
Maddison Blue Silk Dress - GDS,Size: L/14,65200597-55a0-4c1f-b8a3-0e05ec4e0b47,9955788620081,49836547244337,51886127251761,2511 2092-5,2511 2092,2511 2092,no,yes,yes
Maddison Blue Silk Dress - GDS,Size: M/12,d0f8ba58-4fe9-481c-95e2-3302e0858cab,9955788620081,49836547211569,51886127218993,2511 2092-4,2511 2092,2511 2092,no,yes,yes
Maddison Blue Silk Dress - GDS,Size: S/10,b61530f2-9a85-4906-bcd0-38d62795e068,9955788620081,49836547178801,51886127186225,2511 2092-3,2511 2092,2511 2092,no,yes,yes
Maddison Blue Silk Dress - GDS,Size: XL/16,fbd42168-4858-4210-85ff-26b48bbbd2e0,9955788620081,49836547277105,51886127284529,2511 2092-6,2511 2092,2511 2092,no,yes,yes
Maddison Blue Silk Dress - GDS,Size: XS/8,6372a745-b27c-4d04-9651-852c0faf8944,9955788620081,49836547146033,51886127153457,2511 2092-2,2511 2092,2511 2092,no,yes,yes
Maddison Green Silk Dress - GDS,Size: L/14,93ba1789-8c2f-4bed-a8c0-1fe5d9ef4f7d,9955789144369,49836549734705,51886129709361,2511 2092-10,2511 2092,2511 2092,no,yes,yes
Maddison Green Silk Dress - GDS,Size: M/13,c30700af-a8fa-423a-ac2a-ffbd128cd034,9955789144369,49836549701937,51886129676593,2511 2092-9,2511 2092,2511 2092,no,yes,yes
Maddison Green Silk Dress - GDS,Size: S/10,f96421d7-0249-4abc-a3ee-92e94624d989,9955789144369,49836549669169,51886129643825,2511 2092-8,2511 2092,2511 2092,no,yes,yes
Maddison Green Silk Dress - GDS,Size: XL/16,c7ada21b-ba5d-4bca-8e61-138f4a54c89c,9955789144369,49836549767473,51886129742129,2511 2092-11,2511 2092,2511 2092,no,yes,yes
Maddison Green Silk Dress - GDS,Size: XS/8,d68099e2-f18e-4d1e-852d-d3c8d82d3dce,9955789144369,49836549636401,51886129611057,2511 2092-7,2511 2092,2511 2092,no,yes,yes
Maddison Navy Silk Dress - GDS,Size: L/14,28ceb64b-f05c-4537-b9e4-7e4c49bf04ee,9957159207217,49840080060721,51889663738161,2511 2092-15,2511 2092,2511 2092,no,yes,yes
Maddison Navy Silk Dress - GDS,Size: M/12,4c7970e0-7df7-4b8c-a439-d62ab5348ab5,9957159207217,49840080027953,51889663705393,2511 2092-14,2511 2092,2511 2092,no,yes,yes
Maddison Navy Silk Dress - GDS,Size: S/10,7f506685-3cf4-4ff7-a431-625e80d55932,9957159207217,49840079995185,51889663672625,2511 2092-13,2511 2092,2511 2092,no,yes,yes
Maddison Navy Silk Dress - GDS,Size: XS/8,b57a4d02-a109-42f5-98ae-71492d261f91,9957159207217,49840079962417,51889663639857,2511 2092-12,2511 2092,2511 2092,no,yes,yes
Maddison Top -  Pink,Size: L,a16d327c-ff73-47fe-b267-976a0935fdca,10639533572401,53470201512241,55574150512945,S15-096 950 - A12-5,S15-096 950 - A12,S15-096 950 - A12,no,yes,yes
Maddison Top -  Pink,Size: M,dc86c3e6-3406-4912-8857-fd5fe42104da,10639533572401,53470201479473,55574150480177,S15-096 950 - A12-4,S15-096 950 - A12,S15-096 950 - A12,no,yes,yes
Maddison Top -  Pink,Size: S,91e04681-d623-497f-bea5-6742529363b4,10639533572401,53470201446705,55574150447409,S15-096 950 - A12-3,S15-096 950 - A12,S15-096 950 - A12,no,yes,yes
Maddison Top -  Pink,Size: XS,57d83d5f-5b37-4f3d-a15b-ca24b07d5ed1,10639533572401,53470201413937,55574150414641,S15-096 950 - A12-2,S15-096 950 - A12,S15-096 950 - A12,no,yes,yes
Madeline Pom Pom Top,Size: L,d405c79d-0cf0-4ebf-85e7-dc78e85904c4,5572183818397,35975854784669,37995275452573,26831B  Ols Box 2-4,26831B  Ols Box 2,26831B  Ols Box 2,no,yes,yes
Madeline Pom Pom Top,Size: M,537c9110-1a34-476c-a2d6-711984c00b71,5572183818397,35958883156125,37978303791261,26831B  Ols Box 2-3,26831B  Ols Box 2,26831B  Ols Box 2,no,yes,yes
Madeline Pom Pom Top,Size: S,e0bf5da1-2596-483c-91d0-76929d306c5e,5572183818397,35958883123357,37978303758493,26831B  Ols Box 2-2,26831B  Ols Box 2,26831B  Ols Box 2,no,yes,yes
Magda Mini Dress - Pink/Orange/Green,Size: 10,52822b40-846b-4185-b77f-c4462be1ca0f,7278409384093,41935132065949,44033245511837,B9-3,B9,B9,no,yes,yes
Magda Mini Dress - Pink/Orange/Green,Size: 12,2b665546-d788-4873-8802-cc5d80fd928b,7278409384093,41935132098717,44033245544605,B9-4,B9,B9,no,yes,yes
Magda Mini Dress - Pink/Orange/Green,Size: 14,7d131efb-756a-4b16-aaf3-fb0af5fe8324,7278409384093,42304772669597,44403329892509,B9-5,B9,B9,no,yes,yes
Magda Mini Dress - Pink/Orange/Green,Size: 8,a9c1cbb0-f273-433e-8069-ecc1ecbb6489,7278409384093,41935132033181,44033245479069,B9-2,B9,B9,no,yes,yes
Maggie Maxi Dress - Green,Size: L,0dee6f48-634a-41d6-8f12-ea04d2a835fa,7356702392477,42218666721437,44317181673629,20200916#652 - A7-4,20200916#652 - A7,20200916#652 - A7,no,yes,yes
Maggie Maxi Dress - Green,Size: M,2703e935-5fd2-4210-a942-93a58bd0d849,7356702392477,42218666688669,44317181640861,20200916#652 - A7-3,20200916#652 - A7,20200916#652 - A7,no,yes,yes
Maggie Maxi Dress - Green,Size: S,67555536-c129-489d-be5e-fd1515cc1ae4,7356702392477,42218666655901,44317181608093,20200916#652 - A7-2,20200916#652 - A7,20200916#652 - A7,no,yes,yes
Maggie Maxi Dress - Green,Size: XL,0a41a473-4f66-42dc-9728-482118624abb,7356702392477,42218666754205,44317181706397,20200916#652 - A7-5,20200916#652 - A7,20200916#652 - A7,no,yes,yes
Magic Mermaid Long Sleeve Top - By Frankie,Size: L,290fe243-e506-4ad4-b086-a787be921df8,10702957412657,54818686173489,56929623114033,792-2 - A19-5,792-2 - A19,792-2 - A19,no,yes,yes
Magic Mermaid Long Sleeve Top - By Frankie,Size: M,c56d3be3-9a4e-45c5-9307-f67408c5fdea,10702957412657,54818686140721,56929623081265,792-2 - A19-4,792-2 - A19,792-2 - A19,no,yes,yes
Magic Mermaid Long Sleeve Top - By Frankie,Size: S,dee05ced-01f9-40b3-93e9-0206fb97841d,10702957412657,54818686107953,56929623048497,792-2 - A19-3,792-2 - A19,792-2 - A19,no,yes,yes
Magic Mermaid Long Sleeve Top - By Frankie,Size: XS,e0470ca2-4512-4fa9-9b89-f9b361611fd6,10702957412657,54818686075185,56929623015729,792-2 - A19-2,792-2 - A19,792-2 - A19,no,yes,yes
Mali Kimono - Navy/Orange,Size: L,32c42968-34d4-47cd-97e4-649f69d0fb88,10109971562801,50431260885297,52486674317617,JA-U01 - A12-5,JA-U01 - A12,JA-U01 - A12,no,yes,yes
Mali Kimono - Navy/Orange,Size: M,75f643ea-276a-42e1-aba2-bff7981435c5,10109971562801,50431260852529,52486674284849,JA-U01 - A12-4,JA-U01 - A12,JA-U01 - A12,no,yes,yes
Mali Kimono - Navy/Orange,Size: S,b83fcbc2-dacd-4816-b974-88ac951d0c12,10109971562801,50431260819761,52486674252081,JA-U01 - A12-3,JA-U01 - A12,JA-U01 - A12,no,yes,yes
Mali Kimono - Navy/Orange,Size: XS,ee44bf13-d5c6-4a26-9e12-4ff91df3a341,10109971562801,50431260786993,52486674219313,JA-U01 - A12-2,JA-U01 - A12,JA-U01 - A12,no,yes,yes
Malia Maxi - Beige/Black,Size: 10,77f3b410-6edc-45dc-b392-6bb11eb649bc,9909877932337,49710061846833,51757093683505,2011471-6 - J-3,2011471-6 - J,2011471-6 - J,no,yes,yes
Malia Maxi - Beige/Black,Size: 12,d310506b-25e2-4ea0-89f1-10b21b42a47d,9909877932337,49710061879601,51757093716273,2011471-6 - J-4,2011471-6 - J,2011471-6 - J,no,yes,yes
Malia Maxi - Beige/Black,Size: 14,0afc242f-7c8b-4860-9e27-75f8aef31835,9909877932337,49710061912369,51757093749041,2011471-6 - J-5,2011471-6 - J,2011471-6 - J,no,yes,yes
Malia Maxi - Beige/Black,Size: 8,782f041d-56a7-49ee-b1e7-9285a7b1dbda,9909877932337,49710061814065,51757093650737,2011471-6 - J-2,2011471-6 - J,2011471-6 - J,no,yes,yes
Malinda May Maxi Dress - Blue/Pink,Size: 10,51e97e41-4381-43a2-b3a6-34aaa2a99d11,9349412094257,48329445605681,50376361640241,S190221-51 - A8-4,S190221-51 - A8,S190221-51 - A8,no,yes,yes
Malinda May Maxi Dress - Blue/Pink,Size: 12,ec28ba3c-bca5-49f6-ba82-e821083600f1,9349412094257,48329445638449,50376361673009,S190221-51 - A8-5,S190221-51 - A8,S190221-51 - A8,no,yes,yes
Malinda May Maxi Dress - Blue/Pink,Size: 14,2815ded7-cc3c-4eb2-b2f1-676422e28a15,9349412094257,48329445671217,50376361705777,S190221-51 - A8-6,S190221-51 - A8,S190221-51 - A8,no,yes,yes
Malinda May Maxi Dress - Blue/Pink,Size: 16,7fbeec42-c3b8-4e2b-8e5e-002b4a22e789,9349412094257,48329445703985,50376361738545,S190221-51 - A8-7,S190221-51 - A8,S190221-51 - A8,no,yes,yes
Malinda May Maxi Dress - Blue/Pink,Size: 6,953d140d-29ff-4643-9ea8-a75ea09a6bb3,9349412094257,48329445540145,50376361574705,S190221-51 - A8-2,S190221-51 - A8,S190221-51 - A8,no,yes,yes
Malinda May Maxi Dress - Blue/Pink,Size: 8,1f4be329-5470-461a-ad03-83fa35416cbc,9349412094257,48329445572913,50376361607473,S190221-51 - A8-3,S190221-51 - A8,S190221-51 - A8,no,yes,yes
Malory Silk Short Dress - Lilac,Size: L,4725c440-12f9-4534-afe3-d42ad9632439,8006115688753,43944508653873,45994003562801,280 1391-4,280 1391,280 1391,no,yes,yes
Malory Silk Short Dress - Lilac,Size: M,126c038c-3e5d-4c35-84a7-ab1d0a3a31f0,8006115688753,43944508621105,45994003530033,280 1391-3,280 1391,280 1391,no,yes,yes
Malory Silk Short Dress - Lilac,Size: S,eb7da42d-3925-4c77-9265-24b601de6322,8006115688753,43944508588337,45994003497265,280 1391-2,280 1391,280 1391,no,yes,yes
Malory Silk Short Dress - Lilac,Size: XL,971c7630-d86a-4a26-89af-cfc728c2e71d,8006115688753,43944508686641,45994003595569,280 1391-5,280 1391,280 1391,no,yes,yes
Malory Silk Short Dress - Pink,Size: L,6ac60de0-c09b-4078-9acf-f33a97a72e0f,7545705332893,42803808075933,44902091489437,280 1391-9,280 1391,280 1391,no,yes,yes
Malory Silk Short Dress - Pink,Size: M,bd07a468-0bb8-4e27-be46-8b91ac4ceeb5,7545705332893,42803808043165,44902091456669,280 1391-8,280 1391,280 1391,no,yes,yes
Malory Silk Short Dress - Pink,Size: S,729c61b0-c58d-4f8c-978c-da69f6b9061c,7545705332893,42803808010397,44902091423901,280 1391-7,280 1391,280 1391,no,yes,yes
Malory Silk Short Dress - Pink,Size: XL,153de526-bbd6-47b1-8fc4-8b23b4f3a079,7545705332893,42803808108701,44902091522205,280 1391-10,280 1391,280 1391,no,yes,yes
Malory Silk Short Dress - Pink,Size: XS,6a23bdf5-6098-4876-853f-4d061c9cb9ed,7545705332893,42803807977629,44902091391133,280 1391-6,280 1391,280 1391,no,yes,yes
Mara Midi Dress - Black/White,Size: 10,f75fa237-8fcf-4791-b0ab-fe98f9084c8d,10192285401393,50746460504369,52815956803889,SN0266H - N-4,SN0266H - N,SN0266H - N,no,yes,yes
Mara Midi Dress - Black/White,Size: 12,cbc05d08-df4d-41fd-9189-a7df5f912a09,10192285401393,50746460537137,52815956836657,SN0266H - N-5,SN0266H - N,SN0266H - N,no,yes,yes
Mara Midi Dress - Black/White,Size: 6,eeab47c2-0192-40e2-b2a5-def5af93b05b,10192285401393,50746460438833,52815956738353,SN0266H - N-2,SN0266H - N,SN0266H - N,no,yes,yes
Mara Midi Dress - Black/White,Size: 8,780769fa-c0af-4aaf-a869-0babdfdd55de,10192285401393,50746460471601,52815956771121,SN0266H - N-3,SN0266H - N,SN0266H - N,no,yes,yes
Mara Mushroom Jacket-Mushroom/ Warm Beige,Size: L,1b2d2f6c-a24d-435f-b8bf-bb85220f775f,6783384551581,40235206705309,42331267661981,20161154 - T5-4,20161154 - T5,20161154 - T5,no,yes,yes
Mara Mushroom Jacket-Mushroom/ Warm Beige,Size: M,07896509-0ff4-405e-8c68-1ced04dd4df8,6783384551581,40235206672541,42331267629213,20161154 - T5-3,20161154 - T5,20161154 - T5,no,yes,yes
Mara Mushroom Jacket-Mushroom/ Warm Beige,Size: S,58b0bf3e-05ea-433a-82d2-3745713fac38,6783384551581,40235206639773,42331267596445,20161154 - T5-2,20161154 - T5,20161154 - T5,no,yes,yes
Mara Mushroom Jacket-Mushroom/ Warm Beige,Size: XL,72ee45e5-f9bc-49b0-8441-117871bba60d,6783384551581,40235206738077,42331267727517,20161154 - T5-5,20161154 - T5,20161154 - T5,no,yes,yes
Margs Pink Playsuit - By Frankie,Size: L,1edaa0f5-5be3-4f23-8932-39a5bb49f227,10126482473265,50505084600625,52561964138801,1039-50 - B12  AND #P805-4 Petal and pup - B11-5,1039-50 - B12  AND #P805-4 Petal and pup - B11,1039-50 - B12  AND #P805-4 Petal and pup - B11,no,yes,yes
Margs Pink Playsuit - By Frankie,Size: M,cd4c9dad-0f4f-4844-9499-8488111835e1,10126482473265,50505084567857,52561964106033,1039-50 - B12  AND #P805-4 Petal and pup - B11-4,1039-50 - B12  AND #P805-4 Petal and pup - B11,1039-50 - B12  AND #P805-4 Petal and pup - B11,no,yes,yes
Margs Pink Playsuit - By Frankie,Size: S,540b27d7-9dae-4f67-b822-f84a2eec070a,10126482473265,50505084535089,52561964073265,1039-50 - B12  AND #P805-4 Petal and pup - B11-3,1039-50 - B12  AND #P805-4 Petal and pup - B11,1039-50 - B12  AND #P805-4 Petal and pup - B11,no,yes,yes
Margs Pink Playsuit - By Frankie,Size: XS,1e93e018-9a0f-422a-ad11-56dde5418dd3,10126482473265,50505084502321,52561964040497,1039-50 - B12  AND #P805-4 Petal and pup - B11-2,1039-50 - B12  AND #P805-4 Petal and pup - B11,1039-50 - B12  AND #P805-4 Petal and pup - B11,no,yes,yes
Marina Midi Dress - Burnt Autumn,Size: L,6ed5ef44-1197-44b0-a2f5-84c56f4a1249,10249991291185,51233235730737,53301521187121,2011185-24 - A8-5,2011185-24 - A8,2011185-24 - A8,no,yes,yes
Marina Midi Dress - Burnt Autumn,Size: M,6a241c10-cb3a-4503-95d3-36531aa2fa38,10249991291185,51233235697969,53301521154353,2011185-24 - A8-4,2011185-24 - A8,2011185-24 - A8,no,yes,yes
Marina Midi Dress - Burnt Autumn,Size: S,3e8a39ba-3fd1-49f5-8408-b35d28ed5890,10249991291185,51233235665201,53301521121585,2011185-24 - A8-3,2011185-24 - A8,2011185-24 - A8,no,yes,yes
Marina Midi Dress - Burnt Autumn,Size: XS,f505a41c-06bc-4f60-9c8a-12e52b68b91e,10249991291185,51233235632433,53301521088817,2011185-24 - A8-2,2011185-24 - A8,2011185-24 - A8,no,yes,yes
Marina Mini Dress - Burnt Autumn,Size: 10,c1f95384-6649-4b7a-a884-7ba462624b6a,10249984868657,51233225244977,53301510701361,2011914-3 - A8-3,2011914-3 - A8,2011914-3 - A8,no,yes,yes
Marina Mini Dress - Burnt Autumn,Size: 12,e05ee01a-417d-4550-a0f3-fd66be52a1a2,10249984868657,51233225277745,53301510734129,2011914-3 - A8-4,2011914-3 - A8,2011914-3 - A8,no,yes,yes
Marina Mini Dress - Burnt Autumn,Size: 14,56a88e74-50e6-455a-b4fb-4fa128987753,10249984868657,51233225310513,53301510766897,2011914-3 - A8-5,2011914-3 - A8,2011914-3 - A8,no,yes,yes
Marina Mini Dress - Burnt Autumn,Size: 8,0f86079f-c66b-4d4c-8a7b-1006d8e7254c,10249984868657,51233225212209,53301510668593,2011914-3 - A8-2,2011914-3 - A8,2011914-3 - A8,no,yes,yes
Marla Shirred Mini Dress - Orange/Green,Size: L/12,e69c6fe6-1916-451f-9aad-929397e16d45,9130240147761,47608096555313,49657496731953,2011076-1 - T6-4,2011076-1 - T6,2011076-1 - T6,no,yes,yes
Marla Shirred Mini Dress - Orange/Green,Size: M/10,8367f85d-2a32-4943-acda-26b1f3dc05f0,9130240147761,47608096522545,49657496699185,2011076-1 - T6-3,2011076-1 - T6,2011076-1 - T6,no,yes,yes
Marla Shirred Mini Dress - Orange/Green,Size: S/8,8dcd58fb-03f8-42d3-90f9-6a3d9d807f2a,9130240147761,47608096489777,49657496666417,2011076-1 - T6-2,2011076-1 - T6,2011076-1 - T6,no,yes,yes
Marla Shirred Mini Dress - Orange/Green,Size: XL/14,bdc896e1-a3f1-4c3e-b959-bd2bac7b86fe,9130240147761,47608096588081,49657496764721,2011076-1 - T6-5,2011076-1 - T6,2011076-1 - T6,no,yes,yes
Marlia Mini Dress - Pink,Size: 10,b7581987-49bc-407c-9a6b-fa8365bbe171,9403985494321,48480293912881,50527415435569,B0092 -B6-3,B0092 -B6,B0092 -B6,no,yes,yes
Marlia Mini Dress - Pink,Size: 12,0faf5f8e-1f09-4b2d-b18a-c695e1d04aa0,9403985494321,48480293945649,50527415468337,B0092 -B6-4,B0092 -B6,B0092 -B6,no,yes,yes
Marlia Mini Dress - Pink,Size: 14,4cb7d462-ef67-42dc-b1ee-eee30938b983,9403985494321,48480293978417,50527415501105,B0092 -B6-5,B0092 -B6,B0092 -B6,no,yes,yes
Marlia Mini Dress - Pink,Size: 8,672b72da-223b-4e84-b2a8-eb3126ad803a,9403985494321,48480293880113,50527415402801,B0092 -B6-2,B0092 -B6,B0092 -B6,no,yes,yes
Marlie Heart Shorts - Beige,Size: L/14,34124c4a-37c4-42a1-a442-fe87445a809e,10441996042545,52002081177905,54091905990961,A57894 - A12-5,A57894 - A12,A57894 - A12,no,yes,yes
Marlie Heart Shorts - Beige,Size: M/12,febfedc8-42b3-4403-a044-870aee1306ce,10441996042545,52002081145137,54091905958193,A57894 - A12-4,A57894 - A12,A57894 - A12,no,yes,yes
Marlie Heart Shorts - Beige,Size: S/10,ce53dc6e-3273-4397-a71a-76cbfc102a9d,10441996042545,52002081112369,54091905925425,A57894 - A12-3,A57894 - A12,A57894 - A12,no,yes,yes
Marlie Heart Shorts - Beige,Size: XL/16,d046b30e-4fcb-4a51-98cf-a4c1962f404c,10441996042545,52002081210673,54091906023729,A57894 - A12-6,A57894 - A12,A57894 - A12,no,yes,yes
Marlie Heart Shorts - Beige,Size: XS/8,29667ca8-8b65-4edc-beb4-91bf36a5588a,10441996042545,52002081079601,54091905892657,A57894 - A12-2,A57894 - A12,A57894 - A12,no,yes,yes
Marlie Heart Shorts - Blue,Size: L/14,0e7cbfe3-da49-4efe-804b-f5943798ae85,10441998762289,52002085273905,54091910086961,A57894 - A12-10,A57894 - A12,A57894 - A12,no,yes,yes
Marlie Heart Shorts - Blue,Size: M/12,77f975b3-1291-40e6-bb52-a92821c8cf6b,10441998762289,52002085241137,54091910054193,A57894 - A12-9,A57894 - A12,A57894 - A12,no,yes,yes
Marlie Heart Shorts - Blue,Size: S/10,9e2964a4-a4bc-4f93-bf27-2b3e1bca2bdb,10441998762289,52002085208369,54091910021425,A57894 - A12-8,A57894 - A12,A57894 - A12,no,yes,yes
Marlie Heart Shorts - Blue,Size: XL/16,c282e0b4-2b3b-46ca-8465-52bfad65d05c,10441998762289,52002085306673,54091910119729,A57894 - A12-11,A57894 - A12,A57894 - A12,no,yes,yes
Marlie Heart Shorts - Blue,Size: XS/8,50ea8b43-3953-4f88-9351-d47e3d11949f,10441998762289,52002085175601,54091909988657,A57894 - A12-7,A57894 - A12,A57894 - A12,no,yes,yes
Marlie Heart Shorts - Pink,Size: L/14,8cc21d33-0a60-4314-a69b-cc3f2f60f3a2,10442000826673,52002088681777,54091913494833,A57894 - A12-15,A57894 - A12,A57894 - A12,no,yes,yes
Marlie Heart Shorts - Pink,Size: M/12,2a4c8981-deb5-4442-ba47-9cf0ddeb1a2e,10442000826673,52002088649009,54091913462065,A57894 - A12-14,A57894 - A12,A57894 - A12,no,yes,yes
Marlie Heart Shorts - Pink,Size: S/10,4e2984c1-9e04-4305-93b3-fc7595e4080f,10442000826673,52002088616241,54091913429297,A57894 - A12-13,A57894 - A12,A57894 - A12,no,yes,yes
Marlie Heart Shorts - Pink,Size: XS/8,8019d593-e0a2-4a13-b3df-a96366c742fe,10442000826673,52002088583473,54091913396529,A57894 - A12-12,A57894 - A12,A57894 - A12,no,yes,yes
Marlie Heart Shorts - White,Size: L/14,d42d4985-ce04-470e-b210-1be1e134a03f,10441923658033,52001859371313,54091679170865,A57894-5,A57894,A57894,no,yes,yes
Marlie Heart Shorts - White,Size: M/12,02908e30-d895-4f48-b77f-535bd95a89fc,10441923658033,52001859338545,54091679138097,A57894-4,A57894,A57894,no,yes,yes
Marlie Heart Shorts - White,Size: S/10,a06b4b77-8c9c-400b-a953-164858d01f55,10441923658033,52001859305777,54091679105329,A57894-3,A57894,A57894,no,yes,yes
Marlie Heart Shorts - White,Size: XS/8,7f9283b3-fb7f-45f9-916e-4938fdd73bd4,10441923658033,52001859273009,54091679072561,A57894-2,A57894,A57894,no,yes,yes
Marlie Midi/Maxi Skirt - White,Size: L,94d8b156-73f3-43b4-8870-b5a26ad21352,8943013462321,47161405538609,49210176307505,LOL221468 - T5-4,LOL221468 - T5,LOL221468 - T5,no,yes,yes
Marlie Midi/Maxi Skirt - White,Size: M,05d5cce6-f214-4397-9963-922cb40df9aa,8943013462321,47161405505841,49210176274737,LOL221468 - T5-3,LOL221468 - T5,LOL221468 - T5,no,yes,yes
Marlie Midi/Maxi Skirt - White,Size: S,2e637d1b-0c60-4303-9daa-bf51429edb50,8943013462321,47161405440305,49210176241969,LOL221468 - T5-2,LOL221468 - T5,LOL221468 - T5,no,yes,yes
Mary Maxi Dress - Multi Colour,Size: 10,c809a6f5-5b7f-429b-81ca-af5bb6e21f58,7375900147869,42286551302301,44385067925661,2015371-3 - D-3,2015371-3 - D,2015371-3 - D,no,yes,yes
Mary Maxi Dress - Multi Colour,Size: 12,512e8f35-79e8-4674-9f30-ab7e4d3eec72,7375900147869,42286551335069,44385067958429,2015371-3 - D-4,2015371-3 - D,2015371-3 - D,no,yes,yes
Mary Maxi Dress - Multi Colour,Size: 14,2dc959f2-0691-488b-b9c5-4fd1356bf9d1,7375900147869,42286551367837,44385067991197,2015371-3 - D-5,2015371-3 - D,2015371-3 - D,no,yes,yes
Mary Maxi Dress - Multi Colour,Size: 16,0679ce84-57aa-4090-bd23-8c4a91a1fa3e,7375900147869,42286551400605,44385068023965,2015371-3 - D-6,2015371-3 - D,2015371-3 - D,no,yes,yes
Mary Maxi Dress - Multi Colour,Size: 18,30701567-3c77-4016-be9f-7f64b6425e48,7375900147869,43119987982493,45218793455773,2015371-3 - D-7,2015371-3 - D,2015371-3 - D,no,yes,yes
Mary Maxi Dress - Multi Colour,Size: 8,1fd8fbb6-3144-421a-91e5-0f30390aca7a,7375900147869,42286551269533,44385067892893,2015371-3 - D-2,2015371-3 - D,2015371-3 - D,no,yes,yes
Masie Maxi Skirt - Cream/Blue,Size: 10,1e0e33c0-ebb8-4fd7-a4d0-af2d814870b2,7285307801757,41979203682461,44077692747933,A56058 - T2-2,A56058 - T2,A56058 - T2,no,yes,yes
Masie Maxi Skirt - Cream/Blue,Size: 12,72744c70-0338-4fb7-a0f9-ae9343dfe74f,7285307801757,41979203715229,44077692780701,A56058 - T2-3,A56058 - T2,A56058 - T2,no,yes,yes
Masie Maxi Skirt - Cream/Blue,Size: 14,e0b422af-cdea-45fb-8678-0942dfa67785,7285307801757,41979203747997,44077692813469,A56058 - T2-4,A56058 - T2,A56058 - T2,no,yes,yes
Masie Maxi Skirt - Cream/Neutrals,Size: 10,8105064d-cfd1-4b63-8b8e-b3d18894efa8,7285309243549,41979207221405,44077696286877,A56058 - T2-6,A56058 - T2,A56058 - T2,no,yes,yes
Masie Maxi Skirt - Cream/Neutrals,Size: 12,293ab4eb-e57f-4311-ac86-7d970ae2a0be,7285309243549,41979207254173,44077696319645,A56058 - T2-7,A56058 - T2,A56058 - T2,no,yes,yes
Masie Maxi Skirt - Cream/Neutrals,Size: 14,1042d68d-b344-4686-b4d1-1c7f8c6bb088,7285309243549,41979207286941,44077696352413,A56058 - T2-8,A56058 - T2,A56058 - T2,no,yes,yes
Masie Maxi Skirt - Cream/Neutrals,Size: 16,0c55654a-7460-4a87-b079-9621cc81cb5f,7285309243549,42680464834717,44778478010525,A56058 - T2-9,A56058 - T2,A56058 - T2,no,yes,yes
Masie Maxi Skirt - Cream/Neutrals,Size: 8,b1a89f49-0b78-4c28-a7f2-07e283d81449,7285309243549,41979207188637,44077696254109,A56058 - T2-5,A56058 - T2,A56058 - T2,no,yes,yes
Mauve Blouse - Dusty Pink,Size: L,bfc377e4-5e2b-46b8-96a7-5c79117eb645,9090094727473,47496335819057,49545588277553,JS-20175001CT-0921 - T1-5,JS-20175001CT-0921 - T1,JS-20175001CT-0921 - T1,no,yes,yes
Mauve Blouse - Dusty Pink,Size: M,40c04919-b21d-428c-ba97-423f9ad6ab5d,9090094727473,47496335786289,49545588244785,JS-20175001CT-0921 - T1-4,JS-20175001CT-0921 - T1,JS-20175001CT-0921 - T1,no,yes,yes
Mauve Blouse - Dusty Pink,Size: S,8928eeb9-9b35-449b-b5f1-b51c4fe91d71,9090094727473,47496335753521,49545588212017,JS-20175001CT-0921 - T1-3,JS-20175001CT-0921 - T1,JS-20175001CT-0921 - T1,no,yes,yes
Mauve Blouse - Dusty Pink,Size: XS,e03461ee-c876-4d60-b49a-cf916e9395a8,9090094727473,47496335720753,49545588179249,JS-20175001CT-0921 - T1-2,JS-20175001CT-0921 - T1,JS-20175001CT-0921 - T1,no,yes,yes
Maya Floaty Maxi Dress - Green/White,Size: 16,eefa34cc-e57f-46ac-bf7b-3f43025e92d9,8912392716593,47099198472497,49147903607089,RS-JAS2108-1 - A6-7,RS-JAS2108-1 - A6,RS-JAS2108-1 - A6,no,yes,yes
Maya Floaty Maxi Dress - Green/White,Size: 18,ec63f89d-2642-4d60-8ad2-6526da6bcb3d,8912392716593,47099198505265,49147903639857,RS-JAS2108-1 - A6-8,RS-JAS2108-1 - A6,RS-JAS2108-1 - A6,no,yes,yes
Maya Floaty Maxi Dress - Green/White,Size: L,fd63148e-21ff-4302-b540-4fcd95d4cfd7,8912392716593,47068184969521,49116813951281,RS-JAS2108-1 - A6-5,RS-JAS2108-1 - A6,RS-JAS2108-1 - A6,no,yes,yes
Maya Floaty Maxi Dress - Green/White,Size: M,36b043bb-9fe4-4626-a7a9-e0eab7096872,8912392716593,47068184936753,49116813918513,RS-JAS2108-1 - A6-4,RS-JAS2108-1 - A6,RS-JAS2108-1 - A6,no,yes,yes
Maya Floaty Maxi Dress - Green/White,Size: S,c4dfba44-1d41-471e-bd08-a145af8c987a,8912392716593,47068184903985,49116813885745,RS-JAS2108-1 - A6-3,RS-JAS2108-1 - A6,RS-JAS2108-1 - A6,no,yes,yes
Maya Floaty Maxi Dress - Green/White,Size: XL,1ad5c11c-6f3d-4e00-a092-2ffb77d3732a,8912392716593,47068185002289,49116813984049,RS-JAS2108-1 - A6-6,RS-JAS2108-1 - A6,RS-JAS2108-1 - A6,no,yes,yes
Maya Floaty Maxi Dress - Green/White,Size: XS,73c9c671-91b2-4918-ba05-5e8b5cb13b9b,8912392716593,47068184871217,49116813852977,RS-JAS2108-1 - A6-2,RS-JAS2108-1 - A6,RS-JAS2108-1 - A6,no,yes,yes
Maya lace top- Dusty Pink,Size: 8,e92b8e26-07ff-497f-8d29-0786232fa65d,5310717264029,34847902171293,36867267985565,B4-3,B4,B4,no,yes,yes
Maya Maxi Dress - Green/White,Size: 16,8ffaf1b0-b2c0-4e28-ab8a-21fe32a5238c,8912407331121,47068390359345,49117019308337,RS-JAS221001-0515 - A6-7,RS-JAS221001-0515 - A6,RS-JAS221001-0515 - A6,no,yes,yes
Maya Maxi Dress - Green/White,Size: 18,a5f3f2ac-77a9-4e9c-b2b2-65a16d40b977,8912407331121,47068390392113,49117019341105,RS-JAS221001-0515 - A6-8,RS-JAS221001-0515 - A6,RS-JAS221001-0515 - A6,no,yes,yes
Maya Maxi Dress - Green/White,Size: L,b7eb716a-d55e-46d8-aee9-b44f96a66773,8912407331121,47068221473073,49116850422065,RS-JAS221001-0515 - A6-5,RS-JAS221001-0515 - A6,RS-JAS221001-0515 - A6,no,yes,yes
Maya Maxi Dress - Green/White,Size: M,64056088-efc2-4bb0-8337-1025e9477677,8912407331121,47068221440305,49116850389297,RS-JAS221001-0515 - A6-4,RS-JAS221001-0515 - A6,RS-JAS221001-0515 - A6,no,yes,yes
Maya Maxi Dress - Green/White,Size: S,3be75a23-0a9c-45a9-bdad-6696cf7372dc,8912407331121,47068221407537,49116850356529,RS-JAS221001-0515 - A6-3,RS-JAS221001-0515 - A6,RS-JAS221001-0515 - A6,no,yes,yes
Maya Maxi Dress - Green/White,Size: XL,64b371dc-b900-4308-8360-5fed6f4fb660,8912407331121,47068221505841,49116850454833,RS-JAS221001-0515 - A6-6,RS-JAS221001-0515 - A6,RS-JAS221001-0515 - A6,no,yes,yes
Maya Maxi Dress - Green/White,Size: XS,767acf88-deb8-4bc6-887a-f0f44221c597,8912407331121,47068221374769,49116850323761,RS-JAS221001-0515 - A6-2,RS-JAS221001-0515 - A6,RS-JAS221001-0515 - A6,no,yes,yes
Mel Cut Out Midi Dress - Forest Green,Size: 10,7be13df3-91c9-420a-a44e-a9423af8e25e,8910804025649,47061478572337,49110145466673,W201905-17 - F-4,W201905-17 - F,W201905-17 - F,no,yes,yes
Mel Cut Out Midi Dress - Forest Green,Size: 12,08dc744e-1dd9-4299-8324-4330740bc4c5,8910804025649,47061478605105,49110145499441,W201905-17 - F-5,W201905-17 - F,W201905-17 - F,no,yes,yes
Mel Cut Out Midi Dress - Forest Green,Size: 6,aa826f85-6e02-4265-8069-1b14de5b801b,8910804025649,47061478506801,49110145401137,W201905-17 - F-2,W201905-17 - F,W201905-17 - F,no,yes,yes
Mel Cut Out Midi Dress - Forest Green,Size: 8,a7b85c57-1b52-4a3d-9fff-4a6dcf9ed6c8,8910804025649,47061478539569,49110145433905,W201905-17 - F-3,W201905-17 - F,W201905-17 - F,no,yes,yes
Mel Cut Out Midi Dress - White/Blue,Size: 10,5351f69b-8385-466e-b2be-9e66f24e445f,9070168998193,47439790702897,49488969138481,W201905-14 - F-4,W201905-14 - F,W201905-14 - F,no,yes,yes
Mel Cut Out Midi Dress - White/Blue,Size: 12,cbe0a6d9-3a60-451f-b97f-363c5c57637b,9070168998193,47439790768433,49488969171249,W201905-14 - F-5,W201905-14 - F,W201905-14 - F,no,yes,yes
Mel Cut Out Midi Dress - White/Blue,Size: 6,cea4dc25-4692-4cdd-8302-616eca8eb67c,9070168998193,47439790604593,49488969072945,W201905-14 - F-2,W201905-14 - F,W201905-14 - F,no,yes,yes
Mel Cut Out Midi Dress - White/Blue,Size: 8,9c89305f-f27a-4e2b-bb16-f8c3732debcf,9070168998193,47439790637361,49488969105713,W201905-14 - F-3,W201905-14 - F,W201905-14 - F,no,yes,yes
Melina Mini Dress - Blue/Pink,Size: 10,7b4bf3f9-2a91-42f1-9221-6158c3f98e97,10313613017393,51445376713009,53512659665201,35353 - B4-3,35353 - B4,35353 - B4,no,yes,yes
Melina Mini Dress - Blue/Pink,Size: 12,d232c639-8d0d-4fce-b04a-0a67cf7d3ef7,10313613017393,51445376745777,53512659697969,35353 - B4-4,35353 - B4,35353 - B4,no,yes,yes
Melina Mini Dress - Blue/Pink,Size: 14,527a31e2-5be0-4bb8-a98d-e2c54913dc1c,10313613017393,51445376778545,53512659730737,35353 - B4-5,35353 - B4,35353 - B4,no,yes,yes
Melina Mini Dress - Blue/Pink,Size: 8,19c3f80f-3125-4861-8fbe-8f5f5b715e9d,10313613017393,51445376680241,53512659632433,35353 - B4-2,35353 - B4,35353 - B4,no,yes,yes
Mermaid Love Long Sleeve Top - By Frankie,Size: L,660c7bc8-6846-4ebd-8d63-31d25ea07994,10695764443441,54625699856689,56736036061489,786-8 - A18-5,786-8 - A18,786-8 - A18,no,yes,yes
Mermaid Love Long Sleeve Top - By Frankie,Size: L,ec372d96-3285-4a0f-8e13-22715777c750,10695829684529,54626443919665,56736793887025,786-9 - A18-5,786-9 - A18,786-9 - A18,no,yes,yes
Mermaid Love Long Sleeve Top - By Frankie,Size: M,81833815-9a3f-44cb-a010-371cf48cf538,10695764443441,54625699823921,56736036028721,786-8 - A18-4,786-8 - A18,786-8 - A18,no,yes,yes
Mermaid Love Long Sleeve Top - By Frankie,Size: M,81ab494b-3ef2-44bc-a7d5-b8bcd996cf07,10695829684529,54626443886897,56736793854257,786-9 - A18-4,786-9 - A18,786-9 - A18,no,yes,yes
Mermaid Love Long Sleeve Top - By Frankie,Size: S,f55808cc-e5b3-46a4-affc-0231c97cd2e1,10695764443441,54625699791153,56736035995953,786-8 - A18-3,786-8 - A18,786-8 - A18,no,yes,yes
Mermaid Love Long Sleeve Top - By Frankie,Size: S,48aa587e-a523-4d96-9a6c-458b4d6d4ca5,10695829684529,54626443854129,56736793821489,786-9 - A18-3,786-9 - A18,786-9 - A18,no,yes,yes
Mermaid Love Long Sleeve Top - By Frankie,Size: XS,909245a9-aa7a-4996-a80a-198a9b1f4d22,10695764443441,54625699758385,56736035963185,786-8 - A18-2,786-8 - A18,786-8 - A18,no,yes,yes
Mermaid Love Long Sleeve Top - By Frankie,Size: XS,6e4ea438-e841-4e32-82f2-ccca896badf1,10695829684529,54626443821361,56736793788721,786-9 - A18-2,786-9 - A18,786-9 - A18,no,yes,yes
Mia Maxi Skirt- Pink/ Gold,Size: XL,ebe73a6b-b0e0-4ebd-8f0a-0b1a431cfe49,4581007458400,32090352058464,33672480489568,B4-4,B4,B4,no,yes,yes
Mia Pink Sun Set,Size: 10,5901cdf8-e918-4bea-9f50-7b7ab9bfb70d,10474775970097,52146856296753,54238029676849,D2529013-5   D-3,D2529013-5   D,D2529013-5   D,no,yes,yes
Mia Pink Sun Set,Size: 12,3006769f-7acb-401d-96b6-2674a689bb0f,10474775970097,52146856329521,54238029709617,D2529013-5   D-4,D2529013-5   D,D2529013-5   D,no,yes,yes
Mia Pink Sun Set,Size: 14,c2907b31-7a96-48f7-9967-bfe584209d84,10474775970097,52146856362289,54238029742385,D2529013-5   D-5,D2529013-5   D,D2529013-5   D,no,yes,yes
Mia Pink Sun Set,Size: 8,aeb19df0-4c7f-4318-b340-0838ededdd63,10474775970097,52146856263985,54238029644081,D2529013-5   D-2,D2529013-5   D,D2529013-5   D,no,yes,yes
Milla Backless Mini Dress - Black,Size: 10,7f019cbc-5f63-4621-9c10-c5956e0adc66,6602198122653,39469395771549,41564310306973,K249-2 - C-3,K249-2 - C,K249-2 - C,no,yes,yes
Milla Backless Mini Dress - Black,Size: 12,bd4cd6b6-bbd1-4512-b32d-c9ff45e6f58a,6602198122653,39469395804317,41564310339741,K249-2 - C-4,K249-2 - C,K249-2 - C,no,yes,yes
Milla Backless Mini Dress - Black,Size: 8,765da9aa-905b-4995-afa9-b7bc229740a3,6602198122653,39469395738781,41564310274205,K249-2 - C-2,K249-2 - C,K249-2 - C,no,yes,yes
Milla Backless Mini Dress - Green,Size: 10,3f7fe26d-d05c-4ab3-b0ed-39687806d96b,6602196779165,39469392298141,41564306833565,K249-2-3,K249-2,K249-2,no,yes,yes
Milla Backless Mini Dress - Green,Size: 12,31d4e30c-571c-4bb6-93c3-5ac198c4f872,6602196779165,41968926195869,44067317219485,K249-2-4,K249-2,K249-2,no,yes,yes
Milla Backless Mini Dress - Green,Size: 14,bf5a5e9f-3eea-472d-8fed-427b3aeeff87,6602196779165,41968926228637,44067317252253,K249-2-5,K249-2,K249-2,no,yes,yes
Milla Backless Mini Dress - Green,Size: 8,757b903c-87ba-4d89-9cff-618d3e807614,6602196779165,39469392265373,41564306800797,K249-2-2,K249-2,K249-2,no,yes,yes
Milla Backless Mini Dress - White,Size: 10,9a3d393b-d18b-4679-b238-6bf8f71e1164,6590516723869,39426845835421,41520889069725,K249-2 - C-7,K249-2 - C,K249-2 - C,no,yes,yes
Milla Backless Mini Dress - White,Size: 12,8cbf48f2-8403-48e9-8996-72cebf52753f,6590516723869,39426845868189,41520889102493,K249-2 - C-8,K249-2 - C,K249-2 - C,no,yes,yes
Milla Backless Mini Dress - White,Size: 6,a75d7d45-30a7-4e05-adf2-ca98bb382467,6590516723869,39426845769885,41520889004189,K249-2 - C-5,K249-2 - C,K249-2 - C,no,yes,yes
Milla Backless Mini Dress - White,Size: 8,fd4d9b56-3ee9-4819-acb6-851d9f34f23b,6590516723869,39426845802653,41520889036957,K249-2 - C-6,K249-2 - C,K249-2 - C,no,yes,yes
Mimi Maxi Dress - Pink,Size: 10,8248dea4-6f0e-41e7-bf8b-1bdcab54978e,9349407441201,48329425289521,50376341324081,201291A-24 - L-4,201291A-24 - L,201291A-24 - L,no,yes,yes
Mimi Maxi Dress - Pink,Size: 12,7311c7a2-6c9c-451a-b3ef-5c3701afc502,9349407441201,48329425322289,50376341356849,201291A-24 - L-5,201291A-24 - L,201291A-24 - L,no,yes,yes
Mimi Maxi Dress - Pink,Size: 14,d3b09e46-0eb8-47a8-9fce-6dd086a15ebd,9349407441201,48329425355057,50376341389617,201291A-24 - L-6,201291A-24 - L,201291A-24 - L,no,yes,yes
Mimi Maxi Dress - Pink,Size: 6,421e085a-daaa-4c5e-8dda-c65c96455db1,9349407441201,48329425223985,50376341258545,201291A-24 - L-2,201291A-24 - L,201291A-24 - L,no,yes,yes
Mimi Maxi Dress - Pink,Size: 8,4a890248-b7e4-4188-a78a-f46451c7ff79,9349407441201,48329425256753,50376341291313,201291A-24 - L-3,201291A-24 - L,201291A-24 - L,no,yes,yes
Mina Mini Dress - Khaki,Size: 10,a97accc6-16dc-4c66-a9b6-ea1d444eaf1c,7293175300253,42014963466397,44113691476125,201112-27 - C-3,201112-27 - C,201112-27 - C,no,yes,yes
Mina Mini Dress - Khaki,Size: 12,e02078ac-c584-4d37-99b8-32dec08e790f,7293175300253,42014963499165,44113691508893,201112-27 - C-4,201112-27 - C,201112-27 - C,no,yes,yes
Mina Mini Dress - Khaki,Size: 14,4e34f901-2d26-479d-970c-cc75a8f34fd1,7293175300253,42014963531933,44113691541661,201112-27 - C-5,201112-27 - C,201112-27 - C,no,yes,yes
Mina Mini Dress - Khaki,Size: 16,8a90241d-fbb3-420e-9578-16765567c0d7,7293175300253,42014963564701,44113691574429,201112-27 - C-6,201112-27 - C,201112-27 - C,no,yes,yes
Mina Mini Dress - Khaki,Size: 8,d76d0b00-ef75-4729-ab21-bd6f7249fa14,7293175300253,42014963433629,44113691443357,201112-27 - C-2,201112-27 - C,201112-27 - C,no,yes,yes
Mina Mini Dress - Orange,Size: 10,d38c6406-7bad-448b-b2fc-d85b9d9899a5,7297712259229,42035288047773,44134029000861,201250-10 - B-2,201250-10 - B,201250-10 - B,no,yes,yes
Mina Mini Dress - Orange,Size: 12,9c265f58-2d98-407a-8d64-13b6e2efeba1,7297712259229,42035288080541,44134029033629,201250-10 - B-3,201250-10 - B,201250-10 - B,no,yes,yes
Mina Mini Dress - Orange,Size: 14,7f66f995-27c0-4a68-8078-f8a975863bb3,7297712259229,42035288113309,44134029066397,201250-10 - B-4,201250-10 - B,201250-10 - B,no,yes,yes
Mina Mini Dress - Orange,Size: 16,55e6af4c-2f83-4929-ba46-01621c524340,7297712259229,42035288146077,44134029099165,201250-10 - B-5,201250-10 - B,201250-10 - B,no,yes,yes
Mina Mini Dress - Polka dot Blue,Size: 10,cadc3928-a37c-4ab7-9dae-a297d6059671,7375892349085,42286533607581,44385050263709,32613 - C-3,32613 - C,32613 - C,no,yes,yes
Mina Mini Dress - Polka dot Blue,Size: 12,02942a95-62e9-45cf-80f1-74ebf3f1ca1c,7375892349085,42286533640349,44385050296477,32613 - C-4,32613 - C,32613 - C,no,yes,yes
Mina Mini Dress - Polka dot Blue,Size: 14,d2b7e75a-fe0e-4ade-b564-3e8554158cb5,7375892349085,42286533705885,44385050329245,32613 - C-5,32613 - C,32613 - C,no,yes,yes
Mina Mini Dress - Polka dot Blue,Size: 16,93b57afd-0427-4525-ac05-7e26db9f673f,7375892349085,42286533738653,44385050362013,32613 - C-6,32613 - C,32613 - C,no,yes,yes
Mina Mini Dress - Polka dot Blue,Size: 18,1ea7f9bc-46e8-46e7-9fa5-403ce19ea744,7375892349085,42286558085277,44385074708637,32613 - C-7,32613 - C,32613 - C,no,yes,yes
Mina Mini Dress - Polka dot Blue,Size: 8,9d4ec7a6-567d-4570-91a5-f7a7037b443d,7375892349085,42286533574813,44385050230941,32613 - C-2,32613 - C,32613 - C,no,yes,yes
Mint Bandana Set - By Frankie,Size: L,e189f7df-bf83-4fc4-918a-60a8694d8213,9969217569073,49872791765297,51922449498417,1076-10-B11-5,1076-10-B11,1076-10-B11,no,yes,yes
Mint Bandana Set - By Frankie,Size: M,3b615f0c-4db0-4b4b-82e3-628a63f4c7ea,9969217569073,49872791732529,51922449465649,1076-10-B11-4,1076-10-B11,1076-10-B11,no,yes,yes
Mint Bandana Set - By Frankie,Size: S,859fc94d-2c09-440a-8f16-777a356e8a14,9969217569073,49872791699761,51922449432881,1076-10-B11-3,1076-10-B11,1076-10-B11,no,yes,yes
Mint Bandana Set - By Frankie,Size: XS,3a55a17f-deaa-4d1f-a246-3fe17d90108d,9969217569073,49872791666993,51922449400113,1076-10-B11-2,1076-10-B11,1076-10-B11,no,yes,yes
Mint Dream Boob Tube Set - By Frankie,Size: L,6f8942d4-e4ba-4ae7-9425-24a60cc80e8a,10578900255025,52859209810225,54959556460849,503-4 - A5-5,503-4 - A5,503-4 - A5,no,yes,yes
Mint Dream Boob Tube Set - By Frankie,Size: M,452c30f8-120d-4432-a46e-9ff43da969f6,10578900255025,52859209777457,54959556428081,503-4 - A5-4,503-4 - A5,503-4 - A5,no,yes,yes
Mint Dream Boob Tube Set - By Frankie,Size: S,2e6a5a00-94a0-442f-8e3f-8ca77c98986e,10578900255025,52859209744689,54959556395313,503-4 - A5-3,503-4 - A5,503-4 - A5,no,yes,yes
Mint Dream Boob Tube Set - By Frankie,Size: XS,b89ca2c8-b835-4806-b05f-85a142942d84,10578900255025,52859209711921,54959556362545,503-4 - A5-2,503-4 - A5,503-4 - A5,no,yes,yes
Mint Dream Shirt & Shorts Set - By Frankie,Size: L,8f3bf53f-aa35-4fe2-a0e2-ef26794ac343,10578903564593,52859217903921,54959564554545,859-2 - A5-5,859-2 - A5,859-2 - A5,no,yes,yes
Mint Dream Shirt & Shorts Set - By Frankie,Size: M,79378f7b-54d6-45dd-9944-e28752fabb3a,10578903564593,52859217871153,54959564521777,859-2 - A5-4,859-2 - A5,859-2 - A5,no,yes,yes
Mint Dream Shirt & Shorts Set - By Frankie,Size: S,f45c1597-4f42-43ea-b322-a3e56a9c606d,10578903564593,52859217838385,54959564489009,859-2 - A5-3,859-2 - A5,859-2 - A5,no,yes,yes
Mint Dream Shirt & Shorts Set - By Frankie,Size: XS,84e0e09c-4a01-4632-8745-d6ab23741151,10578903564593,52859217805617,54959564456241,859-2 - A5-2,859-2 - A5,859-2 - A5,no,yes,yes
Mint Set - By Frankie,Size: L,157bda30-0431-434e-ada9-cb54e8d343df,9969181393201,49872747626801,51922405359921,801-224-B12-5,801-224-B12,801-224-B12,no,yes,yes
Mint Set - By Frankie,Size: M,59e98c1c-fe10-459b-8da1-0628f5824962,9969181393201,49872747594033,51922405327153,801-224-B12-4,801-224-B12,801-224-B12,no,yes,yes
Mint Set - By Frankie,Size: S,42428143-37cf-4bfe-8123-2b2bb5ae16c6,9969181393201,49872747561265,51922405294385,801-224-B12-3,801-224-B12,801-224-B12,no,yes,yes
Mint Set - By Frankie,Size: XS,9e6b8ebb-5e60-4dac-a707-a44334018102,9969181393201,49872747528497,51922405261617,801-224-B12-2,801-224-B12,801-224-B12,no,yes,yes
Miranda Mini Linen Dress - Blue/Beige,Size: L,587182e1-e992-4edf-b8b2-e34cd9d6280e,8073521496369,44184324112689,46231936467249,BOX C5-4,BOX C5,BOX C5,no,yes,yes
Miranda Mini Linen Dress - Blue/Beige,Size: M,bada17a3-d6d4-4d34-bd24-f289efba5b5b,8073521496369,44184324079921,46231936434481,BOX C5-3,BOX C5,BOX C5,no,yes,yes
Miranda Mini Linen Dress - Blue/Beige,Size: S,ba5bd567-3536-4abc-b792-31d2970c8607,8073521496369,44184324047153,46231936401713,BOX C5-2,BOX C5,BOX C5,no,yes,yes
Miranda Mini Linen Dress - Blue/Beige,Size: XL,802f869f-f206-489d-9039-8f3d8b32c6d1,8073521496369,44184324145457,46231936500017,BOX C5-5,BOX C5,BOX C5,no,yes,yes
Molly Maxi Dress - Multi,Size: 16,d98ed9b3-3507-4480-ad35-b3438a206238,10183864942897,50739551928625,52809034531121,JS-2019349BL-1114 -A5-7,JS-2019349BL-1114 -A5,JS-2019349BL-1114 -A5,no,yes,yes
Molly Maxi Dress - Multi,Size: 18,a7289f46-34d4-4d41-ad81-90dd6b98534b,10183864942897,50739551961393,52809034563889,JS-2019349BL-1114 -A5-8,JS-2019349BL-1114 -A5,JS-2019349BL-1114 -A5,no,yes,yes
Molly Maxi Dress - Multi,Size: L,57caf133-deb6-4285-b4f1-7867ecf186e7,10183864942897,50723234513201,52792721015089,JS-2019349BL-1114 -A5-5,JS-2019349BL-1114 -A5,JS-2019349BL-1114 -A5,no,yes,yes
Molly Maxi Dress - Multi,Size: M,a06888a2-1961-4be4-a306-9619a9deec66,10183864942897,50723234480433,52792720982321,JS-2019349BL-1114 -A5-4,JS-2019349BL-1114 -A5,JS-2019349BL-1114 -A5,no,yes,yes
Molly Maxi Dress - Multi,Size: S,fdc60093-b43e-4b04-984e-680a8a50ca07,10183864942897,50723234447665,52792720949553,JS-2019349BL-1114 -A5-3,JS-2019349BL-1114 -A5,JS-2019349BL-1114 -A5,no,yes,yes
Molly Maxi Dress - Multi,Size: XL,0c1d5968-b555-44f7-acc2-af355ee58fac,10183864942897,50723234545969,52792721047857,JS-2019349BL-1114 -A5-6,JS-2019349BL-1114 -A5,JS-2019349BL-1114 -A5,no,yes,yes
Molly Maxi Dress - Multi,Size: XS,06b0afc1-4128-45b3-9257-fb447fc33dda,10183864942897,50723234414897,52792720916785,JS-2019349BL-1114 -A5-2,JS-2019349BL-1114 -A5,JS-2019349BL-1114 -A5,no,yes,yes
Monet Lace Cape Kimono - Navy,Size: M/L | Color: W,27533af6-f147-4e06-9db7-478360e9a5ad,6984819441821,40924101968029,43019717378205,BS018739 - B3-2,BS018739 - B3,BS018739 - B3,no,yes,yes
Monique Maxi Dress - Sky Blue,Size: 10,d18c7a31-e1a9-4837-bc82-6163e94f8345,8860789244209,46842737295665,48891232813361,201691-8 - C-3,201691-8 - C,201691-8 - C,no,yes,yes
Monique Maxi Dress - Sky Blue,Size: 12,8fd7b964-c4ec-4b7c-b8ce-ec52f7fdb98d,8860789244209,46842737328433,48891232846129,201691-8 - C-4,201691-8 - C,201691-8 - C,no,yes,yes
Monique Maxi Dress - Sky Blue,Size: 14,a15a5fac-d930-4836-8d5c-0c91749865fa,8860789244209,46842737361201,48891232878897,201691-8 - C-5,201691-8 - C,201691-8 - C,no,yes,yes
Monique Maxi Dress - Sky Blue,Size: 8,563abe17-8b3e-4915-91f6-872904efacf7,8860789244209,46842737262897,48891232780593,201691-8 - C-2,201691-8 - C,201691-8 - C,no,yes,yes
Mya Halter Neck Maxi - Orange/White,Size: L,89180f38-1395-4484-aca9-1437b446efde,10109944267057,50431104745777,52486517031217,S150818B - A15-5,S150818B - A15,S150818B - A15,no,yes,yes
Mya Halter Neck Maxi - Orange/White,Size: M,cd786c71-db92-4554-9a2c-40c2d61be506,10109944267057,50431104713009,52486516998449,S150818B - A15-4,S150818B - A15,S150818B - A15,no,yes,yes
Mya Halter Neck Maxi - Orange/White,Size: S,ba2f9a4a-6d5e-4472-8c23-649bef546d47,10109944267057,50431104680241,52486516965681,S150818B - A15-3,S150818B - A15,S150818B - A15,no,yes,yes
Mya Halter Neck Maxi - Orange/White,Size: XS,fa19163d-24d4-4f68-8ba1-563a1766dd09,10109944267057,50431104647473,52486516932913,S150818B - A15-2,S150818B - A15,S150818B - A15,no,yes,yes
Mya Lace Maxi Dress - Orange/White,Size: 16,cde70186-332b-401d-9a95-ef92e7e3465a,10109945577777,50475375788337,52531041239345,J-1063 934 - A15-7,J-1063 934 - A15,J-1063 934 - A15,no,yes,yes
Mya Lace Maxi Dress - Orange/White,Size: 18,065a00e7-f0b3-4570-a1b1-134bc7c39acc,10109945577777,50475375821105,52531041272113,J-1063 934 - A15-8,J-1063 934 - A15,J-1063 934 - A15,no,yes,yes
Mya Lace Maxi Dress - Orange/White,Size: L,a3fd22b9-6fb5-4690-80a2-586b6e44248e,10109945577777,50431107989809,52486520275249,J-1063 934 - A15-5,J-1063 934 - A15,J-1063 934 - A15,no,yes,yes
Mya Lace Maxi Dress - Orange/White,Size: M,d9d205c2-d320-49d9-8f55-6f659e7dc97e,10109945577777,50431107957041,52486520242481,J-1063 934 - A15-4,J-1063 934 - A15,J-1063 934 - A15,no,yes,yes
Mya Lace Maxi Dress - Orange/White,Size: S,d8e68311-9e8a-4c76-86bf-80f49431686a,10109945577777,50431107924273,52486520209713,J-1063 934 - A15-3,J-1063 934 - A15,J-1063 934 - A15,no,yes,yes
Mya Lace Maxi Dress - Orange/White,Size: XL,ed451506-726e-4b45-8f44-09c7f453946e,10109945577777,50431108022577,52486520308017,J-1063 934 - A15-6,J-1063 934 - A15,J-1063 934 - A15,no,yes,yes
Mya Lace Maxi Dress - Orange/White,Size: XS,add295bf-4fea-401a-a6c9-c1d4b18a02aa,10109945577777,50431107891505,52486520176945,J-1063 934 - A15-2,J-1063 934 - A15,J-1063 934 - A15,no,yes,yes
Mya May Maxi - White/Orange,Size: 16,12fcd526-d911-4b51-8217-fee77e7260b2,10109946691889,50475372642609,52531038093617,2017382C 934 - A15-7,2017382C 934 - A15,2017382C 934 - A15,no,yes,yes
Mya May Maxi - White/Orange,Size: 18,4d52a474-97ab-4cb7-a67f-ca34f80a05ff,10109946691889,50475372675377,52531038126385,2017382C 934 - A15-8,2017382C 934 - A15,2017382C 934 - A15,no,yes,yes
Mya May Maxi - White/Orange,Size: L,bb5971ee-94fd-418f-8de0-3ab5b11606ef,10109946691889,50431110086961,52486522372401,2017382C 934 - A15-5,2017382C 934 - A15,2017382C 934 - A15,no,yes,yes
Mya May Maxi - White/Orange,Size: M,a0994eb7-96e5-46f3-a470-744e1ba56862,10109946691889,50431110054193,52486522339633,2017382C 934 - A15-4,2017382C 934 - A15,2017382C 934 - A15,no,yes,yes
Mya May Maxi - White/Orange,Size: S,9ade6cb6-e70d-4388-a1dd-70a3c8a79cde,10109946691889,50431110021425,52486522306865,2017382C 934 - A15-3,2017382C 934 - A15,2017382C 934 - A15,no,yes,yes
Mya May Maxi - White/Orange,Size: XL,b08e9d7b-2a49-4115-839b-c17c8f2145e1,10109946691889,50431110119729,52486522405169,2017382C 934 - A15-6,2017382C 934 - A15,2017382C 934 - A15,no,yes,yes
Mya May Maxi - White/Orange,Size: XS,b181fbe3-759b-4afb-bf5e-e7912cefd56a,10109946691889,50431109988657,52486522274097,2017382C 934 - A15-2,2017382C 934 - A15,2017382C 934 - A15,no,yes,yes
Mylah Jumper - Blue,Size: M/L,533df9bc-0185-46db-8950-531253f3d8ca,8396963512625,45172003995953,47217747525937,205001-13 Jumpers 1 Box-2,205001-13 Jumpers 1 Box,205001-13 Jumpers 1 Box,no,yes,yes
Mylah Jumper - Chocolate,Size: M/L,49cf279c-cfb8-43bb-a352-05533f64a23b,8396964495665,45172005601585,47217749131569,205001-13 Jumpers 1 Box-4,205001-13 Jumpers 1 Box,205001-13 Jumpers 1 Box,no,yes,yes
Mylah Jumper - Chocolate,Size: S/M,e13efe9d-a4eb-4380-b11e-d01ea346f60c,8396964495665,45172005568817,47217749098801,205001-13 Jumpers 1 Box-3,205001-13 Jumpers 1 Box,205001-13 Jumpers 1 Box,no,yes,yes
Mylah Jumper - Forest Green,Size: M/L,07fccb68-c372-4ffd-90de-353a84fd48fe,8403242910001,45191765885233,47237551685937,205001-17 Jumpers 1 Box-2,205001-17 Jumpers 1 Box,205001-17 Jumpers 1 Box,no,yes,yes
Mylah Jumper -Mint,Size: M/L,83e7b995-32bc-4386-bf5e-f27538914f34,8396964004145,45172005011761,47217748541745,205001-13 Jumper 1 Box-2,205001-13 Jumper 1 Box,205001-13 Jumper 1 Box,no,yes,yes
Mystical Panther Bandana Set - By Frankie,Size: L,dc5ba8f3-b854-41d2-be4f-967dd124d20a,10193398595889,50749623435569,52819187106097,1076-6 - N-5,1076-6 - N,1076-6 - N,no,yes,yes
Mystical Panther Bandana Set - By Frankie,Size: M,559a28b7-2357-46e0-a0f0-cc162a527205,10193398595889,50749623402801,52819187073329,1076-6 - N-4,1076-6 - N,1076-6 - N,no,yes,yes
Mystical Panther Bandana Set - By Frankie,Size: S,dc4df58b-de36-40cb-afae-1433b3e13370,10193398595889,50749623370033,52819187040561,1076-6 - N-3,1076-6 - N,1076-6 - N,no,yes,yes
Mystical Panther Bandana Set - By Frankie,Size: XS,a43769b2-ac44-4f17-a8c6-a6978f531d5e,10193398595889,50749623337265,52819187007793,1076-6 - N-2,1076-6 - N,1076-6 - N,no,yes,yes
Mystical Scorpio Set - By Frankie,Size: L,c6b86271-49a4-45f7-aa7b-8d3835ba475a,10190493679921,50739812958513,52809296281905,801-248 B11-5,801-248 B11,801-248 B11,no,yes,yes
Mystical Scorpio Set - By Frankie,Size: M,35f1f0ec-7e70-4472-a9dd-77b4867bd815,10190493679921,50739812925745,52809296249137,801-248 B11-4,801-248 B11,801-248 B11,no,yes,yes
Mystical Scorpio Set - By Frankie,Size: S,e1ce359c-f651-4b47-9675-a02d0a40f429,10190493679921,50739812892977,52809296216369,801-248 B11-3,801-248 B11,801-248 B11,no,yes,yes
Mystical Scorpio Set - By Frankie,Size: XS,073375db-692b-4acb-b013-6becfb5d369e,10190493679921,50739812860209,52809296183601,801-248 B11-2,801-248 B11,801-248 B11,no,yes,yes
Naiya Midi Dress - Blue,Size: L,1de3801e-c7f4-4fd7-b12f-b9453f070a98,8261373460785,44676032495921,46721120796977,JS-20175068W-0591-4,JS-20175068W-0591,JS-20175068W-0591,no,yes,yes
Naiya Midi Dress - Blue,Size: M,521943ea-fbcb-46f0-901d-c372a453174e,8261373460785,44676032463153,46721120764209,JS-20175068W-0591-3,JS-20175068W-0591,JS-20175068W-0591,no,yes,yes
Naiya Midi Dress - Blue,Size: S,f60c63d2-5a5c-418a-a97c-52440ac12164,8261373460785,44676032430385,46721120731441,JS-20175068W-0591-2,JS-20175068W-0591,JS-20175068W-0591,no,yes,yes
Naiya Midi Dress - Blue,Size: XL,db8bf1d7-95a6-4cf1-b37a-4a235d72c0c3,8261373460785,44676032528689,46721120829745,JS-20175068W-0591-5,JS-20175068W-0591,JS-20175068W-0591,no,yes,yes
Nala Linen Top - Yellow/Dusty Pink,Size: L,3a299fb6-1483-423d-9549-0b56395c6fa1,7500747243677,42680895701149,44778909237405,2285 BOX 1 GDS-4,2285 BOX 1 GDS,2285 BOX 1 GDS,no,yes,yes
Nala Linen Top - Yellow/Dusty Pink,Size: M,8f7589ad-22ea-4f99-a5e4-254e390d9081,7500747243677,42680895668381,44778909204637,2285 BOX 1 GDS-3,2285 BOX 1 GDS,2285 BOX 1 GDS,no,yes,yes
Nala Linen Top - Yellow/Dusty Pink,Size: S,3d136d05-c3d1-4573-b32b-01f409002687,7500747243677,42680895635613,44778909171869,2285 BOX 1 GDS-2,2285 BOX 1 GDS,2285 BOX 1 GDS,no,yes,yes
Nala Linen Top - Yellow/Dusty Pink,Size: XL,6bdeaa2f-5a12-43c9-8f40-182eb8ae523d,7500747243677,42680895733917,44778909270173,2285 BOX 1 GDS-5,2285 BOX 1 GDS,2285 BOX 1 GDS,no,yes,yes
Nalini Baby Doll Mini - Green,Size: 10/S,5b6fbdb8-e72c-4622-92b2-8f4a4fc7fa08,10113901527345,50448263840049,52502981050673,MOJ0022G - L-3,MOJ0022G - L,MOJ0022G - L,no,yes,yes
Nalini Baby Doll Mini - Green,Size: 12/M,963937fd-ad60-4006-8ff0-a36967da0228,10113901527345,50448263872817,52502981083441,MOJ0022G - L-4,MOJ0022G - L,MOJ0022G - L,no,yes,yes
Nalini Baby Doll Mini - Green,Size: 14/L,6d8a7af4-7d78-4599-a6fb-88695d8ac31c,10113901527345,50448263905585,52502981116209,MOJ0022G - L-5,MOJ0022G - L,MOJ0022G - L,no,yes,yes
Nalini Baby Doll Mini - Green,Size: 8/XS,1b5e02a8-9add-44ee-8ae5-d65df353d705,10113901527345,50448263807281,52502981017905,MOJ0022G - L-2,MOJ0022G - L,MOJ0022G - L,no,yes,yes
Nalini Mini - Pink,Size: 10/S,2a4b3073-84b8-4515-a0a8-f0603db1dbab,10082485829937,50320815882545,52374370353457,MOJ3360 - L-3,MOJ3360 - L,MOJ3360 - L,no,yes,yes
Nalini Mini - Pink,Size: 12/M,7b13be73-3bcb-417f-88c1-39f4e6208553,10082485829937,50320815915313,52374370386225,MOJ3360 - L-4,MOJ3360 - L,MOJ3360 - L,no,yes,yes
Nalini Mini - Pink,Size: 8/XS,c845b789-5932-4e74-a053-a209a8ce1480,10082485829937,50320815849777,52374370320689,MOJ3360 - L-2,MOJ3360 - L,MOJ3360 - L,no,yes,yes
Nalini Mini Dress - Pink,Size: 10/S,364a57cb-e7a7-4cc3-8b34-5597a09f3e2e,10113900478769,50448260694321,52502977904945,MOJ0022 - L-3,MOJ0022 - L,MOJ0022 - L,no,yes,yes
Nalini Mini Dress - Pink,Size: 12/M,fc3f7fb9-2685-4255-9c22-04b18eadab10,10113900478769,50448260727089,52502977937713,MOJ0022 - L-4,MOJ0022 - L,MOJ0022 - L,no,yes,yes
Nalini Mini Dress - Pink,Size: 14/L,f03b77e6-f766-4650-8e6b-691d1ed4c5a0,10113900478769,50448260759857,52502977970481,MOJ0022 - L-5,MOJ0022 - L,MOJ0022 - L,no,yes,yes
Nalini Mini Dress - Pink,Size: 8/XS,fdabcc1a-a646-4183-b00f-72dd162826c0,10113900478769,50448260661553,52502977872177,MOJ0022 - L-2,MOJ0022 - L,MOJ0022 - L,no,yes,yes
Natalie Black Set,Size: L/12,6ac2541f-1f79-4547-979d-d622206dd073,10459611332913,52069727994161,54159998550321,"LUX4750, Lux4751-2.  B15-5","LUX4750, Lux4751-2.  B15","LUX4750, Lux4751-2.  B15",no,yes,yes
Natalie Black Set,Size: M/10,8c09c482-4a7c-4c78-ad36-ea67c8c51e65,10459611332913,52069727961393,54159998517553,"LUX4750, Lux4751-2.  B15-4","LUX4750, Lux4751-2.  B15","LUX4750, Lux4751-2.  B15",no,yes,yes
Natalie Black Set,Size: S/8,5fbd3eff-4ec2-47a3-a451-72ac9f901b0d,10459611332913,52069727928625,54159998484785,"LUX4750, Lux4751-2.  B15-3","LUX4750, Lux4751-2.  B15","LUX4750, Lux4751-2.  B15",no,yes,yes
Natalie Black Set,Size: XS/6,0f781dc9-af99-41a7-bdd2-432d06c1cf60,10459611332913,52069727895857,54159998452017,"LUX4750, Lux4751-2.  B15-2","LUX4750, Lux4751-2.  B15","LUX4750, Lux4751-2.  B15",no,yes,yes
Nathalie Silk Mini Dress - Green,Size: L/14,232d7543-eb70-4e6f-b9f6-546174fad445,9955786522929,49836541313329,51886121287985,2521 2162-5,2521 2162,2521 2162,no,yes,yes
Nathalie Silk Mini Dress - Green,Size: M/12,e1b68fc0-143f-4a74-8f62-1352e5d67b4f,9955786522929,49836541280561,51886121255217,2521 2162-4,2521 2162,2521 2162,no,yes,yes
Nathalie Silk Mini Dress - Green,Size: S/10,0e77f9ab-8655-45d3-84aa-ad0774a8935e,9955786522929,49836541247793,51886121222449,2521 2162-3,2521 2162,2521 2162,no,yes,yes
Nathalie Silk Mini Dress - Green,Size: XS/8,ed9b1476-4031-42c3-a3d7-864664b7c857,9955786522929,49836541215025,51886121189681,2521 2162-2,2521 2162,2521 2162,no,yes,yes
Natural Boob Tube Set - By Frankie,Size: L,f2ad84b3-b196-4646-99fb-307a62b98f55,10118158647601,50465422475569,52520851603761,162-2 - B11 35282-5,162-2 - B11 35282,162-2 - B11 35282,no,yes,yes
Natural Boob Tube Set - By Frankie,Size: M,27fc7e49-c51a-4d9b-b443-3320184b33a5,10118158647601,50465422442801,52520851570993,162-2 - B11 35282-4,162-2 - B11 35282,162-2 - B11 35282,no,yes,yes
Natural Boob Tube Set - By Frankie,Size: S,37f09775-c37c-433d-a0fa-622e46bedcd8,10118158647601,50465422410033,52520851538225,162-2 - B11 35282-3,162-2 - B11 35282,162-2 - B11 35282,no,yes,yes
Natural Boob Tube Set - By Frankie,Size: XS,71b7bd0e-4750-484c-9421-974817bff908,10118158647601,50465422377265,52520851505457,162-2 - B11 35282-2,162-2 - B11 35282,162-2 - B11 35282,no,yes,yes
Need for Speed Tee - By Frankie,Size: L,1c29a066-4e3b-464d-a3ee-9816cba77d5f,10760789885233,55715921985841,57833218507057,789-3 - A19-5,789-3 - A19,789-3 - A19,no,yes,yes
Need for Speed Tee - By Frankie,Size: M,d9b3ce86-48c0-4863-8cf1-47c44312eb3b,10760789885233,55715921953073,57833218474289,789-3 - A19-4,789-3 - A19,789-3 - A19,no,yes,yes
Need for Speed Tee - By Frankie,Size: S,43a54aa1-5996-429a-a918-dbfbd5108c44,10760789885233,55715921920305,57833218441521,789-3 - A19-3,789-3 - A19,789-3 - A19,no,yes,yes
Need for Speed Tee - By Frankie,Size: XS,a3eca237-5247-4ff7-9040-0401c5523272,10760789885233,55715921887537,57833218408753,789-3 - A19-2,789-3 - A19,789-3 - A19,no,yes,yes
Neve Blouse - Black/Blue,Size: L,5341dc53-9a39-42c1-bd36-6bd88c41a6c7,9482576429361,48706017984817,50753438581041,JS=80113B-0995 - A7-5,JS=80113B-0995 - A7,JS=80113B-0995 - A7,no,yes,yes
Neve Blouse - Black/Blue,Size: M,e6267c25-0373-4092-a528-cc88cdbab511,9482576429361,48706017952049,50753438548273,JS=80113B-0995 - A7-4,JS=80113B-0995 - A7,JS=80113B-0995 - A7,no,yes,yes
Neve Blouse - Black/Blue,Size: S,2407971b-7a95-4ed6-b401-32ed55f51a5b,9482576429361,48706017919281,50753438515505,JS=80113B-0995 - A7-3,JS=80113B-0995 - A7,JS=80113B-0995 - A7,no,yes,yes
Neve Blouse - Black/Blue,Size: XS,ca99fd39-d09f-4740-96ea-c4157105ae6d,9482576429361,48706017886513,50753438482737,JS=80113B-0995 - A7-2,JS=80113B-0995 - A7,JS=80113B-0995 - A7,no,yes,yes
Neve Maxi Dress - Black/Blue,Size: L,8d37c276-b11d-4e63-9f49-050a9247f36a,9482579214641,48706025095473,50753445691697,JS-2023001-0995 - A7-5,JS-2023001-0995 - A7,JS-2023001-0995 - A7,no,yes,yes
Neve Maxi Dress - Black/Blue,Size: M,c37f824e-d01c-4563-9009-79d23390f6be,9482579214641,48706025062705,50753445658929,JS-2023001-0995 - A7-4,JS-2023001-0995 - A7,JS-2023001-0995 - A7,no,yes,yes
Neve Maxi Dress - Black/Blue,Size: S,aede8496-cc00-4b51-b91a-b5f069a6f8b9,9482579214641,48706025029937,50753445626161,JS-2023001-0995 - A7-3,JS-2023001-0995 - A7,JS-2023001-0995 - A7,no,yes,yes
Neve Maxi Dress - Black/Blue,Size: XS,160a0f55-4ef4-4443-b388-2ab4a986891b,9482579214641,48706024997169,50753445593393,JS-2023001-0995 - A7-2,JS-2023001-0995 - A7,JS-2023001-0995 - A7,no,yes,yes
Neve Mini Dress - Black/Blue,Size: L,5d9970e0-e440-4cce-a4dd-a428e161be40,9482594386225,48706053767473,50753474527537,JA179-0995 - A7-5,JA179-0995 - A7,JA179-0995 - A7,no,yes,yes
Neve Mini Dress - Black/Blue,Size: M,ec24bcfb-52b4-4c33-99fc-42ad29d48997,9482594386225,48706053734705,50753474494769,JA179-0995 - A7-4,JA179-0995 - A7,JA179-0995 - A7,no,yes,yes
Neve Mini Dress - Black/Blue,Size: S,fd5cdf08-b776-42fa-9556-619252cf42f3,9482594386225,48706053701937,50753474462001,JA179-0995 - A7-3,JA179-0995 - A7,JA179-0995 - A7,no,yes,yes
Neve Mini Dress - Black/Blue,Size: XS,88a2de1a-82f5-4419-9a05-13cba6e988bb,9482594386225,48706053669169,50753474429233,JA179-0995 - A7-2,JA179-0995 - A7,JA179-0995 - A7,no,yes,yes
Nicola Maxi Dress - Earth,Size: 10/S,44f19326-c32f-49d2-9dd1-66c37f79dd96,10044637020465,50157627572529,52209416995121,MO3437 - A7-3,MO3437 - A7,MO3437 - A7,no,yes,yes
Nicola Maxi Dress - Earth,Size: 12/M,4eac6a28-50bb-4ec4-9092-5f2f86b5ccf9,10044637020465,50157627605297,52209417027889,MO3437 - A7-4,MO3437 - A7,MO3437 - A7,no,yes,yes
Nicola Maxi Dress - Earth,Size: 14/L,b81b8360-035b-4dbc-92a3-cf515ece38d9,10044637020465,50157627638065,52209417060657,MO3437 - A7-5,MO3437 - A7,MO3437 - A7,no,yes,yes
Nicola Maxi Dress - Earth,Size: 8/XS,f82f48a7-4471-46a4-a890-8d257941caea,10044637020465,50157627539761,52209416962353,MO3437 - A7-2,MO3437 - A7,MO3437 - A7,no,yes,yes
Nicola Mini Dress - Earth,Size: 10/S,64d7fcb8-3dc4-4444-a617-22b681f51e62,10044636791089,50157626949937,52209416372529,MO3436 - K-3,MO3436 - K,MO3436 - K,no,yes,yes
Nicola Mini Dress - Earth,Size: 12/M,a94978f0-6a06-4399-832f-13cdd01d13b3,10044636791089,50157626982705,52209416405297,MO3436 - K-4,MO3436 - K,MO3436 - K,no,yes,yes
Nicola Mini Dress - Earth,Size: 14/L,d2a775ef-5500-44d8-aa2b-2f271a97fdba,10044636791089,50157627015473,52209416438065,MO3436 - K-5,MO3436 - K,MO3436 - K,no,yes,yes
Nicola Mini Dress - Earth,Size: 8/XS,bee1487d-07e1-4aae-b7d0-41f8ee92e526,10044636791089,50157626917169,52209416339761,MO3436 - K-2,MO3436 - K,MO3436 - K,no,yes,yes
Nina Shirred Mini Dress - Aqua,Size: 10,56af39ec-119a-4f01-8a67-8475cb2ba53e,9236193313073,47898727022897,49946889879857,201701-8 - A3-3,201701-8 - A3,201701-8 - A3,no,yes,yes
Nina Shirred Mini Dress - Aqua,Size: 12,1d999ce6-32c2-4520-82e9-de139a1a67d0,9236193313073,47898727055665,49946889912625,201701-8 - A3-4,201701-8 - A3,201701-8 - A3,no,yes,yes
Nina Shirred Mini Dress - Aqua,Size: 14,a63e7816-14f4-4234-a366-d9b90b6be1dd,9236193313073,47898727088433,49946889945393,201701-8 - A3-5,201701-8 - A3,201701-8 - A3,no,yes,yes
Nina Shirred Mini Dress - Aqua,Size: 16,42d311ad-7510-4a3c-912b-7df707fbcba8,9236193313073,47898727121201,49946889978161,201701-8 - A3-6,201701-8 - A3,201701-8 - A3,no,yes,yes
Nina Shirred Mini Dress - Aqua,Size: 8,fca063e8-67f3-4080-9099-e5bc6599b1ad,9236193313073,47898726990129,49946889847089,201701-8 - A3-2,201701-8 - A3,201701-8 - A3,no,yes,yes
Nina Shirred Mini Dress - Aqua/Beige,Size: 10,58aab24b-abd8-43dc-820d-5cd88d8cd721,8860755722545,46842398900529,48890894418225,201701-1 - D-3,201701-1 - D,201701-1 - D,no,yes,yes
Nina Shirred Mini Dress - Aqua/Beige,Size: 12,2e0c6a79-4397-4f62-a3c9-1cbb13df31c9,8860755722545,46842398933297,48890894450993,201701-1 - D-4,201701-1 - D,201701-1 - D,no,yes,yes
Nina Shirred Mini Dress - Aqua/Beige,Size: 14,edef71b5-97d5-4bae-bf21-03205e0d8fd7,8860755722545,46842398966065,48890894483761,201701-1 - D-5,201701-1 - D,201701-1 - D,no,yes,yes
Nina Shirred Mini Dress - Aqua/Beige,Size: 8,ef7c1873-b893-41ad-9427-fbd0fe131114,8860755722545,46842398867761,48890894385457,201701-1 - D-2,201701-1 - D,201701-1 - D,no,yes,yes
Nora Mini Shift Dress - Pink/Peach,Size: L,cb726da4-b654-481e-af2d-96f62a25adac,6896772219037,40616317517981,42712747016349,HJ311 - A14-4,HJ311 - A14,HJ311 - A14,no,yes,yes
Nora Mini Shift Dress - Pink/Peach,Size: M,6bd719f8-37a4-4290-b2f7-fd0955d97203,6896772219037,40616317485213,42712746918045,HJ311 - A14-3,HJ311 - A14,HJ311 - A14,no,yes,yes
Nora Mini Shift Dress - Pink/Peach,Size: S,70733217-3ca8-440b-80e7-404971d8ffb3,6896772219037,40616317452445,42712746852509,HJ311 - A14-2,HJ311 - A14,HJ311 - A14,no,yes,yes
Nora Mini Shift Dress - Pink/Peach,Size: XL,22fdf908-ad54-456c-be87-ce48e6ca41c3,6896772219037,40616317550749,42712747049117,HJ311 - A14-5,HJ311 - A14,HJ311 - A14,no,yes,yes
Nova Backless Mini Dress - Beige,Size: 10,beda5093-86a3-4e86-a7e2-269ead6afd62,6952844099741,40815493513373,42910828429469,KM211 - Old Box 2-3,KM211 - Old Box 2,KM211 - Old Box 2,no,yes,yes
Nova Backless Mini Dress - Beige,Size: 12,dcc472b7-55ce-48b4-84ce-8adadb6d7bb9,6952844099741,40815493578909,42910828462237,KM211 - Old Box 2-4,KM211 - Old Box 2,KM211 - Old Box 2,no,yes,yes
Nova Backless Mini Dress - Beige,Size: 8,06ab0c93-7d56-474c-b638-fccf501d8f7e,6952844099741,40815493480605,42910828396701,KM211 - Old Box 2-2,KM211 - Old Box 2,KM211 - Old Box 2,no,yes,yes
Nova Maxi Pants - Brown/Neutrals,Size: L,930a1028-22e2-4a86-91e8-d76c545c2900,7443217809565,42965263483037,45063928283293,LOL8557 - F-3,LOL8557 - F,LOL8557 - F,no,yes,yes
Nova Maxi Pants - Brown/Neutrals,Size: M,fd8d932f-44af-4bb1-84ac-febd52cfbb62,7443217809565,42965263450269,45063928250525,LOL8557 - F-2,LOL8557 - F,LOL8557 - F,no,yes,yes
Nova Maxi Pants - Brown/Neutrals,Size: XL,d7fef023-9126-4618-becf-a8adec95337c,7443217809565,42965263515805,45063928316061,LOL8557 - F-4,LOL8557 - F,LOL8557 - F,no,yes,yes
Ocean Leaves Set - By Frankie,Size: L,397798d5-0ffd-41f9-a10f-d810c69a6a3a,9969003561265,49872461824305,51922119524657,801-252-B12-5,801-252-B12,801-252-B12,no,yes,yes
Ocean Leaves Set - By Frankie,Size: M,fa0507b6-ef42-4a3b-8376-d9ae1ecd83b8,9969003561265,49872461791537,51922119491889,801-252-B12-4,801-252-B12,801-252-B12,no,yes,yes
Ocean Leaves Set - By Frankie,Size: S,3a1a18c3-df10-4756-b781-8e807874e716,9969003561265,49872461726001,51922119459121,801-252-B12-3,801-252-B12,801-252-B12,no,yes,yes
Ocean Leaves Set - By Frankie,Size: XS,3ffbc862-0d53-40e6-b318-1ee0f339a500,9969003561265,49872461693233,51922119426353,801-252-B12-2,801-252-B12,801-252-B12,no,yes,yes
Odessa Overalls - Black Linen Jumpsuit,Size: 10,6e691018-36c8-4dcd-8142-bb6e4c93bc1b,5367891361949,35054926102685,37074296078493,A5993 - A-2,A5993 - A,A5993 - A,no,yes,yes
Odessa Overalls - Black Linen Jumpsuit,Size: 12,4d446c45-fa71-4516-b87f-22c3e5ff935a,5367891361949,35054926168221,37074296111261,A5993 - A-3,A5993 - A,A5993 - A,no,yes,yes
Odessa Overalls - Black Linen Jumpsuit,Size: 14,3af9c6fa-0a5f-44b2-b0a7-7d36516ef8a0,5367891361949,35054926266525,37074296144029,A5993 - A-4,A5993 - A,A5993 - A,no,yes,yes
Odessa Overalls - Black Linen Jumpsuit,Size: 16,10461545-3124-4dd0-ab86-fb63c23e7fe9,5367891361949,41885538156701,43983517253789,A5993 - A-5,A5993 - A,A5993 - A,no,yes,yes
Odessa Overalls - Green,Size: 10,f019e2c9-d31d-4083-9dc3-416e8c4a5c6f,7161098207389,41396689895581,43493166579869,A5993 - A-7,A5993 - A,A5993 - A,no,yes,yes
Odessa Overalls - Green,Size: 12,d0f093a3-bbcb-4d4f-91a3-ab7ab7d5c51e,7161098207389,41396689993885,43493166678173,A5993 - A-8,A5993 - A,A5993 - A,no,yes,yes
Odessa Overalls - Green,Size: 14,fa864d43-7cbb-458d-ba5b-2d8f675d99ac,7161098207389,41929340682397,44027444658333,A5993 - A-9,A5993 - A,A5993 - A,no,yes,yes
Odessa Overalls - Green,Size: 16,2e3f8282-a7fc-4eed-9f7a-f914821ecd11,7161098207389,41929340715165,44027444691101,A5993 - A-10,A5993 - A,A5993 - A,no,yes,yes
Odessa Overalls - Green,Size: 8,cf0202ff-eff9-4c95-b97e-891b801efdf3,7161098207389,41396689862813,43493166547101,A5993 - A-6,A5993 - A,A5993 - A,no,yes,yes
Odessa Overalls / Khaki Linen Jumpsuit,Size: 10,0a1be833-1be1-4212-84a2-daa989848e9d,5367888216221,35054913650845,37074282807453,A5993 - A-12,A5993 - A,A5993 - A,no,yes,yes
Odessa Overalls / Khaki Linen Jumpsuit,Size: 12,2ec691fd-043a-42f9-950f-d881f937fc40,5367888216221,35054913683613,37074282840221,A5993 - A-13,A5993 - A,A5993 - A,no,yes,yes
Odessa Overalls / Khaki Linen Jumpsuit,Size: 14,9d721139-8d16-4b92-833e-c420170e148d,5367888216221,35054913716381,37074282872989,A5993 - A-14,A5993 - A,A5993 - A,no,yes,yes
Odessa Overalls / Khaki Linen Jumpsuit,Size: 16,be6f151d-c747-412b-9fdd-482be3af9cc2,5367888216221,41885551919261,43983530983581,A5993 - A-15,A5993 - A,A5993 - A,no,yes,yes
Odessa Overalls / Khaki Linen Jumpsuit,Size: 8,21cb7370-c50d-4a0a-8a10-72500d9d0c6f,5367888216221,35054913618077,37074282774685,A5993 - A-11,A5993 - A,A5993 - A,no,yes,yes
Off The Shoulder Tee Set - By Frankie,Size: L,a630b970-246c-48ea-a4b1-49c181414e26,10306777547057,51416923013425,53484139348273,675-1 Warehouse-5,675-1 Warehouse,675-1 Warehouse,no,yes,yes
Off The Shoulder Tee Set - By Frankie,Size: M,88a53eb6-88fe-4dda-8afc-ec1a0f88b665,10306777547057,51416922980657,53484139315505,675-1 Warehouse-4,675-1 Warehouse,675-1 Warehouse,no,yes,yes
Off The Shoulder Tee Set - By Frankie,Size: S,67a54e81-a3e0-4e01-9997-454a01f033a8,10306777547057,51416922947889,53484139282737,675-1 Warehouse-3,675-1 Warehouse,675-1 Warehouse,no,yes,yes
Off The Shoulder Tee Set - By Frankie,Size: XS,95061258-26e8-4fb5-be04-6b356f52548f,10306777547057,51416922915121,53484139249969,675-1 Warehouse-2,675-1 Warehouse,675-1 Warehouse,no,yes,yes
OG Denim Leopard Racer Pants  - By Frankie,Size: L,b4696d30-d005-454d-9021-9a9c68fe729e,10274121318705,51307354456369,53375313379633,526-1 - A16-5,526-1 - A16,526-1 - A16,no,yes,yes
OG Denim Leopard Racer Pants  - By Frankie,Size: M,3c7953cc-a95e-4946-ac2f-d7b01c7edf81,10274121318705,51307354423601,53375313346865,526-1 - A16-4,526-1 - A16,526-1 - A16,no,yes,yes
OG Denim Leopard Racer Pants  - By Frankie,Size: S,6155de68-1e1f-4d07-b3a9-9b95fb3f8f03,10274121318705,51307354390833,53375313314097,526-1 - A16-3,526-1 - A16,526-1 - A16,no,yes,yes
OG Denim Leopard Racer Pants  - By Frankie,Size: XL,95a5e0a5-529c-46c0-8f5e-482b984849d9,10274121318705,51307354489137,53375313412401,526-1 - A16-6,526-1 - A16,526-1 - A16,no,yes,yes
OG Denim Leopard Racer Pants  - By Frankie,Size: XS,8078b618-84e8-4a27-93c5-bc4afe812f3f,10274121318705,51307354358065,53375313281329,526-1 - A16-2,526-1 - A16,526-1 - A16,no,yes,yes
OG Denim Star Leopard Racer Pants  - By Frankie,Size: L,03f90312-04c1-48da-8f15-e7e997c9a256,10741793849649,55467999461681,57582743552305,526-46-5,526-46,526-46,no,yes,yes
OG Denim Star Leopard Racer Pants  - By Frankie,Size: M,ff69c8e6-d6ab-4cf9-9ebe-642fd989334a,10741793849649,55467999428913,57582743519537,526-46-4,526-46,526-46,no,yes,yes
OG Denim Star Leopard Racer Pants  - By Frankie,Size: S,64f4fea9-2d41-4a57-b013-741565ff66dd,10741793849649,55467999396145,57582743486769,526-46-3,526-46,526-46,no,yes,yes
OG Denim Star Leopard Racer Pants  - By Frankie,Size: XS,c7625671-6832-45fa-9b7c-c1c7364bd5a3,10741793849649,55467999363377,57582743454001,526-46-2,526-46,526-46,no,yes,yes
OG Leopard Hearts Denim Racer Pants - By Frankie,Size: L,25353368-c5a2-49e9-ad40-b415eddc21d2,10302238261553,51397518786865,53464916001073,526-11 - BF4-5,526-11 - BF4,526-11 - BF4,no,yes,yes
OG Leopard Hearts Denim Racer Pants - By Frankie,Size: M,5e154c53-7a97-4fb3-933e-1b2b0f26e19e,10302238261553,51397518754097,53464915968305,526-11 - BF4-4,526-11 - BF4,526-11 - BF4,no,yes,yes
OG Leopard Hearts Denim Racer Pants - By Frankie,Size: S,1d1dd49c-7f89-49f6-b784-567c27ec7670,10302238261553,51397518721329,53464915935537,526-11 - BF4-3,526-11 - BF4,526-11 - BF4,no,yes,yes
OG Leopard Hearts Denim Racer Pants - By Frankie,Size: XL,26e96585-1846-4241-8a4e-f98dafd9b2d2,10302238261553,51397518819633,53464916033841,526-11 - BF4-6,526-11 - BF4,526-11 - BF4,no,yes,yes
OG Leopard Hearts Denim Racer Pants - By Frankie,Size: XS,c4affe6c-af09-45a9-af2e-4ffd412011e2,10302238261553,51397518688561,53464915902769,526-11 - BF4-2,526-11 - BF4,526-11 - BF4,no,yes,yes
OG Leopard Racer Denim Shorts - By Frankie,Size: L,4c5df099-3975-4163-8e07-350ec89fae09,10429277503793,51958299492657,54035970785585,734-3 Right Bottom Shelf on white hangers-5,734-3 Right Bottom Shelf on white hangers,734-3 Right Bottom Shelf on white hangers,no,yes,yes
OG Leopard Racer Denim Shorts - By Frankie,Size: M,eea3076a-80d4-42e0-b2b8-5c88efd0c771,10429277503793,51958299459889,54035970752817,734-3 Right Bottom Shelf on white hangers-4,734-3 Right Bottom Shelf on white hangers,734-3 Right Bottom Shelf on white hangers,no,yes,yes
OG Leopard Racer Denim Shorts - By Frankie,Size: S,d883604a-930e-42e2-8bc8-619a27ade255,10429277503793,51958299427121,54035970720049,734-3 Right Bottom Shelf on white hangers-3,734-3 Right Bottom Shelf on white hangers,734-3 Right Bottom Shelf on white hangers,no,yes,yes
OG Leopard Racer Denim Shorts - By Frankie,Size: XS,6a549e71-ad7d-4fd5-b143-dcc5b5e85ace,10429277503793,51958299394353,54035970687281,734-3 Right Bottom Shelf on white hangers-2,734-3 Right Bottom Shelf on white hangers,734-3 Right Bottom Shelf on white hangers,no,yes,yes
Olivia Midi Dress - Yellow,Size: 10,51af6c4e-62e4-4d60-9fef-dbae0d2cf00c,10003789316401,50012647915825,52062410932529,SR0258J02 - A8-4,SR0258J02 - A8,SR0258J02 - A8,no,yes,yes
Olivia Midi Dress - Yellow,Size: 12,cd334a56-9ef2-440a-891d-82fd8f7af852,10003789316401,50012647948593,52062410965297,SR0258J02 - A8-5,SR0258J02 - A8,SR0258J02 - A8,no,yes,yes
Olivia Midi Dress - Yellow,Size: 6,d1a767a8-abf5-4d4e-987f-eed0c8556953,10003789316401,50012647850289,52062410866993,SR0258J02 - A8-2,SR0258J02 - A8,SR0258J02 - A8,no,yes,yes
Olivia Midi Dress - Yellow,Size: 8,0858486c-8daa-47d6-a794-8cc3f4170edf,10003789316401,50012647883057,52062410899761,SR0258J02 - A8-3,SR0258J02 - A8,SR0258J02 - A8,no,yes,yes
Olivia Swing Dress - Pink,Size: 10,aa68f929-234f-4e29-87ec-93612ecc95f0,7275057479837,41909765701789,44007833338013,S0427-135 S - B-3,S0427-135 S - B,S0427-135 S - B,no,yes,yes
Olivia Swing Dress - Pink,Size: 12,e6909bec-615f-4a02-9888-a0bbddbac240,7275057479837,41909765767325,44007833370781,S0427-135 S - B-4,S0427-135 S - B,S0427-135 S - B,no,yes,yes
Olivia Swing Dress - Pink,Size: 14,a6b71740-f6c7-481a-8d21-d0e39a756e04,7275057479837,41909765800093,44007833403549,S0427-135 S - B-5,S0427-135 S - B,S0427-135 S - B,no,yes,yes
Olivia Swing Dress - Pink,Size: 16,42423b54-a28e-42ec-b1eb-160d90b4965a,7275057479837,41909835890845,44007903559837,S0427-135 S - B-6,S0427-135 S - B,S0427-135 S - B,no,yes,yes
Olivia Swing Dress - Pink,Size: 8,6e5bc921-223e-4ea8-b9d7-84b67ecfb75d,7275057479837,41909765669021,44007833305245,S0427-135 S - B-2,S0427-135 S - B,S0427-135 S - B,no,yes,yes
One Shoulder Playsuit - Brown/Beige,Size: 10,6bd9dd02-bf75-426d-bfa1-ab58ac079b39,9991121535281,49942822388017,51992543330609,SR0255J09 - A13-4,SR0255J09 - A13,SR0255J09 - A13,no,yes,yes
One Shoulder Playsuit - Brown/Beige,Size: 12,6f792c12-7b4c-40b3-b4be-fee97a8c22b4,9991121535281,49942822420785,51992543363377,SR0255J09 - A13-5,SR0255J09 - A13,SR0255J09 - A13,no,yes,yes
One Shoulder Playsuit - Brown/Beige,Size: 6,13741a30-d0be-41c5-9fa0-cc3ab84cc816,9991121535281,49942822322481,51992543265073,SR0255J09 - A13-2,SR0255J09 - A13,SR0255J09 - A13,no,yes,yes
One Shoulder Playsuit - Brown/Beige,Size: 8,8a67ce46-d6e3-42f9-9ed1-d832ac7b8632,9991121535281,49942822355249,51992543297841,SR0255J09 - A13-3,SR0255J09 - A13,SR0255J09 - A13,no,yes,yes
Only Good Times Washed Black Tee - By Frankie,Size: L,82d20e52-2beb-489b-b3b3-95db770e4dbb,10711683072305,54966832234801,57078312698161,751-63T - A18-5,751-63T - A18,751-63T - A18,no,yes,yes
Only Good Times Washed Black Tee - By Frankie,Size: M,314181ec-e89d-48e2-bbea-992531d5c476,10711683072305,54966832202033,57078312665393,751-63T - A18-4,751-63T - A18,751-63T - A18,no,yes,yes
Only Good Times Washed Black Tee - By Frankie,Size: S,f1f94d74-e212-425d-aff8-ee1937fceb34,10711683072305,54966832169265,57078312632625,751-63T - A18-3,751-63T - A18,751-63T - A18,no,yes,yes
Only Good Times Washed Black Tee - By Frankie,Size: XS,7bd94ba7-1079-4779-95b7-89114ceaa134,10711683072305,54966832136497,57078312599857,751-63T - A18-2,751-63T - A18,751-63T - A18,no,yes,yes
Oversized Tee With Lace Skirt - By Frankie,Size: L,735489f1-e8a5-4867-bd65-ecf2be568a85,10281520038193,51325217440049,53392926802225,657-2 - A15-5,657-2 - A15,657-2 - A15,no,yes,yes
Oversized Tee With Lace Skirt - By Frankie,Size: M,0f1df5e4-e6cc-4dc0-b242-014912efba34,10281520038193,51325217407281,53392926769457,657-2 - A15-4,657-2 - A15,657-2 - A15,no,yes,yes
Oversized Tee With Lace Skirt - By Frankie,Size: S,4b18ec1b-dae9-480b-9967-05cb0aa93689,10281520038193,51325217374513,53392926736689,657-2 - A15-3,657-2 - A15,657-2 - A15,no,yes,yes
Oversized Tee With Lace Skirt - By Frankie,Size: XS,c1ec8c85-560c-41bf-b9d8-0bc738812796,10281520038193,51325217341745,53392926703921,657-2 - A15-2,657-2 - A15,657-2 - A15,no,yes,yes
Paige Pleather Skirt - Black,Size: 10,dee2bccb-d359-4d50-923b-84eca5fe8bd0,7334452986013,42157630128285,44256231162013,93016A - E-2,93016A - E,93016A - E,no,yes,yes
Paige Pleather Skirt - Black,Size: 12,8d7913bc-c8ee-4e49-8382-068f22088c0f,7334452986013,42157630161053,44256231194781,93016A - E-3,93016A - E,93016A - E,no,yes,yes
Paige Pleather Skirt - Black,Size: 14,0f8b1e48-989c-4c89-b428-6763a161b40b,7334452986013,42157630193821,44256231227549,93016A - E-4,93016A - E,93016A - E,no,yes,yes
Palma Maxi Dress - Purple,Size: 16,20443a07-6198-4b0c-84e6-1f975ba330fe,10126462779697,50504960737585,52561822941489,JS221004 968 - A12-7,JS221004 968 - A12,JS221004 968 - A12,no,yes,yes
Palma Maxi Dress - Purple,Size: 18,022a7814-e37e-4709-a47e-9362935272c1,10126462779697,50504960770353,52561822974257,JS221004 968 - A12-8,JS221004 968 - A12,JS221004 968 - A12,no,yes,yes
Palma Maxi Dress - Purple,Size: L,2859b01d-a003-4361-9e12-0b02a2d6c591,10126462779697,50504960672049,52561822875953,JS221004 968 - A12-5,JS221004 968 - A12,JS221004 968 - A12,no,yes,yes
Palma Maxi Dress - Purple,Size: M,5b84902e-fcea-4006-84cf-f70ab9a5eb03,10126462779697,50504960639281,52561822843185,JS221004 968 - A12-4,JS221004 968 - A12,JS221004 968 - A12,no,yes,yes
Palma Maxi Dress - Purple,Size: S,d3f0c671-13ec-4ff3-8ed9-686f86b6ab4f,10126462779697,50504960606513,52561822810417,JS221004 968 - A12-3,JS221004 968 - A12,JS221004 968 - A12,no,yes,yes
Palma Maxi Dress - Purple,Size: XL,033a4b65-6027-44f8-bdf9-146587aa7263,10126462779697,50504960704817,52561822908721,JS221004 968 - A12-6,JS221004 968 - A12,JS221004 968 - A12,no,yes,yes
Palma Maxi Dress - Purple,Size: XS,e17511eb-e59f-43d0-8d85-4e994759098c,10126462779697,50504960573745,52561822777649,JS221004 968 - A12-2,JS221004 968 - A12,JS221004 968 - A12,no,yes,yes
Palma Singlet Maxi Dress - Purple,Size: L,00be2e5f-e23e-4600-a947-60388a9353cd,9228642582833,47878461784369,49926592528689,2023021- 0968 - A6-5,2023021- 0968 - A6,2023021- 0968 - A6,no,yes,yes
Palma Singlet Maxi Dress - Purple,Size: M,63c97188-3186-4029-b754-066e415a1563,9228642582833,47878461751601,49926592495921,2023021- 0968 - A6-4,2023021- 0968 - A6,2023021- 0968 - A6,no,yes,yes
Palma Singlet Maxi Dress - Purple,Size: S,5cdf7390-aa87-4ef3-91d4-e8e7299241b5,9228642582833,47878461718833,49926592463153,2023021- 0968 - A6-3,2023021- 0968 - A6,2023021- 0968 - A6,no,yes,yes
Palma Singlet Maxi Dress - Purple,Size: XS,3c1e2b44-26ad-46a9-9ace-56a37422deee,9228642582833,47878461686065,49926592430385,2023021- 0968 - A6-2,2023021- 0968 - A6,2023021- 0968 - A6,no,yes,yes
Paloma Blouse -  Blue/White,Size: L,3804d4a9-b16f-4d06-9c53-50a59bc9beff,10249938305329,51233154662705,53301441888561,S15-096 933 - A7-5,S15-096 933 - A7,S15-096 933 - A7,no,yes,yes
Paloma Blouse -  Blue/White,Size: M,429ca949-ed40-428f-a6cd-a5d4de929824,10249938305329,51233154629937,53301441855793,S15-096 933 - A7-4,S15-096 933 - A7,S15-096 933 - A7,no,yes,yes
Paloma Blouse -  Blue/White,Size: S,a7521c06-5cef-42ab-97ef-3c9a72fa74ef,10249938305329,51233154597169,53301441823025,S15-096 933 - A7-3,S15-096 933 - A7,S15-096 933 - A7,no,yes,yes
Paloma Blouse -  Blue/White,Size: XS,e980e140-c1f0-438e-8906-d49771b82a9c,10249938305329,51233154564401,53301441790257,S15-096 933 - A7-2,S15-096 933 - A7,S15-096 933 - A7,no,yes,yes
Paloma Blouse - Green/Orange,Size: 10,3ceb7f62-89a9-4ff8-8732-e1c90406382f,10068296859953,50256160424241,52309319024945,2021533-13 - A2-3,2021533-13 - A2,2021533-13 - A2,no,yes,yes
Paloma Blouse - Green/Orange,Size: 12,239e47af-5ae4-4b0e-a901-831a71ff1a5e,10068296859953,50256160457009,52309319057713,2021533-13 - A2-4,2021533-13 - A2,2021533-13 - A2,no,yes,yes
Paloma Blouse - Green/Orange,Size: 14,4e28166b-52c8-42b4-a577-234ed4240319,10068296859953,50256160489777,52309319090481,2021533-13 - A2-5,2021533-13 - A2,2021533-13 - A2,no,yes,yes
Paloma Blouse - Green/Orange,Size: 8,8505e922-a6f5-4bb2-8bc0-a3679cdd9ea0,10068296859953,50256160391473,52309318992177,2021533-13 - A2-2,2021533-13 - A2,2021533-13 - A2,no,yes,yes
Paloma Mini Dress - Green/Orange,Size: 10,3259d2e5-9402-449d-9d98-bc8ab8bd1c1b,10068294336817,50256149315889,52309307916593,201973-137 - A2-3,201973-137 - A2,201973-137 - A2,no,yes,yes
Paloma Mini Dress - Green/Orange,Size: 12,4e46194a-c3d2-4416-9b50-396252204090,10068294336817,50256149348657,52309307949361,201973-137 - A2-4,201973-137 - A2,201973-137 - A2,no,yes,yes
Paloma Mini Dress - Green/Orange,Size: 14,3d7786ad-16a9-4e8e-9ae7-5253ffa8beb3,10068294336817,50256149381425,52309307982129,201973-137 - A2-5,201973-137 - A2,201973-137 - A2,no,yes,yes
Paloma Mini Dress - Green/Orange,Size: 8,b32831af-d28f-4343-83a2-f65ff3f68999,10068294336817,50256149283121,52309307883825,201973-137 - A2-2,201973-137 - A2,201973-137 - A2,no,yes,yes
Paloma Pants - Green/Orange,Size: 10,2e93fc0f-e1e2-4beb-9e48-eeadb08aa542,10068296466737,50256157409585,52309316043057,203625-137 - A2-3,203625-137 - A2,203625-137 - A2,no,yes,yes
Paloma Pants - Green/Orange,Size: 12,8a85baae-5475-4a1d-8b66-e70f590c6c41,10068296466737,50256157442353,52309316075825,203625-137 - A2-4,203625-137 - A2,203625-137 - A2,no,yes,yes
Paloma Pants - Green/Orange,Size: 14,751fd9f2-1911-445e-859d-2bccb660bac5,10068296466737,50256157475121,52309316108593,203625-137 - A2-5,203625-137 - A2,203625-137 - A2,no,yes,yes
Paloma Pants - Green/Orange,Size: 8,418cfdd5-2b40-49cb-963a-38114ad2421f,10068296466737,50256157376817,52309316010289,203625-137 - A2-2,203625-137 - A2,203625-137 - A2,no,yes,yes
Paloma Singlet Maxi Dress - Green/Orange,Size: 10,1888960d-6d6c-4427-a7f1-7d3a8d2bbc84,10068295057713,50256153674033,52309312274737,2012084A-29 - A2-3,2012084A-29 - A2,2012084A-29 - A2,no,yes,yes
Paloma Singlet Maxi Dress - Green/Orange,Size: 12,72125fcf-c0c8-4c1c-bb05-2b2f0ed3928b,10068295057713,50256153706801,52309312307505,2012084A-29 - A2-4,2012084A-29 - A2,2012084A-29 - A2,no,yes,yes
Paloma Singlet Maxi Dress - Green/Orange,Size: 14,61acf751-d310-41f3-b429-28cb74bf2808,10068295057713,50256153739569,52309312340273,2012084A-29 - A2-5,2012084A-29 - A2,2012084A-29 - A2,no,yes,yes
Paloma Singlet Maxi Dress - Green/Orange,Size: 8,87c988f4-6779-43ae-9735-623b9f8ebea4,10068295057713,50256153641265,52309312241969,2012084A-29 - A2-2,2012084A-29 - A2,2012084A-29 - A2,no,yes,yes
Paola Organza Mesh Skirt -Soft Pink,Size: L/12,1940613b-7b01-4987-94c9-a9625151fe96,10192571367729,50747269284145,52816764404017,14491B01 - N-5,14491B01 - N,14491B01 - N,no,yes,yes
Paola Organza Mesh Skirt -Soft Pink,Size: M/10,0ba77171-4088-47f3-b8c7-696fc286c2a7,10192571367729,50747269251377,52816764371249,14491B01 - N-4,14491B01 - N,14491B01 - N,no,yes,yes
Paola Organza Mesh Skirt -Soft Pink,Size: S/8,6c3e464e-e260-48f3-a781-5c72c0b9ee06,10192571367729,50747269218609,52816764338481,14491B01 - N-3,14491B01 - N,14491B01 - N,no,yes,yes
Paola Organza Mesh Skirt -Soft Pink,Size: XS/6,a6441518-263e-44c5-bb61-9c01eadd78da,10192571367729,50747269185841,52816764305713,14491B01 - N-2,14491B01 - N,14491B01 - N,no,yes,yes
Papaya & Lemons Sunset Playsuit - By Frankie,Size: L,a38f6478-d06f-4511-b75c-d77e6ce7992f,10134827434289,50537947169073,52599873831217,1039-51 - A15-5,1039-51 - A15,1039-51 - A15,no,yes,yes
Papaya & Lemons Sunset Playsuit - By Frankie,Size: M,c5e3523b-b549-4474-977e-34b3696fb4d6,10134827434289,50537947136305,52599873798449,1039-51 - A15-4,1039-51 - A15,1039-51 - A15,no,yes,yes
Papaya & Lemons Sunset Playsuit - By Frankie,Size: S,fc811728-85c0-4cd7-96cd-ae73e3c275f9,10134827434289,50537947103537,52599873765681,1039-51 - A15-3,1039-51 - A15,1039-51 - A15,no,yes,yes
Papaya & Lemons Sunset Playsuit - By Frankie,Size: XS,fe77f99d-bfd0-4b75-a28a-9e0bda54be67,10134827434289,50537947070769,52599873732913,1039-51 - A15-2,1039-51 - A15,1039-51 - A15,no,yes,yes
Papaya Tee - By Frankie,Size: L,f057429d-4e38-46dd-8abd-502418685ef1,10197299298609,50763410276657,52833002094897,614-1T -A15-5,614-1T -A15,614-1T -A15,no,yes,yes
Papaya Tee - By Frankie,Size: M,300c4c31-253d-4b13-90d5-8f4c2f737f73,10197299298609,50763410243889,52833002062129,614-1T -A15-4,614-1T -A15,614-1T -A15,no,yes,yes
Papaya Tee - By Frankie,Size: S,98f7753f-4f92-4448-9f0c-df5ef009bef0,10197299298609,50763410211121,52833002029361,614-1T -A15-3,614-1T -A15,614-1T -A15,no,yes,yes
Papaya Tee - By Frankie,Size: XS,2879a6f0-8576-4bb0-b122-4bc053cfac9f,10197299298609,50763410178353,52833001996593,614-1T -A15-2,614-1T -A15,614-1T -A15,no,yes,yes
Paris Black Lace Mini Skirt - By Frankie,Size: L,73efe3ff-73ba-4211-9cbb-07ceac88ef5d,10432374735153,51973390598449,54055012270385,585-3 - BF3-5,585-3 - BF3,585-3 - BF3,no,yes,yes
Paris Black Lace Mini Skirt - By Frankie,Size: M,c92c4e2f-056d-489f-b5cf-9ec7f3cc29a1,10432374735153,51973390565681,54055012237617,585-3 - BF3-4,585-3 - BF3,585-3 - BF3,no,yes,yes
Paris Black Lace Mini Skirt - By Frankie,Size: S,4e0c3d84-a14e-44e4-b617-c085889eb7df,10432374735153,51973390532913,54055012204849,585-3 - BF3-3,585-3 - BF3,585-3 - BF3,no,yes,yes
Paris Black Lace Mini Skirt - By Frankie,Size: XS,6ab4a17a-5900-4fa6-9678-ce10c72b783a,10432374735153,51973390500145,54055012172081,585-3 - BF3-2,585-3 - BF3,585-3 - BF3,no,yes,yes
Paris Khaki Lace Mini Skirt - By Frankie,Size: L,3a13d087-40a2-4ab5-b67e-03d670f9db12,10624720470321,53227345609009,55329773125937,585-8 - BF3-5,585-8 - BF3,585-8 - BF3,no,yes,yes
Paris Khaki Lace Mini Skirt - By Frankie,Size: M,42536a29-0095-4946-b068-f2691a86e1e3,10624720470321,53227345576241,55329773093169,585-8 - BF3-4,585-8 - BF3,585-8 - BF3,no,yes,yes
Paris Khaki Lace Mini Skirt - By Frankie,Size: S,03d7b4fb-66aa-4e7a-82ab-3189884c25cb,10624720470321,53227345543473,55329773060401,585-8 - BF3-3,585-8 - BF3,585-8 - BF3,no,yes,yes
Paris Khaki Lace Mini Skirt - By Frankie,Size: XS,17d16a5e-3772-4a84-89ac-56dcf3a1cb55,10624720470321,53227345510705,55329773027633,585-8 - BF3-2,585-8 - BF3,585-8 - BF3,no,yes,yes
Paris Lace Choc Brown Mini Skirt - By Frankie,Size: L,64645123-7368-4247-bb94-3ef889db9054,10444311494961,52009271394609,54099264700721,48-4 - BF3-5,48-4 - BF3,48-4 - BF3,no,yes,yes
Paris Lace Choc Brown Mini Skirt - By Frankie,Size: M,0252bd9b-110f-4cba-832f-2ac940e56a54,10444311494961,52009271361841,54099264667953,48-4 - BF3-4,48-4 - BF3,48-4 - BF3,no,yes,yes
Paris Lace Choc Brown Mini Skirt - By Frankie,Size: S,0b8b19ed-9f15-4f59-8d4b-1469d52dd23e,10444311494961,52009271329073,54099264635185,48-4 - BF3-3,48-4 - BF3,48-4 - BF3,no,yes,yes
Paris Lace Choc Brown Mini Skirt - By Frankie,Size: XS,8ef36966-b79e-4d9c-b2d0-36a414b6f895,10444311494961,52009271296305,54099264602417,48-4 - BF3-2,48-4 - BF3,48-4 - BF3,no,yes,yes
Paris Lace Pink Mini Skirt - By Frankie,Size: L,ba58fa00-7fcb-4d7b-9426-176a3aaf5877,10446785216817,52015802220849,54105890783537,585-2 - BF3-10,585-2 - BF3,585-2 - BF3,no,yes,yes
Paris Lace Pink Mini Skirt - By Frankie,Size: M,2ce40cdd-cdd7-4fd4-a1ee-735b262d45f7,10446785216817,52015802188081,54105890750769,585-2 - BF3-9,585-2 - BF3,585-2 - BF3,no,yes,yes
Paris Lace Pink Mini Skirt - By Frankie,Size: S,f3883df6-f14d-4811-801f-8563ef334eb4,10446785216817,52015802155313,54105890718001,585-2 - BF3-8,585-2 - BF3,585-2 - BF3,no,yes,yes
Paris Lace Pink Mini Skirt - By Frankie,Size: XS,737cef8b-e4b0-4f65-9beb-ad6603c55bed,10446785216817,52015802122545,54105890685233,585-2 - BF3-7,585-2 - BF3,585-2 - BF3,no,yes,yes
Paris Ria Lace Mini Skirt - By Frankie,Size: L,aa37b4eb-ab75-430d-931a-301fac53d1a8,10468297015601,52117874606385,54208853868849,MKT-47,MKT,MKT,no,yes,yes
Paris Ria Lace Mini Skirt - By Frankie,Size: M,6b6d732f-289a-435a-a1ce-12d110d78441,10468297015601,52117874573617,54208853836081,MKT-46,MKT,MKT,no,yes,yes
Paris Ria Lace Mini Skirt - By Frankie,Size: S,1c484383-ff3e-4593-ad6f-9aa2c9a7df20,10468297015601,52117874540849,54208853803313,MKT-45,MKT,MKT,no,yes,yes
Paris Ria Lace Mini Skirt - By Frankie,Size: XS,94da8b9c-759c-4673-b067-07534a711f22,10468297015601,52117874508081,54208853770545,MKT-44,MKT,MKT,no,yes,yes
Paris Silk Midi Dress - Pink,Size: L/14,0250edf1-9c90-46a0-b6d7-7efabdeeb218,9955783115057,49836525551921,51886102708529,2521 2166-5,2521 2166,2521 2166,no,yes,yes
Paris Silk Midi Dress - Pink,Size: M/12,2e3d9410-2177-4502-a0b6-e09cfaa349c8,9955783115057,49836525519153,51886102675761,2521 2166-4,2521 2166,2521 2166,no,yes,yes
Paris Silk Midi Dress - Pink,Size: S/10,47f41de5-bf05-4907-bcf5-226ee114c837,9955783115057,49836525486385,51886102642993,2521 2166-3,2521 2166,2521 2166,no,yes,yes
Paris Silk Midi Dress - Pink,Size: XS/8,29280fed-fb3f-4d23-b797-de8c4f020866,9955783115057,49836525453617,51886102610225,2521 2166-2,2521 2166,2521 2166,no,yes,yes
Paris White Lace Mini Skirt - By Frankie,Size: L,a1298df1-c63b-4aa7-9d33-b1af14f3717c,10432425689393,51973759959345,54055388152113,585-4 - BF3-5,585-4 - BF3,585-4 - BF3,no,yes,yes
Paris White Lace Mini Skirt - By Frankie,Size: M,f6edbae1-9f20-4239-bf80-4e7289be0a2d,10432425689393,51973759926577,54055388119345,585-4 - BF3-4,585-4 - BF3,585-4 - BF3,no,yes,yes
Paris White Lace Mini Skirt - By Frankie,Size: S,c2368079-b1e8-4c72-a40f-74bf9fb20f03,10432425689393,51973759893809,54055388086577,585-4 - BF3-3,585-4 - BF3,585-4 - BF3,no,yes,yes
Paris White Lace Mini Skirt - By Frankie,Size: XS,4dd7f83a-7c8e-421a-8e2c-59cd7aa8a2e5,10432425689393,51973759861041,54055388053809,585-4 - BF3-2,585-4 - BF3,585-4 - BF3,no,yes,yes
Paris Yellow Lace Mini Skirt - By Frankie,Size: L,dc7f2b3f-8ef0-4edd-bb51-a4c603615a20,10411454005553,51889930305841,53965714948401,585-2 - BF3-5,585-2 - BF3,585-2 - BF3,no,yes,yes
Paris Yellow Lace Mini Skirt - By Frankie,Size: M,f7981ecd-004e-4cdc-b2f9-253b76ee7208,10411454005553,51889930273073,53965714915633,585-2 - BF3-4,585-2 - BF3,585-2 - BF3,no,yes,yes
Paris Yellow Lace Mini Skirt - By Frankie,Size: S,fb028330-706b-4534-80b8-54f8deb45bb6,10411454005553,51889930240305,53965714882865,585-2 - BF3-3,585-2 - BF3,585-2 - BF3,no,yes,yes
Paris Yellow Lace Mini Skirt - By Frankie,Size: XL,f4d33d4b-79f5-4e53-9055-0217605e8d9d,10411454005553,51889930338609,53965714981169,585-2 - BF3-6,585-2 - BF3,585-2 - BF3,no,yes,yes
Paris Yellow Lace Mini Skirt - By Frankie,Size: XS,6007d040-9470-410f-abca-4ac775ed4e04,10411454005553,51889930207537,53965714850097,585-2 - BF3-2,585-2 - BF3,585-2 - BF3,no,yes,yes
Payten Singlet Maxi Dress - Blue,Size: L/12,1c8401ae-db59-4776-b663-0a02e3873042,10103628955953,50396969435441,52451770204465,JS2023036 - 1097 - A4-5,JS2023036 - 1097 - A4,JS2023036 - 1097 - A4,no,yes,yes
Payten Singlet Maxi Dress - Blue,Size: M/10,9dcb5ab6-495b-4d05-91e2-c525ed85734f,10103628955953,50396969402673,52451770171697,JS2023036 - 1097 - A4-4,JS2023036 - 1097 - A4,JS2023036 - 1097 - A4,no,yes,yes
Payten Singlet Maxi Dress - Blue,Size: S/8,bada3774-5b76-4d13-b2a4-95d058e97403,10103628955953,50396969369905,52451770138929,JS2023036 - 1097 - A4-3,JS2023036 - 1097 - A4,JS2023036 - 1097 - A4,no,yes,yes
Payten Singlet Maxi Dress - Blue,Size: XS/6,d67d33df-b48a-4433-9200-a2c266c1a505,10103628955953,50396969337137,52451770106161,JS2023036 - 1097 - A4-2,JS2023036 - 1097 - A4,JS2023036 - 1097 - A4,no,yes,yes
Peacock Kimono - Blue/Peach,Size: M/L,f8e4454e-b2f1-401d-bd78-3e0555a2c5f3,7340462506141,42175750733981,44274374115485,C019648 - B2-2,C019648 - B2,C019648 - B2,no,yes,yes
Pepper Mini Dress - Blue/Aqua,Size: L,9b24c78e-c99a-4c73-ae74-e01b5ace0e17,8093266215217,44221106061617,46268732014897,JS810145#901 - H-4,JS810145#901 - H,JS810145#901 - H,no,yes,yes
Pepper Mini Dress - Blue/Aqua,Size: M,cd30ef0a-ae9c-45f9-a116-8a51a0fe6b4c,8093266215217,44221106028849,46268731982129,JS810145#901 - H-3,JS810145#901 - H,JS810145#901 - H,no,yes,yes
Pepper Mini Dress - Blue/Aqua,Size: S,fc292342-bf0d-4d2d-9812-67a760e02037,8093266215217,44221105996081,46268731949361,JS810145#901 - H-2,JS810145#901 - H,JS810145#901 - H,no,yes,yes
Pepper Mini Dress - Blue/Aqua,Size: XL,67566790-5799-4dfc-93e6-e62987cd83a7,8093266215217,44221106127153,46268732047665,JS810145#901 - H-5,JS810145#901 - H,JS810145#901 - H,no,yes,yes
Pernilla Maxi Dress - Sky Blue,Size: L,aec8170b-4d1b-470e-8e9d-ac95aecd5430,8990862999857,47282464620849,49331482100017,JS810347#932 - A5-5,JS810347#932 - A5,JS810347#932 - A5,no,yes,yes
Pernilla Maxi Dress - Sky Blue,Size: M,0d861a4e-c1b3-4839-bbc5-bf6941735081,8990862999857,47282464588081,49331482067249,JS810347#932 - A5-4,JS810347#932 - A5,JS810347#932 - A5,no,yes,yes
Pernilla Maxi Dress - Sky Blue,Size: S,ca41508a-9fe8-4703-8245-551797615102,8990862999857,47282464555313,49331482034481,JS810347#932 - A5-3,JS810347#932 - A5,JS810347#932 - A5,no,yes,yes
Pernilla Maxi Dress - Sky Blue,Size: XS,b90e55bf-1526-4e6c-ade4-779f64fdc0f7,8990862999857,47282464522545,49331482001713,JS810347#932 - A5-2,JS810347#932 - A5,JS810347#932 - A5,no,yes,yes
Peta Cardi - Beige,Size: S/M,4a85c9d4-5c4f-4835-b462-ca158de27d2c,9502007329073,48763385643313,50810776551729,CA0102 - C1-2,CA0102 - C1,CA0102 - C1,no,yes,yes
Peta Cardi - Green/Blue,Size: S/M,d8f439bf-47ce-4528-9443-f4cb07319323,9547652890929,48855893442865,50903275241777,CA0099 - C1-2,CA0099 - C1,CA0099 - C1,no,yes,yes
Peta Cardi - Grey/Black,Size: S/M,07b3b617-4973-4747-b94b-fec7ea7d56f0,9547662819633,48855910383921,50903292182833,CA0100 - C1-2,CA0100 - C1,CA0100 - C1,no,yes,yes
Peta Cardi - Pink/Red,Size: S/M,fb29f0f7-afa6-4a0e-bccb-7a87873ab0b1,9595602436401,48956753674545,51003973370161,CA0103 - C1-2,CA0103 - C1,CA0103 - C1,no,yes,yes
Peta Mini Dress - Multi,Size: 10,616ce7d9-53b0-4e6f-b1d2-4340fef70bfb,10177202094385,50706752307505,52776257880369,MO3350 - L-3,MO3350 - L,MO3350 - L,no,yes,yes
Peta Mini Dress - Multi,Size: 12,174ac3f2-4642-4dc1-92d6-3598f76454c3,10177202094385,50706752340273,52776257913137,MO3350 - L-4,MO3350 - L,MO3350 - L,no,yes,yes
Peta Mini Dress - Multi,Size: 14,60aeac19-2fcc-47a7-8d75-83e31f9ba937,10177202094385,50706752373041,52776257945905,MO3350 - L-5,MO3350 - L,MO3350 - L,no,yes,yes
Peta Mini Dress - Multi,Size: 8,c35d4520-acce-466a-9bb4-5ef1a4e1cb79,10177202094385,50706752274737,52776257847601,MO3350 - L-2,MO3350 - L,MO3350 - L,no,yes,yes
Phoenix Mini Dress - White/Blue,Size: 10,195e0787-96cc-4ff1-8cb9-9d4f1a83d60d,10226927665457,51126936273201,53196564726065,201952A-3 - I-3,201952A-3 - I,201952A-3 - I,no,yes,yes
Phoenix Mini Dress - White/Blue,Size: 12,37d1a9f4-c1da-4b9c-b70e-06eb36fae737,10226927665457,51126936305969,53196564758833,201952A-3 - I-4,201952A-3 - I,201952A-3 - I,no,yes,yes
Phoenix Mini Dress - White/Blue,Size: 14,c008a18e-a4b4-4552-8751-bf287788a0a9,10226927665457,51126936338737,53196564791601,201952A-3 - I-5,201952A-3 - I,201952A-3 - I,no,yes,yes
Phoenix Mini Dress - White/Blue,Size: 8,dbd5908c-e41a-4d3b-ae1f-4c5b7e40e4b3,10226927665457,51126936240433,53196564693297,201952A-3 - I-2,201952A-3 - I,201952A-3 - I,no,yes,yes
Phoenix Print Shirt - White/Blue,Size: 10,23acd30e-aa48-405e-9c0c-3a9009642ee4,10226927337777,51126919168305,53196547588401,2021696A-25 - I-3,2021696A-25 - I,2021696A-25 - I,no,yes,yes
Phoenix Print Shirt - White/Blue,Size: 12,26bfe652-5b89-4c2c-8ecb-1ef7dc33bd28,10226927337777,51126919201073,53196547621169,2021696A-25 - I-4,2021696A-25 - I,2021696A-25 - I,no,yes,yes
Phoenix Print Shirt - White/Blue,Size: 14,ce1eeee1-0bec-49fe-a9e9-27a80f15b659,10226927337777,51126919233841,53196547653937,2021696A-25 - I-5,2021696A-25 - I,2021696A-25 - I,no,yes,yes
Phoenix Print Shirt - White/Blue,Size: 8,d2b5f1d7-eca1-430e-9de2-5bf5470cbfc7,10226927337777,51126919135537,53196547555633,2021696A-25 - I-2,2021696A-25 - I,2021696A-25 - I,no,yes,yes
Phoenix Print Shorts - White/Blue,Size: 10,c9cd109d-40db-49ff-a138-78b72a08a765,10226927108401,51126907470129,53196535890225,2032412-7 - I-3,2032412-7 - I,2032412-7 - I,no,yes,yes
Phoenix Print Shorts - White/Blue,Size: 12,634a40da-642d-40bb-a5fd-a142fbaffb6a,10226927108401,51126907502897,53196535922993,2032412-7 - I-4,2032412-7 - I,2032412-7 - I,no,yes,yes
Phoenix Print Shorts - White/Blue,Size: 14,8ff82c00-7a95-4603-8413-a7411cad6c03,10226927108401,51126907535665,53196535955761,2032412-7 - I-5,2032412-7 - I,2032412-7 - I,no,yes,yes
Phoenix Print Shorts - White/Blue,Size: 8,175ae30e-885f-4ceb-b754-c047d617840c,10226927108401,51126907437361,53196535857457,2032412-7 - I-2,2032412-7 - I,2032412-7 - I,no,yes,yes
Pink & Blue Hearts Racer Pants - By Frankie,Size: L,df96ad80-0eea-4377-840b-f3a5a367e750,10424541118769,51939883843889,54016864485681,760-1 - A15-5,760-1 - A15,760-1 - A15,no,yes,yes
Pink & Blue Hearts Racer Pants - By Frankie,Size: M,5762b4f1-7029-4321-b8fb-23257ca557e4,10424541118769,51939883811121,54016864452913,760-1 - A15-4,760-1 - A15,760-1 - A15,no,yes,yes
Pink & Blue Hearts Racer Pants - By Frankie,Size: S,727b7fb0-5412-4863-94da-9d3ebd20577b,10424541118769,51939883778353,54016864420145,760-1 - A15-3,760-1 - A15,760-1 - A15,no,yes,yes
Pink & Blue Hearts Racer Pants - By Frankie,Size: XS,ef61865d-c0f4-4851-bf0b-52525c4d1024,10424541118769,51939883745585,54016864387377,760-1 - A15-2,760-1 - A15,760-1 - A15,no,yes,yes
Pink Boob Tube Skort Set - By Frankie,Size: L,10979b2f-0a84-4b5d-8930-fd819f0a4c07,10118152421681,50465407238449,52520835809585,162-1 - B11-5,162-1 - B11,162-1 - B11,no,yes,yes
Pink Boob Tube Skort Set - By Frankie,Size: M,817bd3ab-898f-444f-a0a9-e46772499465,10118152421681,50465407205681,52520835776817,162-1 - B11-4,162-1 - B11,162-1 - B11,no,yes,yes
Pink Boob Tube Skort Set - By Frankie,Size: S,093a794d-2c40-4069-8d0e-18d236ab643c,10118152421681,50465407172913,52520835744049,162-1 - B11-3,162-1 - B11,162-1 - B11,no,yes,yes
Pink Boob Tube Skort Set - By Frankie,Size: XS,2a327a06-eb63-43b4-9c6b-6d1f555d68a7,10118152421681,50465407140145,52520835711281,162-1 - B11-2,162-1 - B11,162-1 - B11,no,yes,yes
Pink Mermaid Tee - By Frankie,Size: L,01bf1df2-a5a0-427f-a3cf-7b2022fb1b9a,10749575561521,55594171400497,57709610795313,780-30T - A18-5,780-30T - A18,780-30T - A18,no,yes,yes
Pink Mermaid Tee - By Frankie,Size: M,414d9a59-b329-4b48-bce8-03c92f0382e7,10749575561521,55594171367729,57709610762545,780-30T - A18-4,780-30T - A18,780-30T - A18,no,yes,yes
Pink Mermaid Tee - By Frankie,Size: S,3b1930d6-0a27-4cd1-ade8-c2cd0fe726ee,10749575561521,55594171334961,57709610729777,780-30T - A18-3,780-30T - A18,780-30T - A18,no,yes,yes
Pink Mermaid Tee - By Frankie,Size: XS,2104df36-501b-450c-b5be-8ee7719485e7,10749575561521,55594171302193,57709610697009,780-30T - A18-2,780-30T - A18,780-30T - A18,no,yes,yes
Pink Shells Set - By Frankie,Size: L,ae1370cf-a00d-4620-9a38-37d8a9a85e94,10138710016305,50552504647985,52615787217201,P801-50-T4-5,P801-50-T4,P801-50-T4,no,yes,yes
Pink Shells Set - By Frankie,Size: M,daf27133-a6c4-4cb8-ad93-cf2356f7b877,10138710016305,50552504615217,52615787184433,P801-50-T4-4,P801-50-T4,P801-50-T4,no,yes,yes
Pink Shells Set - By Frankie,Size: S,8e0bdede-9db4-4844-8c05-07525a462426,10138710016305,50552504582449,52615787151665,P801-50-T4-3,P801-50-T4,P801-50-T4,no,yes,yes
Pink Shells Set - By Frankie,Size: XS,567c0dc3-4eda-44e4-841d-8fdc800bf880,10138710016305,50552504549681,52615787118897,P801-50-T4-2,P801-50-T4,P801-50-T4,no,yes,yes
Pink/White Stripe Shorts with Red Hearts - By Frankie,Size: L,6fb39a07-397d-416a-8ac3-4efca239a22c,10429424927025,51959164928305,54036841103665,610-3 B4-5,610-3 B4,610-3 B4,no,yes,yes
Pink/White Stripe Shorts with Red Hearts - By Frankie,Size: M,64b32e54-1433-4e09-9b85-de7ff74be1c4,10429424927025,51959164895537,54036841070897,610-3 B4-4,610-3 B4,610-3 B4,no,yes,yes
Pink/White Stripe Shorts with Red Hearts - By Frankie,Size: S,c3f646f2-63b1-430f-97b0-30a4f3fd9002,10429424927025,51959164862769,54036841038129,610-3 B4-3,610-3 B4,610-3 B4,no,yes,yes
Pink/White Stripe Shorts with Red Hearts - By Frankie,Size: XS,0f9cf692-3dbb-4717-8e7a-38f7787b54da,10429424927025,51959164830001,54036841005361,610-3 B4-2,610-3 B4,610-3 B4,no,yes,yes
Polly Linen Top - White,Size: L,fb1b9595-8f2f-415e-9f4f-787704bb1cd6,7191364763805,41594520404125,43691490279581,Polly Linen top Box 2 GDS-4,Polly Linen top Box 2 GDS,Polly Linen top Box 2 GDS,no,yes,yes
Polly Linen Top - White,Size: M,4d969c71-a6d2-4ecc-b5dd-5fd45a47e89c,7191364763805,41594520371357,43691490246813,Polly Linen top Box 2 GDS-3,Polly Linen top Box 2 GDS,Polly Linen top Box 2 GDS,no,yes,yes
Polly Linen Top - White,Size: S,040f8fd5-fe01-4890-ab41-fc0544900bcf,7191364763805,41594520338589,43691490214045,Polly Linen top Box 2 GDS-2,Polly Linen top Box 2 GDS,Polly Linen top Box 2 GDS,no,yes,yes
Polly Linen Top - White,Size: XL,f7e21933-6f03-4d4a-89db-93efa9964984,7191364763805,41594520436893,43691490312349,Polly Linen top Box 2 GDS-5,Polly Linen top Box 2 GDS,Polly Linen top Box 2 GDS,no,yes,yes
Poppy Off The Shoulder Top,Size: L,c5d1c5b7-60bf-4b34-b65b-ad4fec241535,6743512154269,40098843656349,42194603376797,JA81 - A12-9,JA81 - A12,JA81 - A12,no,yes,yes
Poppy Off The Shoulder Top,Size: M,20030fc1-4386-45fd-8747-c14d3415d22c,6743512154269,40098843623581,42194603344029,JA81 - A12-8,JA81 - A12,JA81 - A12,no,yes,yes
Poppy Off The Shoulder Top,Size: S,6d6484a4-5a7d-49ed-b27a-8de4f8a84724,6743512154269,40098843558045,42194603311261,JA81 - A12-7,JA81 - A12,JA81 - A12,no,yes,yes
Poppy Off The Shoulder Top,Size: XL,bdfbec72-640f-43de-bcb3-b92e9be41106,6743512154269,40098843689117,42194603409565,JA81 - A12-10,JA81 - A12,JA81 - A12,no,yes,yes
Poppy Off The Shoulder Top,Size: XS,0a34f741-495d-4c54-b652-b938045e2e7a,6743512154269,40098843525277,42194603278493,JA81 - A12-6,JA81 - A12,JA81 - A12,no,yes,yes
Priya Maxi Dress - Blue,Size: L,c805a533-2ac2-4852-a879-078c6d7965cc,8119981867313,44267162403121,46314800546097,JA506 - A6-4,JA506 - A6,JA506 - A6,no,yes,yes
Priya Maxi Dress - Blue,Size: M,4b70e83d-cc51-46f2-a413-7404168592bf,8119981867313,44267162370353,46314800513329,JA506 - A6-3,JA506 - A6,JA506 - A6,no,yes,yes
Priya Maxi Dress - Blue,Size: S,e43201e4-08f9-41d2-8681-347d279e4787,8119981867313,44267162337585,46314800480561,JA506 - A6-2,JA506 - A6,JA506 - A6,no,yes,yes
Priya Maxi Dress - Blue,Size: XL,7d8235e4-f371-44d5-9683-5a3e2cbfbc1c,8119981867313,44267162435889,46314800578865,JA506 - A6-5,JA506 - A6,JA506 - A6,no,yes,yes
Priya Sleeveless Maxi Dress - Blue,Size: L,d8ab545b-f158-4061-82e0-64ccf476b2b8,8119978164529,44267153916209,46314792091953,JA507 - A8-4,JA507 - A8,JA507 - A8,no,yes,yes
Priya Sleeveless Maxi Dress - Blue,Size: M,ff71bad0-6e91-4f77-811d-403a416d4f47,8119978164529,44267153883441,46314792059185,JA507 - A8-3,JA507 - A8,JA507 - A8,no,yes,yes
Priya Sleeveless Maxi Dress - Blue,Size: S,8a60a966-fe60-4584-9d34-66c8f3899ff4,8119978164529,44267153850673,46314792026417,JA507 - A8-2,JA507 - A8,JA507 - A8,no,yes,yes
Priya Sleeveless Maxi Dress - Blue,Size: XL,bcd2ab59-f4a2-424b-82ec-c227c3f34e93,8119978164529,44267153948977,46314792124721,JA507 - A8-5,JA507 - A8,JA507 - A8,no,yes,yes
Rae Black/Grey Stripe Long Sleeve Top - By Frankie,Size: L,60753cf5-d0e7-4dec-933e-3075a0342b3b,10664116584753,54089915236657,56197139693873,971-1 - A19-5,971-1 - A19,971-1 - A19,no,yes,yes
Rae Black/Grey Stripe Long Sleeve Top - By Frankie,Size: M,b768e5ed-88d3-4f08-b29f-af4fb0e98fd0,10664116584753,54089915203889,56197139661105,971-1 - A19-4,971-1 - A19,971-1 - A19,no,yes,yes
Rae Black/Grey Stripe Long Sleeve Top - By Frankie,Size: S,67fa75a1-d429-4c63-bfcd-fedab83e06bb,10664116584753,54089915171121,56197139628337,971-1 - A19-3,971-1 - A19,971-1 - A19,no,yes,yes
Rae Black/Grey Stripe Long Sleeve Top - By Frankie,Size: XS,6a4d4f8b-4876-42d3-8524-57d09f826a96,10664116584753,54089915138353,56197139595569,971-1 - A19-2,971-1 - A19,971-1 - A19,no,yes,yes
Rae Stripe Long Sleeve Top - By Frankie,Size: L,6168b37b-5639-4482-8acf-4672eaa26423,10663429734705,54071050993969,56178170593585,971-2 - B10-5,971-2 - B10,971-2 - B10,no,yes,yes
Rae Stripe Long Sleeve Top - By Frankie,Size: M,ff35876e-bae8-4d0e-acc7-78aa5f1a2dc5,10663429734705,54071050961201,56178170560817,971-2 - B10-4,971-2 - B10,971-2 - B10,no,yes,yes
Rae Stripe Long Sleeve Top - By Frankie,Size: S,7d83a57e-26d3-4b64-ae9f-8a7468f94efa,10663429734705,54071050928433,56178170528049,971-2 - B10-3,971-2 - B10,971-2 - B10,no,yes,yes
Rae Stripe Long Sleeve Top - By Frankie,Size: XS,a2f23b80-6422-4279-9a27-82605238ef77,10663429734705,54071050895665,56178170495281,971-2 - B10-2,971-2 - B10,971-2 - B10,no,yes,yes
Raina Lace Dress - White,Size: L,865c2634-b428-453f-8f64-f3d69dd6644c,7380484489373,42305153958045,44403711475869,280 4318 Box 6 GDS-4,280 4318 Box 6 GDS,280 4318 Box 6 GDS,no,yes,yes
Raina Lace Dress - White,Size: M,9a488777-b42b-414d-8b8f-748c8e3ae423,7380484489373,42305153925277,44403711443101,280 4318 Box 6 GDS-3,280 4318 Box 6 GDS,280 4318 Box 6 GDS,no,yes,yes
Raina Lace Dress - White,Size: S,dc538e3e-10c6-40a8-97b3-479ff94dcc84,7380484489373,42305153892509,44403711410333,280 4318 Box 6 GDS-2,280 4318 Box 6 GDS,280 4318 Box 6 GDS,no,yes,yes
Raina Lace Dress - White,Size: XL,3a00917f-3e75-483a-85fa-4c275611934f,7380484489373,42305153990813,44403711508637,280 4318 Box 6 GDS-5,280 4318 Box 6 GDS,280 4318 Box 6 GDS,no,yes,yes
Rainforest Camo Racer Pants - By Frankie,Size: L,98a9107d-326a-4ac5-b279-6280a5e28f24,10743548510513,55476142997809,57590917234993,526-45 - A14-5,526-45 - A14,526-45 - A14,no,yes,yes
Rainforest Camo Racer Pants - By Frankie,Size: M,fe0febb4-90e7-4051-9c5e-3de22dfb8497,10743548510513,55476142965041,57590917202225,526-45 - A14-4,526-45 - A14,526-45 - A14,no,yes,yes
Rainforest Camo Racer Pants - By Frankie,Size: S,ef4122b1-6415-46c1-85dc-1cd25a566974,10743548510513,55476142932273,57590917169457,526-45 - A14-3,526-45 - A14,526-45 - A14,no,yes,yes
Rainforest Camo Racer Pants - By Frankie,Size: XS,3ef3f248-6b7d-4078-ac53-901b86a34b06,10743548510513,55476142899505,57590917136689,526-45 - A14-2,526-45 - A14,526-45 - A14,no,yes,yes
Ray Off The Shoulder Top - Cream,Size: S/M,1247f326-1c72-4cb9-b7c4-3cf72a25d079,10409730605361,51883442241841,53956537057585,M24215 B4-3,M24215 B4,M24215 B4,no,yes,yes
Ray Off The Shoulder Top - Cream,Size: XS/S,34ac6e5b-78e8-4bf6-90e6-b678e46b0a5a,10409730605361,51883442209073,53956537024817,M24215 B4-2,M24215 B4,M24215 B4,no,yes,yes
Raya Playsuit - Natural Linen,Size: 10,81257563-d910-488e-a344-5347e1da9e27,10187861393713,50732916048177,52802402287921,2012301-11   A1-3,2012301-11   A1,2012301-11   A1,no,yes,yes
Raya Playsuit - Natural Linen,Size: 12,a699eb87-ac5d-4f8b-8b22-ef2bbe203573,10187861393713,50732916080945,52802402320689,2012301-11   A1-4,2012301-11   A1,2012301-11   A1,no,yes,yes
Raya Playsuit - Natural Linen,Size: 14,649c8938-21a5-42e6-ba6f-ef9d62703c64,10187861393713,50732916113713,52802402353457,2012301-11   A1-5,2012301-11   A1,2012301-11   A1,no,yes,yes
Raya Playsuit - Natural Linen,Size: 8,99a40c95-65f1-4639-b1a0-468e4a179e0f,10187861393713,50732916015409,52802402255153,2012301-11   A1-2,2012301-11   A1,2012301-11   A1,no,yes,yes
Rebecca Black Pants Set - By Frankie,Size: L,265c0adf-be67-4a7d-a25f-9cd22421de25,10377907634481,51753804366129,53824476741937,574-1 - BF4-5,574-1 - BF4,574-1 - BF4,no,yes,yes
Rebecca Black Pants Set - By Frankie,Size: M,ed5ed9d8-e7c2-4e25-9d07-cffe8ee90850,10377907634481,51753804333361,53824476709169,574-1 - BF4-4,574-1 - BF4,574-1 - BF4,no,yes,yes
Rebecca Black Pants Set - By Frankie,Size: S,9dc6bed9-167e-4cdb-a14c-e49dae147c29,10377907634481,51753804300593,53824476676401,574-1 - BF4-3,574-1 - BF4,574-1 - BF4,no,yes,yes
Rebecca Black Pants Set - By Frankie,Size: XS,1f4ec88c-9c7e-4d64-b326-abdc78075a91,10377907634481,51753804267825,53824476643633,574-1 - BF4-2,574-1 - BF4,574-1 - BF4,no,yes,yes
Rebecca Brown Pants Set - By Frankie,Size: L,3667c857-c74c-433f-9f15-48d2c11bd859,10377907601713,51753804202289,53824476578097,574-4-5,574-4,574-4,no,yes,yes
Rebecca Brown Pants Set - By Frankie,Size: M,abea2d78-e7d8-4698-b92d-dd1799a504bf,10377907601713,51753804169521,53824476545329,574-4-4,574-4,574-4,no,yes,yes
Rebecca Brown Pants Set - By Frankie,Size: S,f76af643-ab03-492d-8f69-71977322b345,10377907601713,51753804136753,53824476512561,574-4-3,574-4,574-4,no,yes,yes
Rebecca Brown Pants Set - By Frankie,Size: XS,58fb8f71-82f8-4871-8b89-423b91cb2831,10377907601713,51753804103985,53824476479793,574-4-2,574-4,574-4,no,yes,yes
Rebecca Oatmeal Pants Set - By Frankie,Size: L,cb07c981-af7b-46da-8f6f-e06d1e79f36c,10377907732785,51753804628273,53824477004081,574-2 - BF2-5,574-2 - BF2,574-2 - BF2,no,yes,yes
Rebecca Oatmeal Pants Set - By Frankie,Size: M,34e112ad-2f26-473f-9370-cd798de2ddd5,10377907732785,51753804595505,53824476971313,574-2 - BF2-4,574-2 - BF2,574-2 - BF2,no,yes,yes
Rebecca Oatmeal Pants Set - By Frankie,Size: S,0ea27dfc-7a66-4a75-84d7-d6e64b9c44ab,10377907732785,51753804562737,53824476938545,574-2 - BF2-3,574-2 - BF2,574-2 - BF2,no,yes,yes
Rebecca Oatmeal Pants Set - By Frankie,Size: XS,c76bf840-c2da-4c6c-b78f-af94b70837de,10377907732785,51753804529969,53824476905777,574-2 - BF2-2,574-2 - BF2,574-2 - BF2,no,yes,yes
Reds Racer Pants - By Frankie,Size: L,03edae4d-b174-4124-953f-ca8746deee24,10197513011505,50764915966257,52834507227441,555 - A15-5,555 - A15,555 - A15,no,yes,yes
Reds Racer Pants - By Frankie,Size: M,c8e539c3-c00e-41cf-9442-8863490566b4,10197513011505,50764915933489,52834507194673,555 - A15-4,555 - A15,555 - A15,no,yes,yes
Reds Racer Pants - By Frankie,Size: S,184c5818-0748-4ac9-8732-daa0192d0725,10197513011505,50764915900721,52834507161905,555 - A15-3,555 - A15,555 - A15,no,yes,yes
Reds Racer Pants - By Frankie,Size: XS,8835f1ca-c51a-4e74-9058-923df9ad32cc,10197513011505,50764915867953,52834507129137,555 - A15-2,555 - A15,555 - A15,no,yes,yes
Remi Relaxed Dress/Top,Size: 10,a46ab67e-a45d-48df-8987-365674ed3466,7059865272477,41135719645341,43231904465053,A56100 - C-2,A56100 - C,A56100 - C,no,yes,yes
Remi Relaxed Dress/Top,Size: 12,0f5f98a3-f35d-4e94-ad7b-68f6e569d841,7059865272477,41135719678109,43231904530589,A56100 - C-3,A56100 - C,A56100 - C,no,yes,yes
Remi Relaxed Dress/Top,Size: 14,87ef6efc-2a30-4334-8e6c-cc6d140f1c0e,7059865272477,41135719710877,43231904563357,A56100 - C-4,A56100 - C,A56100 - C,no,yes,yes
Remi Relaxed Dress/Top,Size: 16,d99cd82f-41f2-4fab-80df-5eac4547cf9d,7059865272477,41135719743645,43231904596125,A56100 - C-5,A56100 - C,A56100 - C,no,yes,yes
Remi Shirt - By Frankie,Size: L,f903d81e-be5c-45b6-af72-8f392e3f98d4,10585631162673,52919335059761,55019927404849,586-1 - A2-5,586-1 - A2,586-1 - A2,no,yes,yes
Remi Shirt - By Frankie,Size: M,67051e8f-e684-4351-86f0-ecc58364f8b1,10585631162673,52919335026993,55019927372081,586-1 - A2-4,586-1 - A2,586-1 - A2,no,yes,yes
Remi Shirt - By Frankie,Size: S,f7def0cc-81cf-4dab-8674-5a03eb10e9c8,10585631162673,52919334994225,55019927339313,586-1 - A2-3,586-1 - A2,586-1 - A2,no,yes,yes
Remi Shirt - By Frankie,Size: XL,fb38d172-83d8-42e3-818e-2790a0516dbc,10585631162673,52919335092529,55019927437617,586-1 - A2-6,586-1 - A2,586-1 - A2,no,yes,yes
Remi Shirt - By Frankie,Size: XS,d8534a68-04ef-4049-b6e4-543c06589e22,10585631162673,52919334961457,55019927306545,586-1 - A2-2,586-1 - A2,586-1 - A2,no,yes,yes
Remi Shorts - By Frankie,Size: L,fa35df54-4c24-4f8c-9939-fb8b7ae7ad12,10651287716145,53811688997169,55916670484785,586-1 - A2-10,586-1 - A2,586-1 - A2,no,yes,yes
Remi Shorts - By Frankie,Size: M,1ed1b000-ac67-45c5-8fd0-0f8bc6b0807e,10651287716145,53811688964401,55916670452017,586-1 - A2-9,586-1 - A2,586-1 - A2,no,yes,yes
Remi Shorts - By Frankie,Size: S,9546f27d-7196-411a-bf75-53c99acabb0d,10651287716145,53811688931633,55916670419249,586-1 - A2-8,586-1 - A2,586-1 - A2,no,yes,yes
Remi Shorts - By Frankie,Size: XS,a34e2473-3513-4419-b783-a58617270b3e,10651287716145,53811688898865,55916670386481,586-1 - A2-7,586-1 - A2,586-1 - A2,no,yes,yes
Renee Long Dress - Blue haze,Size: L/14,7ccec8a2-dda2-4b96-a785-1cfc3e82326b,9955788161329,49836546457905,51886126432561,2521 2155-5,2521 2155,2521 2155,no,yes,yes
Renee Long Dress - Blue haze,Size: M/12,0f61489c-cedc-4c9d-9e1e-a7577b6723cf,9955788161329,49836546425137,51886126399793,2521 2155-4,2521 2155,2521 2155,no,yes,yes
Renee Long Dress - Blue haze,Size: S/10,d6efb052-64b2-4ca8-a38f-9b410e0a3895,9955788161329,49836546392369,51886126367025,2521 2155-3,2521 2155,2521 2155,no,yes,yes
Renee Long Dress - Blue haze,Size: XS/8,12ac557b-ce00-4d97-b153-2ad82cfd13c9,9955788161329,49836546359601,51886126334257,2521 2155-2,2521 2155,2521 2155,no,yes,yes
Revival Vintage look T-Shirt,Size: 10,a79f035f-3c83-4f81-bd58-427f59b6ed50,6590528422045,39426857042077,41520900276381,PHE7837 - T4-3,PHE7837 - T4,PHE7837 - T4,no,yes,yes
Revival Vintage look T-Shirt,Size: 12,5e129992-ae4c-4880-bb45-74d06cabac97,6590528422045,39426857074845,41520900309149,PHE7837 - T4-4,PHE7837 - T4,PHE7837 - T4,no,yes,yes
Revival Vintage look T-Shirt,Size: 8,566c7f45-f561-405f-8739-554ce66bfec1,6590528422045,39426857009309,41520900243613,PHE7837 - T4-2,PHE7837 - T4,PHE7837 - T4,no,yes,yes
Ria Swing Dress - Pink Floral,Size: 10,cf798300-865c-47c2-870f-b962e08ee072,7275039129757,41909519057053,44007585808541,S0579-119 - B-2,S0579-119 - B,S0579-119 - B,no,yes,yes
Ria Swing Dress - Pink Floral,Size: 12,3419aa06-9653-45e5-b239-8d35fbc0210b,7275039129757,41909519089821,44007585841309,S0579-119 - B-3,S0579-119 - B,S0579-119 - B,no,yes,yes
Ria Swing Dress - Pink Floral,Size: 14,0797e274-da3f-4902-b473-cf061145c947,7275039129757,41909519122589,44007585874077,S0579-119 - B-4,S0579-119 - B,S0579-119 - B,no,yes,yes
Ria Swing Dress - Pink Floral,Size: 16,7b0b7bdc-74fa-4f8f-8e97-11208b6a2ab6,7275039129757,42304762380445,44403319603357,S0579-119 - B-5,S0579-119 - B,S0579-119 - B,no,yes,yes
Ride Em'  Tee  - By Frankie,Size: L,76ae543c-3cd1-4553-acc2-d1c1ecb0eec9,10771498926385,55778286403889,57895756890417,751-77T - A19-5,751-77T - A19,751-77T - A19,no,yes,yes
Ride Em'  Tee  - By Frankie,Size: M,c503cc65-8d18-43f1-ba11-251531ac0f53,10771498926385,55778286371121,57895756857649,751-77T - A19-4,751-77T - A19,751-77T - A19,no,yes,yes
Ride Em'  Tee  - By Frankie,Size: S,d6400e16-bcc5-403d-afde-f1de4426fc30,10771498926385,55778286338353,57895756824881,751-77T - A19-3,751-77T - A19,751-77T - A19,no,yes,yes
Ride Em'  Tee  - By Frankie,Size: XS,6bfffac0-1593-449a-8c93-5defa5140bcf,10771498926385,55778286305585,57895756792113,751-77T - A19-2,751-77T - A19,751-77T - A19,no,yes,yes
Ride Em' Tee  - By Frankie,Size: L,c67f52ea-39fe-4097-938d-e6338658ba20,10772082688305,55785343877425,57902849753393,751-78T - A19-5,751-78T - A19,751-78T - A19,no,yes,yes
Ride Em' Tee  - By Frankie,Size: L,e429c54d-1b7d-4019-9a52-5e1ce708f1ec,10772111262001,55785649701169,57903170748721,751-79T - A18-5,751-79T - A18,751-79T - A18,no,yes,yes
Ride Em' Tee  - By Frankie,Size: M,8317c368-a7dd-4550-9625-d6401315f0ff,10772082688305,55785343844657,57902849720625,751-78T - A19-4,751-78T - A19,751-78T - A19,no,yes,yes
Ride Em' Tee  - By Frankie,Size: M,d63fa785-1501-44c9-872a-51b04add79de,10772111262001,55785649668401,57903170715953,751-79T - A18-4,751-79T - A18,751-79T - A18,no,yes,yes
Ride Em' Tee  - By Frankie,Size: S,37d07805-0743-4b4e-b219-c98a6e61479a,10772082688305,55785343811889,57902849687857,751-78T - A19-3,751-78T - A19,751-78T - A19,no,yes,yes
Ride Em' Tee  - By Frankie,Size: S,a526827c-369d-434c-804f-51a223a7c676,10772111262001,55785649635633,57903170683185,751-79T - A18-3,751-79T - A18,751-79T - A18,no,yes,yes
Ride Em' Tee  - By Frankie,Size: XS,7e90f92f-132e-4ab0-a1d6-6ba4c928a25b,10772082688305,55785343779121,57902849655089,751-78T - A19-2,751-78T - A19,751-78T - A19,no,yes,yes
Ride Em' Tee  - By Frankie,Size: XS,e677ecd2-99d5-41e6-8fce-a8ff4f417e5f,10772111262001,55785649602865,57903170650417,751-79T - A18-2,751-79T - A18,751-79T - A18,no,yes,yes
Riley Black Lace Pants Set - By Frankie,Size: L,2699639f-eeea-4c06-a453-3e97e7084a4d,10483175751985,52179901940017,54271620907313,124-1 BF8-5,124-1 BF8,124-1 BF8,no,yes,yes
Riley Black Lace Pants Set - By Frankie,Size: M,88f67d59-bdf5-4275-999a-e211935ad877,10483175751985,52179901907249,54271620874545,124-1 BF8-4,124-1 BF8,124-1 BF8,no,yes,yes
Riley Black Lace Pants Set - By Frankie,Size: S,2bada020-63f1-4369-b5df-2f25a37ad688,10483175751985,52179901874481,54271620841777,124-1 BF8-3,124-1 BF8,124-1 BF8,no,yes,yes
Riley Black Lace Pants Set - By Frankie,Size: XS,09f0b441-0ce4-4980-9972-79c5b5fde7fb,10483175751985,52179901841713,54271620809009,124-1 BF8-2,124-1 BF8,124-1 BF8,no,yes,yes
Riley Brown Lace Pants Set - By Frankie,Size: L,fa667bd7-3591-4bdb-a3bd-3a1650178208,10475252711729,52148357595441,54239543329073,124-4 - BF8-5,124-4 - BF8,124-4 - BF8,no,yes,yes
Riley Brown Lace Pants Set - By Frankie,Size: M,62b5d482-d939-4ca4-86ee-39d5be006bdc,10475252711729,52148357562673,54239543296305,124-4 - BF8-4,124-4 - BF8,124-4 - BF8,no,yes,yes
Riley Brown Lace Pants Set - By Frankie,Size: S,11a7e4a8-e949-4460-b327-ef846ed54102,10475252711729,52148357529905,54239543263537,124-4 - BF8-3,124-4 - BF8,124-4 - BF8,no,yes,yes
Riley Brown Lace Pants Set - By Frankie,Size: XS,489c50ae-246a-4c66-a334-91a69dc4306b,10475252711729,52148357497137,54239543230769,124-4 - BF8-2,124-4 - BF8,124-4 - BF8,no,yes,yes
Riley Mini Dress - Black,Size: L,2445c22b-8eaf-48c0-b26a-e709135ee8a8,6949066309789,40796968517789,42892309790877,ST1941D Old Box 1-4,ST1941D Old Box 1,ST1941D Old Box 1,no,yes,yes
Riley Mini Dress - Black,Size: M,3ae106f4-10a4-4dbb-878b-7025b4e61b7f,6949066309789,40796968485021,42892309758109,ST1941D Old Box 1-3,ST1941D Old Box 1,ST1941D Old Box 1,no,yes,yes
Riley Mini Dress - Black,Size: S,bc81e235-1609-45b8-92ad-92421e61f858,6949066309789,40796968452253,42892309692573,ST1941D Old Box 1-2,ST1941D Old Box 1,ST1941D Old Box 1,no,yes,yes
Riley White Lace Pants Set - By Frankie,Size: L,f8c5f382-85b4-4534-873e-82f8b15a4838,10475289542961,52148789510449,54239975244081,124- 2 BF3-5,124- 2 BF3,124- 2 BF3,no,yes,yes
Riley White Lace Pants Set - By Frankie,Size: M,d374b98a-82b6-45ec-a065-5486a01a7fa0,10475289542961,52148789477681,54239975211313,124- 2 BF3-4,124- 2 BF3,124- 2 BF3,no,yes,yes
Riley White Lace Pants Set - By Frankie,Size: S,b4ce82f7-1ae4-4391-8e1b-761b8824df5a,10475289542961,52148789444913,54239975178545,124- 2 BF3-3,124- 2 BF3,124- 2 BF3,no,yes,yes
Riley White Lace Pants Set - By Frankie,Size: XS,c1c49b8a-63c5-45a8-9913-6044b5820813,10475289542961,52148789412145,54239975145777,124- 2 BF3-2,124- 2 BF3,124- 2 BF3,no,yes,yes
Rina Blue/Grey Leopard Racer Pants - By Frankie,Size: L,258266e5-090b-4d9a-97ef-ab8b45d27bf4,10372341399857,51730477711665,53800817295665,563-1 - A14-5,563-1 - A14,563-1 - A14,no,yes,yes
Rina Blue/Grey Leopard Racer Pants - By Frankie,Size: M,fa7757ee-477f-48f3-bf2e-161a347635be,10372341399857,51730477678897,53800817262897,563-1 - A14-4,563-1 - A14,563-1 - A14,no,yes,yes
Rina Blue/Grey Leopard Racer Pants - By Frankie,Size: S,3bdf5fec-64a2-4fb6-bdba-5a1dcbed027c,10372341399857,51730477646129,53800817230129,563-1 - A14-3,563-1 - A14,563-1 - A14,no,yes,yes
Rina Blue/Grey Leopard Racer Pants - By Frankie,Size: XS,d587a4d1-3bdb-4c73-b9eb-d73f5a03201d,10372341399857,51730477613361,53800817197361,563-1 - A14-2,563-1 - A14,563-1 - A14,no,yes,yes
Rina Cream Leopard Racer Pants - By Frankie,Size: L,e252eb8f-97a4-41f2-9716-2102295cdcd4,10372341563697,51730478006577,53800817557809,563-2 - A14-5,563-2 - A14,563-2 - A14,no,yes,yes
Rina Cream Leopard Racer Pants - By Frankie,Size: M,89b035f0-181a-4c87-b0fb-a1b96b5974ad,10372341563697,51730477973809,53800817525041,563-2 - A14-4,563-2 - A14,563-2 - A14,no,yes,yes
Rina Cream Leopard Racer Pants - By Frankie,Size: S,289f0b07-05fd-41ac-9a14-8269651295ce,10372341563697,51730477941041,53800817492273,563-2 - A14-3,563-2 - A14,563-2 - A14,no,yes,yes
Rina Cream Leopard Racer Pants - By Frankie,Size: XS,d9338c61-0885-4b7d-9916-85c28bb0b613,10372341563697,51730477908273,53800817459505,563-2 - A14-2,563-2 - A14,563-2 - A14,no,yes,yes
Riva Blouse - Aqua/White,Size: 10,9e14f16b-afb4-4bb1-a795-4ab4d44fbea8,10045541482801,50162856460593,52214680355121,506-21 - A2-3,506-21 - A2,506-21 - A2,no,yes,yes
Riva Blouse - Aqua/White,Size: 12,292f0436-aa06-400f-b19c-ad44f1324358,10045541482801,50162856493361,52214680387889,506-21 - A2-4,506-21 - A2,506-21 - A2,no,yes,yes
Riva Blouse - Aqua/White,Size: 14,cdad770f-66bf-4e17-ad2a-f34d437d262e,10045541482801,50162856526129,52214680420657,506-21 - A2-5,506-21 - A2,506-21 - A2,no,yes,yes
Riva Blouse - Aqua/White,Size: 8,c120eb23-06f0-4b52-ac75-1a7c6e68ad27,10045541482801,50162856427825,52214680322353,506-21 - A2-2,506-21 - A2,506-21 - A2,no,yes,yes
Riva Blouse - Green,Size: 10,bd8c97b9-e07e-4f7d-8ae4-e914b94c9966,10045542203697,50162857869617,52214681764145,506-23 - A2-3,506-23 - A2,506-23 - A2,no,yes,yes
Riva Blouse - Green,Size: 12,dce15255-0ea0-4f53-86d3-3aea11e09c3c,10045542203697,50162857902385,52214681796913,506-23 - A2-4,506-23 - A2,506-23 - A2,no,yes,yes
Riva Blouse - Green,Size: 14,2e5a68e7-9c14-4b4a-91aa-a78b78186d18,10045542203697,50162857935153,52214681829681,506-23 - A2-5,506-23 - A2,506-23 - A2,no,yes,yes
Riva Blouse - Green,Size: 8,7a1f3727-77ac-443c-bed5-87709fe1693a,10045542203697,50162857836849,52214681731377,506-23 - A2-2,506-23 - A2,506-23 - A2,no,yes,yes
Robyn Rose Mini - Navy,Size: 16,bf44f191-29ec-4563-b6af-bfb2e00aa52c,9909845983537,49725493772593,51772558967089,JS9229NS 877 - B10-7,JS9229NS 877 - B10,JS9229NS 877 - B10,no,yes,yes
Robyn Rose Mini - Navy,Size: 18,d589fe32-1500-466a-a07f-1e80fce4ab4c,9909845983537,49725493805361,51772558999857,JS9229NS 877 - B10-8,JS9229NS 877 - B10,JS9229NS 877 - B10,no,yes,yes
Robyn Rose Mini - Navy,Size: L,7c192b14-02d8-484f-b074-2ce22da72e83,9909845983537,49709994770737,51757026640177,JS9229NS 877 - B10-5,JS9229NS 877 - B10,JS9229NS 877 - B10,no,yes,yes
Robyn Rose Mini - Navy,Size: M,5cbde873-a668-442f-a217-ae9eb6d2e4ea,9909845983537,49709994737969,51757026607409,JS9229NS 877 - B10-4,JS9229NS 877 - B10,JS9229NS 877 - B10,no,yes,yes
Robyn Rose Mini - Navy,Size: S,7f1eac2f-72da-43ea-9065-25745a4bbe5a,9909845983537,49709994705201,51757026574641,JS9229NS 877 - B10-3,JS9229NS 877 - B10,JS9229NS 877 - B10,no,yes,yes
Robyn Rose Mini - Navy,Size: XL,17b87d36-7392-45ad-b5db-2a5277cc1de2,9909845983537,49709994803505,51757026672945,JS9229NS 877 - B10-6,JS9229NS 877 - B10,JS9229NS 877 - B10,no,yes,yes
Robyn Rose Mini - Navy,Size: XS,238dd46e-0e9f-43b7-bcca-f70bf5c93052,9909845983537,49709994672433,51757026541873,JS9229NS 877 - B10-2,JS9229NS 877 - B10,JS9229NS 877 - B10,no,yes,yes
Rosabella Belted Midi Dress- Turquoise/Blue/Green - GDS,Size: L/14,24dafce3-7cdf-4c0f-9af6-9129051c65ca,9087914311985,47488498467121,49537724580145,25112006 MKT-5,25112006 MKT,25112006 MKT,no,yes,yes
Rosabella Belted Midi Dress- Turquoise/Blue/Green - GDS,Size: M/12,1353cc49-2887-4d07-a7df-fbb3e1fa3acf,9087914311985,47488498434353,49537724547377,25112006 MKT-4,25112006 MKT,25112006 MKT,no,yes,yes
Rosabella Belted Midi Dress- Turquoise/Blue/Green - GDS,Size: S/10,0bef5ffe-370d-45e4-907e-3aec8475403d,9087914311985,47488498401585,49537724514609,25112006 MKT-3,25112006 MKT,25112006 MKT,no,yes,yes
Rosabella Belted Midi Dress- Turquoise/Blue/Green - GDS,Size: XS/8,9460b1d1-8b4b-48e0-8067-6987a7d1312a,9087914311985,47488498368817,49537724481841,25112006 MKT-2,25112006 MKT,25112006 MKT,no,yes,yes
Rosie Embroidered Long Dress - Khaki,Size: L/14,c25722d5-8b97-4fb1-9ef8-841a63f01efc,9957160616241,49840081928497,51889665605937,2521 2165-5,2521 2165,2521 2165,no,yes,yes
Rosie Embroidered Long Dress - Khaki,Size: M/12,b78c81bc-243e-4920-a948-827e29b4d971,9957160616241,49840081895729,51889665573169,2521 2165-4,2521 2165,2521 2165,no,yes,yes
Rosie Embroidered Long Dress - Khaki,Size: S/10,f0df1620-660c-42c1-893f-d553aac662b6,9957160616241,49840081862961,51889665540401,2521 2165-3,2521 2165,2521 2165,no,yes,yes
Rosie Embroidered Long Dress - Khaki,Size: XS/8,7775664b-6b87-40a5-8bb2-f99eb4c531b6,9957160616241,49840081830193,51889665507633,2521 2165-2,2521 2165,2521 2165,no,yes,yes
Rosie Embroidered Short Dress - Chalk Pink,Size: 10,7f05b016-adf2-404b-ab5e-29ae3122469b,9955781935409,50032392896817,52082214437169,2521 2164 - GDS BOX 9-3,2521 2164 - GDS BOX 9,2521 2164 - GDS BOX 9,no,yes,yes
Rosie Embroidered Short Dress - Chalk Pink,Size: 12,494fe5c9-8266-47dd-a603-eb8fb3a4d264,9955781935409,50032392929585,52082214469937,2521 2164 - GDS BOX 9-4,2521 2164 - GDS BOX 9,2521 2164 - GDS BOX 9,no,yes,yes
Rosie Embroidered Short Dress - Chalk Pink,Size: 14,b91b4b8c-53f9-4686-a59f-5a56a1dd9738,9955781935409,50032392962353,52082214502705,2521 2164 - GDS BOX 9-5,2521 2164 - GDS BOX 9,2521 2164 - GDS BOX 9,no,yes,yes
Rosie Embroidered Short Dress - Chalk Pink,Size: 8,7ee98133-1c90-4394-be34-eb7fdf1e7cf3,9955781935409,49836520767793,51886097957169,2521 2164 - GDS BOX 9-2,2521 2164 - GDS BOX 9,2521 2164 - GDS BOX 9,no,yes,yes
Rosie Silk Dress - GDS,Size: L,7234777e-da49-4833-9a19-18f93adbd258,8398705590577,45178806141233,47224553210161,2803457 Box 11 GDS-4,2803457 Box 11 GDS,2803457 Box 11 GDS,no,yes,yes
Rosie Silk Dress - GDS,Size: M,ef0017a6-7b14-4159-94be-f00b48b37f44,8398705590577,45178806108465,47224553177393,2803457 Box 11 GDS-3,2803457 Box 11 GDS,2803457 Box 11 GDS,no,yes,yes
Rosie Silk Dress - GDS,Size: S,7be6a329-153e-4a98-9fbd-78367397872b,8398705590577,45178806075697,47224553144625,2803457 Box 11 GDS-2,2803457 Box 11 GDS,2803457 Box 11 GDS,no,yes,yes
Rosie Silk Dress - GDS,Size: XL,4ebd3d43-ff26-47d2-bc98-cf0cf13b56fd,8398705590577,45178806174001,47224553242929,2803457 Box 11 GDS-5,2803457 Box 11 GDS,2803457 Box 11 GDS,no,yes,yes
Ruffle Top With Satin Skirt  Set - By Frankie,Size: L,be789f28-1a07-4ee3-8c56-f422bacc294c,10362655572273,51690479550769,53759027872049,541-1-5,541-1,541-1,no,yes,yes
Ruffle Top With Satin Skirt  Set - By Frankie,Size: M,6d7f56b9-85ad-41ce-aab5-f1c2fd7753a6,10362655572273,51690479518001,53759027839281,541-1-4,541-1,541-1,no,yes,yes
Ruffle Top With Satin Skirt  Set - By Frankie,Size: S,56cefb8b-2564-4fc8-b7fb-d7a898c2595c,10362655572273,51690479485233,53759027806513,541-1-3,541-1,541-1,no,yes,yes
Ruffle Top With Satin Skirt  Set - By Frankie,Size: XS,26e0d280-5cf2-4f59-b29c-2424cdd22302,10362655572273,51690479452465,53759027773745,541-1-2,541-1,541-1,no,yes,yes
Rumi Maxi Dress - Cream/Black,Size: L,05fbfa8a-cabb-4410-809f-d1d6275b0419,10208237846833,50802009932081,52871724269873,2017382C-1102 - A3-5,2017382C-1102 - A3,2017382C-1102 - A3,no,yes,yes
Rumi Maxi Dress - Cream/Black,Size: M,a74c4384-d88e-44cd-b010-1687a37af40f,10208237846833,50802009899313,52871724237105,2017382C-1102 - A3-4,2017382C-1102 - A3,2017382C-1102 - A3,no,yes,yes
Rumi Maxi Dress - Cream/Black,Size: S,10a243ee-7e75-4df9-abb0-35f9917210ab,10208237846833,50802009866545,52871724204337,2017382C-1102 - A3-3,2017382C-1102 - A3,2017382C-1102 - A3,no,yes,yes
Rumi Maxi Dress - Cream/Black,Size: XS,a35005ad-af5a-4176-a0a9-d3adb2f367ce,10208237846833,50802009833777,52871724171569,2017382C-1102 - A3-2,2017382C-1102 - A3,2017382C-1102 - A3,no,yes,yes
Rumi Mini Dress - Cream/Black,Size: L,92ef59ad-d7b1-46b4-a065-e6bb421a5c0f,10208241418545,50802020417841,52871734690097,JS-20172033C-1102 - A3-5,JS-20172033C-1102 - A3,JS-20172033C-1102 - A3,no,yes,yes
Rumi Mini Dress - Cream/Black,Size: M,4ff9803a-6f42-4c04-a5f8-156a83422ec4,10208241418545,50802020385073,52871734657329,JS-20172033C-1102 - A3-4,JS-20172033C-1102 - A3,JS-20172033C-1102 - A3,no,yes,yes
Rumi Mini Dress - Cream/Black,Size: S,de4689f4-4895-4114-9a39-d410993c8e90,10208241418545,50802020352305,52871734624561,JS-20172033C-1102 - A3-3,JS-20172033C-1102 - A3,JS-20172033C-1102 - A3,no,yes,yes
Rumi Mini Dress - Cream/Black,Size: XS,5417684d-63e5-423f-b891-f0101b683a2d,10208241418545,50802020319537,52871734591793,JS-20172033C-1102 - A3-2,JS-20172033C-1102 - A3,JS-20172033C-1102 - A3,no,yes,yes
Ryllie Mini Dress - Sky Blue/Brown,Size: 10,2eb6e6ca-e537-4402-ac51-a42c406e547c,7282918883485,41964694864029,44062970314909,S0608-114AB - B7-3,S0608-114AB - B7,S0608-114AB - B7,no,yes,yes
Ryllie Mini Dress - Sky Blue/Brown,Size: 12,d5717f87-2232-4415-9996-3c1b1199285b,7282918883485,41964694896797,44062970347677,S0608-114AB - B7-4,S0608-114AB - B7,S0608-114AB - B7,no,yes,yes
Ryllie Mini Dress - Sky Blue/Brown,Size: 14,71dfe70f-06d2-438d-a6f5-a6c09a546444,7282918883485,41964694929565,44062970380445,S0608-114AB - B7-5,S0608-114AB - B7,S0608-114AB - B7,no,yes,yes
Ryllie Mini Dress - Sky Blue/Brown,Size: 16,4ec50f0a-7a8a-4e65-b471-956534e20263,7282918883485,41964694962333,44062970413213,S0608-114AB - B7-6,S0608-114AB - B7,S0608-114AB - B7,no,yes,yes
Ryllie Mini Dress - Sky Blue/Brown,Size: 8,1c42edb7-506f-4b95-846c-231394c9fb66,7282918883485,41964694831261,44062970282141,S0608-114AB - B7-2,S0608-114AB - B7,S0608-114AB - B7,no,yes,yes
Saba Set - Black Linen,Size: 10,44ea0d9c-2805-4b54-ad3e-95b19a2d98b9,6558307582109,39315550011549,41409517682845,Ko35 Bottom - K245 Top-2,Ko35 Bottom - K245 Top,Ko35 Bottom - K245 Top,no,yes,yes
Saba Set - Black Linen,Size: 12,1806a7e4-3f3f-4775-ae7a-f65afaff6090,6558307582109,39315550044317,41409517715613,Ko35 Bottom - K245 Top-3,Ko35 Bottom - K245 Top,Ko35 Bottom - K245 Top,no,yes,yes
Saba Set - Black Linen,Size: 8,5187daa5-4ff7-4b17-9e9f-d124a7e3f1a4,6558307582109,39315550077085,41409517748381,Ko35 Bottom - K245 Top-4,Ko35 Bottom - K245 Top,Ko35 Bottom - K245 Top,no,yes,yes
Saba Set- Cream Linen,Size: 10,aa5b1fba-0c91-4e14-abbe-0e318cf801c1,6565300699293,39333275271325,41427265945757,Top K245- Bottom K035-2,Top K245- Bottom K035,Top K245- Bottom K035,no,yes,yes
Saba Set- Cream Linen,Size: 12,30e29ddc-3579-4fa6-a5b3-85ea9f9ee55a,6565300699293,39333275304093,41427265978525,Top K245- Bottom K035-3,Top K245- Bottom K035,Top K245- Bottom K035,no,yes,yes
Saba Set- Cream Linen,Size: 6,d5bd47a8-366f-40ea-9a39-793a87dc3003,6565300699293,39378193580189,41472201392285,Top K245- Bottom K035-4,Top K245- Bottom K035,Top K245- Bottom K035,no,yes,yes
Sadie Top - Blue/White,Size: L,77c476cb-55b7-4857-9ead-0ae6a00c31d0,9419732975921,48537097830705,50584239014193,JS9490#920 - A7-5,JS9490#920 - A7,JS9490#920 - A7,no,yes,yes
Sadie Top - Blue/White,Size: M,97891b26-edce-48de-955c-74ef3fd175c7,9419732975921,48537097797937,50584238981425,JS9490#920 - A7-4,JS9490#920 - A7,JS9490#920 - A7,no,yes,yes
Sadie Top - Blue/White,Size: S,48a34db4-0477-4fe6-a9d2-7b03fbc1b745,9419732975921,48537097765169,50584238948657,JS9490#920 - A7-3,JS9490#920 - A7,JS9490#920 - A7,no,yes,yes
Sadie Top - Blue/White,Size: XS,c75123ff-d6cb-41d2-ada7-d29accf929f8,9419732975921,48537097732401,50584238915889,JS9490#920 - A7-2,JS9490#920 - A7,JS9490#920 - A7,no,yes,yes
Sage Black Basic Singlet- Size 6-16,Size: 10,578b2e81-5047-44d3-bfad-af784b2424d2,411620713,1077659781,5502392135,T7-3,T7,T7,no,yes,yes
Sage Black Basic Singlet- Size 6-16,Size: 12,645a19ab-3978-4b0f-897b-85d7baf6fc58,411620713,1077659785,5502392199,T7-4,T7,T7,no,yes,yes
Sage Black Basic Singlet- Size 6-16,Size: 14,cead2408-7fb3-49f3-acd8-c8ce51de2b93,411620713,37848497062045,39869058449565,T7-5,T7,T7,no,yes,yes
Sage Black Basic Singlet- Size 6-16,Size: 8,ca3ec9ef-3e28-45bc-b2f8-e8741b613320,411620713,1077659777,5502392007,T7-2,T7,T7,no,yes,yes
Salina Maxi Dress - Burnt Orange/Aqua,Size: L,f4afb4c2-780e-4683-bd7e-b4e32103580c,10152822079793,50601523642673,52669702865201,JS20161017B-1096 - A4-5,JS20161017B-1096 - A4,JS20161017B-1096 - A4,no,yes,yes
Salina Maxi Dress - Burnt Orange/Aqua,Size: M,2bc4c250-d4b6-454a-acb7-44ae7459418b,10152822079793,50601523609905,52669702832433,JS20161017B-1096 - A4-4,JS20161017B-1096 - A4,JS20161017B-1096 - A4,no,yes,yes
Salina Maxi Dress - Burnt Orange/Aqua,Size: S,e53b265b-9008-4792-91ad-41ccf04d3b91,10152822079793,50601523577137,52669702799665,JS20161017B-1096 - A4-3,JS20161017B-1096 - A4,JS20161017B-1096 - A4,no,yes,yes
Salina Maxi Dress - Burnt Orange/Aqua,Size: XS,6733adf6-87c3-47f3-b5d4-5f40741c35e9,10152822079793,50601523544369,52669702766897,JS20161017B-1096 - A4-2,JS20161017B-1096 - A4,JS20161017B-1096 - A4,no,yes,yes
Salina Mini Dress - Burnt Orange/Aqua,Size: 16,831e8354-26a4-4379-8bbd-885414750c20,10152818409777,50601508634929,52669685334321,JS-20175068C-1096 - A4-7,JS-20175068C-1096 - A4,JS-20175068C-1096 - A4,no,yes,yes
Salina Mini Dress - Burnt Orange/Aqua,Size: 18,793d29dd-e689-448c-8ee0-f1cb5877b865,10152818409777,50601508667697,52669685367089,JS-20175068C-1096 - A4-8,JS-20175068C-1096 - A4,JS-20175068C-1096 - A4,no,yes,yes
Salina Mini Dress - Burnt Orange/Aqua,Size: L,3ffe6850-abd2-4bdc-8363-90b726b97c9b,10152818409777,50601502703921,52669678616881,JS-20175068C-1096 - A4-5,JS-20175068C-1096 - A4,JS-20175068C-1096 - A4,no,yes,yes
Salina Mini Dress - Burnt Orange/Aqua,Size: M,d4752e77-8e03-46cb-a787-38e670157895,10152818409777,50601502671153,52669678584113,JS-20175068C-1096 - A4-4,JS-20175068C-1096 - A4,JS-20175068C-1096 - A4,no,yes,yes
Salina Mini Dress - Burnt Orange/Aqua,Size: S,0a91d113-a442-40a9-b4db-79e7f1192541,10152818409777,50601502638385,52669678551345,JS-20175068C-1096 - A4-3,JS-20175068C-1096 - A4,JS-20175068C-1096 - A4,no,yes,yes
Salina Mini Dress - Burnt Orange/Aqua,Size: XL,fed02a19-2947-4a31-85a5-1dade52bc8b5,10152818409777,50601502736689,52669678649649,JS-20175068C-1096 - A4-6,JS-20175068C-1096 - A4,JS-20175068C-1096 - A4,no,yes,yes
Salina Mini Dress - Burnt Orange/Aqua,Size: XS,2390ea5a-7ef2-4ecb-a3c0-a7167ff7b83a,10152818409777,50601502605617,52669678518577,JS-20175068C-1096 - A4-2,JS-20175068C-1096 - A4,JS-20175068C-1096 - A4,no,yes,yes
Sally Cupro Midi Dress - Blue,Size: L,5f81ee22-7839-4376-b1d7-29c1743d1176,8398718107953,45178822590769,47224569659697,280 3450 Box 7 GDS-4,280 3450 Box 7 GDS,280 3450 Box 7 GDS,no,yes,yes
Sally Cupro Midi Dress - Blue,Size: M,1cbe457a-1333-4e52-9947-7621a9d13aa1,8398718107953,45178822558001,47224569626929,280 3450 Box 7 GDS-3,280 3450 Box 7 GDS,280 3450 Box 7 GDS,no,yes,yes
Sally Cupro Midi Dress - Blue,Size: S,bcb60d7c-6fc3-4d38-8f1a-b3e1bff432a0,8398718107953,45178822525233,47224569594161,280 3450 Box 7 GDS-2,280 3450 Box 7 GDS,280 3450 Box 7 GDS,no,yes,yes
Sally Cupro Midi Dress - Blue,Size: XL,8dba2166-f18e-4967-b575-35b1689ec46c,8398718107953,45178822623537,47224569692465,280 3450 Box 7 GDS-5,280 3450 Box 7 GDS,280 3450 Box 7 GDS,no,yes,yes
Samantha Brown Shell Set - By Frankie,Size: L,699c19fd-84ca-4eca-b7cb-a089b4f2c001,10411445584177,51889908580657,53965692764465,587-1 - B2-5,587-1 - B2,587-1 - B2,no,yes,yes
Samantha Brown Shell Set - By Frankie,Size: M,b8c266f2-dd4e-441d-ae0a-92cec8d87d2f,10411445584177,51889908547889,53965692731697,587-1 - B2-4,587-1 - B2,587-1 - B2,no,yes,yes
Samantha Brown Shell Set - By Frankie,Size: S,1baa496e-1368-4fc7-89b6-be79b0df9814,10411445584177,51889908515121,53965692698929,587-1 - B2-3,587-1 - B2,587-1 - B2,no,yes,yes
Samantha Brown Shell Set - By Frankie,Size: XS,7a1983a1-2e11-4e95-a7db-77619d1c3de5,10411445584177,51889908482353,53965692666161,587-1 - B2-2,587-1 - B2,587-1 - B2,no,yes,yes
Samantha Top - Black,Size: L,38fc5887-bad5-4a08-b6df-fbff62e14218,6952921104541,40815910617245,42911245500573,Samantha Box D-4,Samantha Box D,Samantha Box D,no,yes,yes
Samantha Top - Black,Size: M,ea32be9f-5b34-4f10-990e-12b657a3f4de,6952921104541,40815910584477,42911245467805,Samantha Box D-3,Samantha Box D,Samantha Box D,no,yes,yes
Samantha Top - Black,Size: S,c4b08e57-7023-4864-a3b3-53ef1d891c7b,6952921104541,40815910518941,42911245435037,Samantha Box D-2,Samantha Box D,Samantha Box D,no,yes,yes
Samantha Top - White,Size: L,d09ba958-b391-48d4-a9e8-7924bde36337,6952936997021,40816026484893,42911360549021,62235 - B2-4,62235 - B2,62235 - B2,no,yes,yes
Samantha Top - White,Size: M,61e272e6-7243-4bb6-b4cd-fc918ec4dcfb,6952936997021,40816026419357,42911360516253,62235 - B2-3,62235 - B2,62235 - B2,no,yes,yes
Samantha Top - White,Size: S,e9518499-bcdc-48c3-ae7a-d34cf495977e,6952936997021,40816026353821,42911360483485,62235 - B2-2,62235 - B2,62235 - B2,no,yes,yes
Samantha Yellow Shell Set - By Frankie,Size: L,d86b59c2-ca47-4f96-9200-953a51dba1fd,10411445387569,51889906483505,53965690667313,587-3 B2-5,587-3 B2,587-3 B2,no,yes,yes
Samantha Yellow Shell Set - By Frankie,Size: M,1593b1e5-0ae6-4675-a094-a1c21629de12,10411445387569,51889906450737,53965690634545,587-3 B2-4,587-3 B2,587-3 B2,no,yes,yes
Samantha Yellow Shell Set - By Frankie,Size: S,5b55b101-d951-417b-a624-287270351826,10411445387569,51889906417969,53965690601777,587-3 B2-3,587-3 B2,587-3 B2,no,yes,yes
Samantha Yellow Shell Set - By Frankie,Size: XS,159719a6-b185-4200-99d4-db8fd24c65a4,10411445387569,51889906385201,53965690569009,587-3 B2-2,587-3 B2,587-3 B2,no,yes,yes
Sammi Knit Top - Black,Size: L/12,0870f387-7494-4426-8b0c-6fa3354dc337,10181645467953,50749620912433,52819184582961,30053D - N-5,30053D - N,30053D - N,no,yes,yes
Sammi Knit Top - Black,Size: M/10,31163948-bed4-47ad-8b44-8ca4097f139d,10181645467953,50749620879665,52819184550193,30053D - N-4,30053D - N,30053D - N,no,yes,yes
Sammi Knit Top - Black,Size: S/8,ac969b8d-187c-45d5-8703-9eea7a609046,10181645467953,50718327865649,52787823477041,30053D - N-3,30053D - N,30053D - N,no,yes,yes
Sammi Knit Top - Black,Size: XS/6,d28eb18a-8d0f-4757-a7d8-db9051ce4d28,10181645467953,50718327832881,52787823444273,30053D - N-2,30053D - N,30053D - N,no,yes,yes
Sammi Knit Top - White,Size: 10/M,53479a92-0ee6-49f1-8d10-909e4c5ba724,10181649629489,50749616750897,52819180421425,30053D - N-8,30053D - N,30053D - N,no,yes,yes
Sammi Knit Top - White,Size: 6/XS,7c4a44cc-5983-46e1-a94b-ad53ab94c166,10181649629489,50718344937777,52787840549169,30053D - N-6,30053D - N,30053D - N,no,yes,yes
Sammi Knit Top - White,Size: 8/S,bebde21c-8e44-4de3-bc54-1041efc4c244,10181649629489,50718344970545,52787840581937,30053D - N-7,30053D - N,30053D - N,no,yes,yes
Sammi Pants - Green/Orange/Pink,Size: 10,4b8b1cca-906b-44f0-89ba-168d4313ad00,9130480959793,47608350703921,49657750847793,203664-9 - T6-3,203664-9 - T6,203664-9 - T6,no,yes,yes
Sammi Pants - Green/Orange/Pink,Size: 12,9b677149-92e6-473e-a157-29db51439c80,9130480959793,47608350736689,49657750880561,203664-9 - T6-4,203664-9 - T6,203664-9 - T6,no,yes,yes
Sammi Pants - Green/Orange/Pink,Size: 14,b0f5f60a-1db7-4458-9e92-c25564f73a8b,9130480959793,47608350769457,49657750913329,203664-9 - T6-5,203664-9 - T6,203664-9 - T6,no,yes,yes
Sammi Pants - Green/Orange/Pink,Size: 8,86f0ae65-c4f3-44eb-841f-9c12088efb39,9130480959793,47608350671153,49657750815025,203664-9 - T6-2,203664-9 - T6,203664-9 - T6,no,yes,yes
Sana Mini Dress - Nude/Beige/Pink/Blue,Size: 10,5f2ce494-72d9-417b-84de-2b0779351716,7275016454301,41909319172253,44007385792669,S0301-70 - B-3,S0301-70 - B,S0301-70 - B,no,yes,yes
Sana Mini Dress - Nude/Beige/Pink/Blue,Size: 12,54e91b96-2c70-47fb-93a0-ef9f028dfcfe,7275016454301,41909319205021,44007385825437,S0301-70 - B-4,S0301-70 - B,S0301-70 - B,no,yes,yes
Sana Mini Dress - Nude/Beige/Pink/Blue,Size: 14,1590d08c-21c3-451b-979f-86ab9fa2693b,7275016454301,41909319270557,44007385890973,S0301-70 - B-6,S0301-70 - B,S0301-70 - B,no,yes,yes
Sana Mini Dress - Nude/Beige/Pink/Blue,Size: 16,3a9b6920-51b9-4e44-ac7c-0fec15235138,7275016454301,41909319237789,44007385858205,S0301-70 - B-5,S0301-70 - B,S0301-70 - B,no,yes,yes
Sana Mini Dress - Nude/Beige/Pink/Blue,Size: 8,765c97ba-8b15-4a73-a2b5-92913384010b,7275016454301,41909319139485,44007385759901,S0301-70 - B-2,S0301-70 - B,S0301-70 - B,no,yes,yes
Sana Mini dress-Brown/Aqua/Orange/Yellow,Size: 10,19dfc64f-1c11-49a0-83ea-a529289a4519,6873655181469,40539614609565,42635873222813,S0301-55 - B3-3,S0301-55 - B3,S0301-55 - B3,no,yes,yes
Sana Mini dress-Brown/Aqua/Orange/Yellow,Size: 12,416e7dce-b615-4347-b017-28dfc1031b8d,6873655181469,40539614642333,42635873255581,S0301-55 - B3-4,S0301-55 - B3,S0301-55 - B3,no,yes,yes
Sana Mini dress-Brown/Aqua/Orange/Yellow,Size: 14,2406a4ed-30af-4a3e-ac21-8f70d728e890,6873655181469,40539614707869,42635873321117,S0301-55 - B3-6,S0301-55 - B3,S0301-55 - B3,no,yes,yes
Sana Mini dress-Brown/Aqua/Orange/Yellow,Size: 16,699682bb-58fb-4b1c-8513-d98a5c93a1a6,6873655181469,40539614675101,42635873288349,S0301-55 - B3-5,S0301-55 - B3,S0301-55 - B3,no,yes,yes
Sana Mini dress-Brown/Aqua/Orange/Yellow,Size: 8,9c530013-db92-44a3-ac1c-4e005c7004d5,6873655181469,40539614576797,42635873157277,S0301-55 - B3-2,S0301-55 - B3,S0301-55 - B3,no,yes,yes
Sancia Cupro Yellow Set - By Frankie,Size: L,b19dee5f-1a0c-482c-b500-745764dd04af,10460322234673,52072683307313,54163004195121,6655 - BF2-5,6655 - BF2,6655 - BF2,no,yes,yes
Sancia Cupro Yellow Set - By Frankie,Size: M,65e1960a-7661-4fd3-9f1a-9442c924d589,10460322234673,52072683274545,54163004162353,6655 - BF2-4,6655 - BF2,6655 - BF2,no,yes,yes
Sancia Cupro Yellow Set - By Frankie,Size: S,21a74de2-bd8d-46fe-928a-6b2e0b5712ef,10460322234673,52072683241777,54163004129585,6655 - BF2-3,6655 - BF2,6655 - BF2,no,yes,yes
Sancia Cupro Yellow Set - By Frankie,Size: XS,67e51eb3-92cc-4d71-b767-f4f3649071e4,10460322234673,52072683209009,54163004096817,6655 - BF2-2,6655 - BF2,6655 - BF2,no,yes,yes
Sanita Maxi Dress - Pink,Size: L/12,85ba841a-8e98-479f-898c-614d70dc9c50,10045542826289,50162862948657,52214686843185,2011110-20 - L-5,2011110-20 - L,2011110-20 - L,no,yes,yes
Sanita Maxi Dress - Pink,Size: M/10,a5341032-1b52-42c5-b197-111e1bfdce46,10045542826289,50162862915889,52214686810417,2011110-20 - L-4,2011110-20 - L,2011110-20 - L,no,yes,yes
Sanita Maxi Dress - Pink,Size: S/8,463b7b88-ac1a-43cc-b8ce-e0fc20386e7a,10045542826289,50162862883121,52214686777649,2011110-20 - L-3,2011110-20 - L,2011110-20 - L,no,yes,yes
Sanita Maxi Dress - Pink,Size: XS/6,5cd6d4b8-390f-4a16-bafd-129b2ccdd25e,10045542826289,50162862850353,52214686744881,2011110-20 - L-2,2011110-20 - L,2011110-20 - L,no,yes,yes
Sarah Mini Dress - Blue,Size: 16,dc4c7210-55f3-4ff9-90b8-a5abcbdad262,7104878444701,41377774469277,43473870258333,JA179 - J-6,JA179 - J,JA179 - J,no,yes,yes
Sarah Mini Dress - Blue,Size: 18,ee3d466f-c630-42e6-99ab-034058522408,7104878444701,41377774502045,43473870291101,JA179 - J-7,JA179 - J,JA179 - J,no,yes,yes
Sarah Mini Dress - Blue,Size: 20,92151d1d-72b1-430f-8433-5dd8fd897957,7104878444701,41377774534813,43473870323869,JA179 - J-8,JA179 - J,JA179 - J,no,yes,yes
Sarah Mini Dress - Blue,Size: L,75fd9825-92a9-4188-be2d-b602d070d27a,7104878444701,41237636284573,43333415207069,JA179 - J-4,JA179 - J,JA179 - J,no,yes,yes
Sarah Mini Dress - Blue,Size: M,7837c4aa-3571-43fd-9e5e-2fc09cfbd592,7104878444701,41237636251805,43333415174301,JA179 - J-3,JA179 - J,JA179 - J,no,yes,yes
Sarah Mini Dress - Blue,Size: S,67a2f4e7-ce8d-427a-aa9a-22e38f0a4dc1,7104878444701,41237636219037,43333415141533,JA179 - J-2,JA179 - J,JA179 - J,no,yes,yes
Sarah Mini Dress - Blue,Size: XL,a484a762-f816-4a47-8808-dc2ff23bf120,7104878444701,41237636350109,43333415239837,JA179 - J-5,JA179 - J,JA179 - J,no,yes,yes
Sarah Mini Dress - Pink,Size: 10,dbb75c7b-3adb-4dfe-babd-afe76809910e,7475427639453,42626013528221,44723475382429,SR0084J - E-3,SR0084J - E,SR0084J - E,no,yes,yes
Sarah Mini Dress - Pink,Size: 12,2fd9d86a-b674-4947-805a-0b9d0304374c,7475427639453,42626013560989,44723475415197,SR0084J - E-4,SR0084J - E,SR0084J - E,no,yes,yes
Sarah Mini Dress - Pink,Size: 8,151adf3c-29ae-42fd-bd40-46c63f01dac8,7475427639453,42626013495453,44723475349661,SR0084J - E-2,SR0084J - E,SR0084J - E,no,yes,yes
Sarah Top - Navy,Size: L,d4bd1a9b-543d-4cae-8706-025570ee94ef,6909299032221,40654689960093,42751086526621,B4-7,B4,B4,no,yes,yes
Sarah Top - Navy,Size: M,40e67440-0263-4e56-9be0-5d379292afb4,6909299032221,40654550302877,42750946836637,B4-6,B4,B4,no,yes,yes
Sarah Top - Navy,Size: S,01e4fb57-706d-4533-a162-519b4f94dfbf,6909299032221,40654550270109,42750946803869,B4-5,B4,B4,no,yes,yes
Sariah Shirred Maxi Dress - Pink/Blue,Size: L,64ebf45b-7b4c-48d0-ad1b-fd0b371e38cf,10639526625585,53470189486385,55574135406897,20161126 825 - A10-5,20161126 825 - A10,20161126 825 - A10,no,yes,yes
Sariah Shirred Maxi Dress - Pink/Blue,Size: M,d782d493-9f66-433d-a42f-6a49d642f74e,10639526625585,53470189453617,55574135374129,20161126 825 - A10-4,20161126 825 - A10,20161126 825 - A10,no,yes,yes
Sariah Shirred Maxi Dress - Pink/Blue,Size: S,e8b4c36f-51bc-41a1-9d47-2e061b5aab32,10639526625585,53470189420849,55574135341361,20161126 825 - A10-3,20161126 825 - A10,20161126 825 - A10,no,yes,yes
Sariah Shirred Maxi Dress - Pink/Blue,Size: XS,f30bed2e-41f6-4289-b60b-fc6ffae1a7e0,10639526625585,53470189388081,55574135308593,20161126 825 - A10-2,20161126 825 - A10,20161126 825 - A10,no,yes,yes
Savanah Blouse - Black,Size: 16,752ae9a6-5d20-4a01-832e-0a9de55ac05d,9717297905969,49268387021105,51315398410545,S15-096#1048 - C4-7,S15-096#1048 - C4,S15-096#1048 - C4,no,yes,yes
Savanah Blouse - Black,Size: 18,314f59f6-d10c-44ef-8e60-a010170181de,9717297905969,49268387053873,51315398443313,S15-096#1048 - C4-8,S15-096#1048 - C4,S15-096#1048 - C4,no,yes,yes
Savanah Blouse - Black,Size: L,f5196a41-6d27-43ae-ada8-be460b8964e8,9717297905969,49268386955569,51315398345009,S15-096#1048 - C4-5,S15-096#1048 - C4,S15-096#1048 - C4,no,yes,yes
Savanah Blouse - Black,Size: M,6da5017f-8c7c-49a6-adfc-4274dbf51590,9717297905969,49268386922801,51315398312241,S15-096#1048 - C4-4,S15-096#1048 - C4,S15-096#1048 - C4,no,yes,yes
Savanah Blouse - Black,Size: S,e295e55b-6101-48a6-b97d-e81800486022,9717297905969,49268386890033,51315398279473,S15-096#1048 - C4-3,S15-096#1048 - C4,S15-096#1048 - C4,no,yes,yes
Savanah Blouse - Black,Size: XL,bad7af58-ff5a-4bb4-9ac6-3ae50b0de988,9717297905969,49268386988337,51315398377777,S15-096#1048 - C4-6,S15-096#1048 - C4,S15-096#1048 - C4,no,yes,yes
Savanah Blouse - Black,Size: XS,ccdf8977-aa48-4108-8d91-d8998e06285f,9717297905969,49268386857265,51315398246705,S15-096#1048 - C4-2,S15-096#1048 - C4,S15-096#1048 - C4,no,yes,yes
Savanah Mini - Black,Size: L,0959bfbc-b97e-4d12-b42f-76e573c8e404,9717294760241,49268364509489,51315375898929,2023044#1048 - C4-5,2023044#1048 - C4,2023044#1048 - C4,no,yes,yes
Savanah Mini - Black,Size: M,1c8b2106-0e9e-4505-84ae-c2aed5d67ba8,9717294760241,49268364476721,51315375866161,2023044#1048 - C4-4,2023044#1048 - C4,2023044#1048 - C4,no,yes,yes
Savanah Mini - Black,Size: S,060e2873-2967-415a-a45d-f14c150bcf81,9717294760241,49268364443953,51315375833393,2023044#1048 - C4-3,2023044#1048 - C4,2023044#1048 - C4,no,yes,yes
Savanah Mini - Black,Size: XS,6158d856-077b-4549-9429-92a1c6f34915,9717294760241,49268364411185,51315375800625,2023044#1048 - C4-2,2023044#1048 - C4,2023044#1048 - C4,no,yes,yes
Savannah Embellished Jumpsuit- Black sparkle gems,Size: 10,d3114071-bcd0-4b8e-9932-d02b0df9e783,6590523244701,39426854027421,41520897294493,33233-7 - E-2,33233-7 - E,33233-7 - E,no,yes,yes
Savannah Embellished Jumpsuit- Black sparkle gems,Size: 12,275d9f8b-585f-4930-85ee-f1e0f88eaf12,6590523244701,39426854060189,41520897327261,33233-7 - E-3,33233-7 - E,33233-7 - E,no,yes,yes
Savannah Embellished Jumpsuit- Black sparkle gems,Size: 14,8c663af1-5910-4ad9-ba3d-8c02b02cd736,6590523244701,39426854092957,41520897360029,33233-7 - E-4,33233-7 - E,33233-7 - E,no,yes,yes
Sea Gypsy Boob Tube Set - By Frankie,Size: L,ed370c4e-30ee-45f8-b836-0dd3e843ec5d,10552165007665,52446927749425,54543792570673,1155 - BF2-5,1155 - BF2,1155 - BF2,no,yes,yes
Sea Gypsy Boob Tube Set - By Frankie,Size: M,1cc5b728-b3df-454c-ab70-10dccde4753b,10552165007665,52446927716657,54543792537905,1155 - BF2-4,1155 - BF2,1155 - BF2,no,yes,yes
Sea Gypsy Boob Tube Set - By Frankie,Size: S,c2249b29-9ab9-4ed2-b11a-45faef1af503,10552165007665,52446927683889,54543792505137,1155 - BF2-3,1155 - BF2,1155 - BF2,no,yes,yes
Sea Gypsy Boob Tube Set - By Frankie,Size: XS,c1af6825-1676-4139-96fb-61225c7aac85,10552165007665,52446927651121,54543792472369,1155 - BF2-2,1155 - BF2,1155 - BF2,no,yes,yes
Seashells and Sea Star Lace Pants Black Set - By Frankie,Size: L,4425fe64-9fa2-4cfc-9eb3-01523e7b4d17,10306774401329,51416844665137,53484060770609,539-1 Warehouse-5,539-1 Warehouse,539-1 Warehouse,no,yes,yes
Seashells and Sea Star Lace Pants Black Set - By Frankie,Size: M,656c257d-4694-4629-a26f-42b85bead4db,10306774401329,51416844632369,53484060737841,539-1 Warehouse-4,539-1 Warehouse,539-1 Warehouse,no,yes,yes
Seashells and Sea Star Lace Pants Black Set - By Frankie,Size: S,46181449-f38b-4015-a776-d4d09c14cdc5,10306774401329,51416844599601,53484060705073,539-1 Warehouse-3,539-1 Warehouse,539-1 Warehouse,no,yes,yes
Seashells and Sea Star Lace Pants Black Set - By Frankie,Size: XS,0fc0210a-b914-4e9a-99cf-7b8abe756e72,10306774401329,51416844566833,53484060672305,539-1 Warehouse-2,539-1 Warehouse,539-1 Warehouse,no,yes,yes
Seashells and Sea Star Lace Pants Brown Set - By Frankie,Size: L,9b7c237e-2eb7-41fa-93fc-26d10d824e5f,10305612611889,51411949519153,53479174242609,539-4-5,539-4,539-4,no,yes,yes
Seashells and Sea Star Lace Pants Brown Set - By Frankie,Size: M,34246972-4cf9-42b9-b8c9-fefbaa6f7be2,10305612611889,51411949486385,53479174209841,539-4-4,539-4,539-4,no,yes,yes
Seashells and Sea Star Lace Pants Brown Set - By Frankie,Size: S,907530d4-f589-4e6e-9415-a871d1476297,10305612611889,51411949453617,53479174177073,539-4-3,539-4,539-4,no,yes,yes
Seashells and Sea Star Lace Pants Brown Set - By Frankie,Size: XS,f4ea479b-cef9-4757-b1c0-fd8b96cbeb0b,10305612611889,51411949420849,53479174144305,539-4-2,539-4,539-4,no,yes,yes
Seashells and Sea Star Top - By Frankie,Size: L,a91326a4-49ad-47da-8d1f-4c95a67474af,10313653223729,51445691482417,53512974827825,886-1 warehouse-5,886-1 warehouse,886-1 warehouse,no,yes,yes
Seashells and Sea Star Top - By Frankie,Size: L,2724904f-1a01-4b60-b7bc-89963ad0eeb2,10320057041201,51463958069553,53531118141745,886-1 warehouse-10,886-1 warehouse,886-1 warehouse,no,yes,yes
Seashells and Sea Star Top - By Frankie,Size: L,31b6796c-4507-4a90-8790-753add7c8b6a,10320083943729,51464008237361,53531168112945,886-1 BF2-5,886-1 BF2,886-1 BF2,no,yes,yes
Seashells and Sea Star Top - By Frankie,Size: M,541e61e5-22ba-4220-81a0-51b6de377c31,10313653223729,51445691449649,53512974795057,886-1 warehouse-4,886-1 warehouse,886-1 warehouse,no,yes,yes
Seashells and Sea Star Top - By Frankie,Size: M,cbb56926-ebca-4b6a-ad9f-7164265e4a1b,10320057041201,51463958036785,53531118108977,886-1 warehouse-9,886-1 warehouse,886-1 warehouse,no,yes,yes
Seashells and Sea Star Top - By Frankie,Size: M,46d243c7-37e9-4961-a4ae-5247eca06c16,10320083943729,51464008204593,53531168080177,886-1 BF2-4,886-1 BF2,886-1 BF2,no,yes,yes
Seashells and Sea Star Top - By Frankie,Size: S,ad629686-c80a-47ee-93c8-1a75ec4af785,10313653223729,51445691416881,53512974762289,886-1 warehouse-3,886-1 warehouse,886-1 warehouse,no,yes,yes
Seashells and Sea Star Top - By Frankie,Size: S,a196a5b7-c0db-4e8f-9767-55f72d158c2e,10320057041201,51463958004017,53531118076209,886-1 warehouse-8,886-1 warehouse,886-1 warehouse,no,yes,yes
Seashells and Sea Star Top - By Frankie,Size: S,b222c909-a9c3-497c-ab00-02bc523f893a,10320083943729,51464008171825,53531168047409,886-1 BF2-3,886-1 BF2,886-1 BF2,no,yes,yes
Seashells and Sea Star Top - By Frankie,Size: XL,7e255080-31aa-4bd3-a132-f066cde357de,10313653223729,51445691515185,53512974860593,886-1 warehouse-6,886-1 warehouse,886-1 warehouse,no,yes,yes
Seashells and Sea Star Top - By Frankie,Size: XS,9962aa3b-a0ee-422b-804b-0eebdf9d5ceb,10313653223729,51445691384113,53512974729521,886-1 warehouse-2,886-1 warehouse,886-1 warehouse,no,yes,yes
Seashells and Sea Star Top - By Frankie,Size: XS,42752737-a429-4bc3-9b85-313520354c6f,10320057041201,51463957971249,53531118043441,886-1 warehouse-7,886-1 warehouse,886-1 warehouse,no,yes,yes
Seashells and Sea Star Top - By Frankie,Size: XS,e7abf8dc-04c9-41fa-ba71-7543f79dcfc8,10320083943729,51464008139057,53531168014641,886-1 BF2-2,886-1 BF2,886-1 BF2,no,yes,yes
Seashells and Seastar Lace Pants White Set - By Frankie,Size: L,422b3cdd-5dcc-420a-a2d8-9a951d61541e,10305607565617,51411912753457,53479137509681,539-2 -BF2-5,539-2 -BF2,539-2 -BF2,no,yes,yes
Seashells and Seastar Lace Pants White Set - By Frankie,Size: M,3e995453-5d74-435e-be3e-7af8f59821f3,10305607565617,51411912720689,53479137476913,539-2 -BF2-4,539-2 -BF2,539-2 -BF2,no,yes,yes
Seashells and Seastar Lace Pants White Set - By Frankie,Size: S,c38871b0-9928-4fea-bb47-aae093d41bb9,10305607565617,51411912687921,53479137444145,539-2 -BF2-3,539-2 -BF2,539-2 -BF2,no,yes,yes
Seashells and Seastar Lace Pants White Set - By Frankie,Size: XS,775ae282-088b-4ec3-84a1-f1755417faf4,10305607565617,51411912655153,53479137411377,539-2 -BF2-2,539-2 -BF2,539-2 -BF2,no,yes,yes
Seashells Playsuit - By Frankie,Size: L,f88ecc39-2abf-4e8b-90fc-f5093ee9bec0,9969003036977,49872461136177,51922118869297,1039-33-B9-5,1039-33-B9,1039-33-B9,no,yes,yes
Seashells Playsuit - By Frankie,Size: L,bd16b418-bebe-4098-a798-40b710fdf405,10136135860529,50543618720049,52606122623281,1039-44 - A15-5,1039-44 - A15,1039-44 - A15,no,yes,yes
Seashells Playsuit - By Frankie,Size: M,24d6d52f-f392-4ead-8e20-9b7c4b8b22a6,9969003036977,49872461103409,51922118836529,1039-33-B9-4,1039-33-B9,1039-33-B9,no,yes,yes
Seashells Playsuit - By Frankie,Size: M,2571def0-4eb3-4713-ae18-f7a619203588,10136135860529,50543618687281,52606122590513,1039-44 - A15-4,1039-44 - A15,1039-44 - A15,no,yes,yes
Seashells Playsuit - By Frankie,Size: S,517cce4a-296b-45aa-a3d6-cc0a2a5c7bc9,9969003036977,49872461070641,51922118803761,1039-33-B9-3,1039-33-B9,1039-33-B9,no,yes,yes
Seashells Playsuit - By Frankie,Size: S,88511016-c098-46e6-b089-35874073aa60,10136135860529,50543618654513,52606122557745,1039-44 - A15-3,1039-44 - A15,1039-44 - A15,no,yes,yes
Seashells Playsuit - By Frankie,Size: XS,1097e8c8-bcad-4f33-bbaa-9a70cd667ca0,9969003036977,49872461037873,51922118770993,1039-33-B9-2,1039-33-B9,1039-33-B9,no,yes,yes
Seashells Playsuit - By Frankie,Size: XS,6a293d30-82b7-4b3e-b93f-e151896cd73b,10136135860529,50543618621745,52606122524977,1039-44 - A15-2,1039-44 - A15,1039-44 - A15,no,yes,yes
Seashells Set - By Frankie,Size: L,e6d0533b-f828-4f15-a64b-16dfc2e3bffb,10191417639217,50743649927473,52813151895857,801-51 - B9-5,801-51 - B9,801-51 - B9,no,yes,yes
Seashells Set - By Frankie,Size: M,732c39d3-ab2c-478e-8a4e-ca43f9cd6fa0,10191417639217,50743649894705,52813151863089,801-51 - B9-4,801-51 - B9,801-51 - B9,no,yes,yes
Seashells Set - By Frankie,Size: S,9ea5beb0-f38e-4958-ac9c-72b76a9f43b7,10191417639217,50743649861937,52813151830321,801-51 - B9-3,801-51 - B9,801-51 - B9,no,yes,yes
Seashells Set - By Frankie,Size: XS,56672ae4-c713-4d2f-8a64-95e89dcff53b,10191417639217,50743649829169,52813151797553,801-51 - B9-2,801-51 - B9,801-51 - B9,no,yes,yes
Selena Belted Midi - Black,Size: 10/S,7a1142c0-3547-4e80-ab13-9242eb0f8acc,9957155471665,49840065413425,51889649090865,280 3304-13,280 3304,280 3304,no,yes,yes
Selena Belted Midi - Black,Size: 12/M,07cc0cd5-6bc5-4a28-b35a-56cf69004404,9957155471665,49840065446193,51889649123633,280 3304-14,280 3304,280 3304,no,yes,yes
Selena Belted Midi - Black,Size: 14/L,de347a08-73e9-4214-ad0f-dcf5fdd5623e,9957155471665,49840065478961,51889649156401,280 3304-15,280 3304,280 3304,no,yes,yes
Selena Belted Midi - Black,Size: 8/XS,7b9ef7ac-2dc9-4f75-8427-86e931bdf218,9957155471665,49840065380657,51889649058097,280 3304-12,280 3304,280 3304,no,yes,yes
Selena Belted Midi - Navy,Size: 10/S,cafffcf6-a0e6-4961-8b7c-e8432176f3d2,9957152948529,49840056664369,51889640341809,280 3304-3,280 3304,280 3304,no,yes,yes
Selena Belted Midi - Navy,Size: 12/M,00600f7a-bf28-49f0-b035-1fe3a908678a,9957152948529,49840056697137,51889640374577,280 3304-4,280 3304,280 3304,no,yes,yes
Selena Belted Midi - Navy,Size: 14/L,c5183961-20db-4f73-9fba-489caa09a10e,9957152948529,49840056729905,51889640407345,280 3304-5,280 3304,280 3304,no,yes,yes
Selena Belted Midi - Navy,Size: 16/XL,df8ba071-a061-42c9-838a-ea6e1353bdd1,9957152948529,49840056762673,51889640440113,280 3304-6,280 3304,280 3304,no,yes,yes
Selena Belted Midi - Navy,Size: 8/XS,d5e6ed25-f613-4102-b3b2-6693924f6a75,9957152948529,49840056631601,51889640309041,280 3304-2,280 3304,280 3304,no,yes,yes
Selina Pants - Green,Size: L,e5fa6d27-a5f4-45ad-b5af-e00ca47db047,10118915686705,50472957575473,52528615227697,SJ-0059-55485 - A3-5,SJ-0059-55485 - A3,SJ-0059-55485 - A3,no,yes,yes
Selina Pants - Green,Size: M,942367f0-0597-4b4f-953f-c8c79b403bfb,10118915686705,50472957542705,52528615194929,SJ-0059-55485 - A3-4,SJ-0059-55485 - A3,SJ-0059-55485 - A3,no,yes,yes
Selina Pants - Green,Size: S,7a627996-15db-4c6b-b6c2-c596ab222f9a,10118915686705,50472957509937,52528615162161,SJ-0059-55485 - A3-3,SJ-0059-55485 - A3,SJ-0059-55485 - A3,no,yes,yes
Selina Pants - Green,Size: XS,cc80b329-7376-4e10-b108-0712d36a0815,10118915686705,50472957477169,52528615129393,SJ-0059-55485 - A3-2,SJ-0059-55485 - A3,SJ-0059-55485 - A3,no,yes,yes
Selina Shirt - Green,Size: L,29172177-393d-4112-9e2f-43cb7b50eb23,10118916440369,50473074655537,52528738337073,RS JAS221011-55485 - A3-5,RS JAS221011-55485 - A3,RS JAS221011-55485 - A3,no,yes,yes
Selina Shirt - Green,Size: M,6640380b-e5c5-4e55-bfaf-5239e70165cb,10118916440369,50473074622769,52528738304305,RS JAS221011-55485 - A3-4,RS JAS221011-55485 - A3,RS JAS221011-55485 - A3,no,yes,yes
Selina Shirt - Green,Size: S,26f202b8-383a-465f-a657-cd7180f706d0,10118916440369,50473074590001,52528738271537,RS JAS221011-55485 - A3-3,RS JAS221011-55485 - A3,RS JAS221011-55485 - A3,no,yes,yes
Selina Shirt - Green,Size: XS,484ecf4d-7a75-4ad0-b399-08ba5793b3c4,10118916440369,50473074557233,52528738238769,RS JAS221011-55485 - A3-2,RS JAS221011-55485 - A3,RS JAS221011-55485 - A3,no,yes,yes
Sequins Mesh Pants,Size: 10,b73f557a-41c0-4ebf-8255-dc5cfb118069,10625666482481,53242616348977,55345171759409,VV12008/ 694-3P - BF9-3,VV12008/ 694-3P - BF9,VV12008/ 694-3P - BF9,no,yes,yes
Sequins Mesh Pants,Size: 10,26485b4b-b1ff-4bbb-b8cb-e5ee952d6fda,10720469614897,55191721607473,57303845437745,VV12008/ 694-3P - BF9-8,VV12008/ 694-3P - BF9,VV12008/ 694-3P - BF9,no,yes,yes
Sequins Mesh Pants,Size: 12,d1f7a70c-1282-4805-a68a-37da4e521667,10625666482481,53242616381745,55345171792177,VV12008/ 694-3P - BF9-4,VV12008/ 694-3P - BF9,VV12008/ 694-3P - BF9,no,yes,yes
Sequins Mesh Pants,Size: 12,6235dba7-4cfd-4cbd-a7f1-038a4170ac46,10720469614897,55191721640241,57303845470513,VV12008/ 694-3P - BF9-9,VV12008/ 694-3P - BF9,VV12008/ 694-3P - BF9,no,yes,yes
Sequins Mesh Pants,Size: 14,a87525c5-a3bd-4437-819f-3b86b35723f2,10625666482481,53242616414513,55345171824945,VV12008/ 694-3P - BF9-5,VV12008/ 694-3P - BF9,VV12008/ 694-3P - BF9,no,yes,yes
Sequins Mesh Pants,Size: 14,e2d61af1-e2ee-4a68-b528-21887e5cb14c,10720469614897,55191721673009,57303845503281,VV12008/ 694-3P - BF9-10,VV12008/ 694-3P - BF9,VV12008/ 694-3P - BF9,no,yes,yes
Sequins Mesh Pants,Size: 16,f12696f1-ecbb-4238-be27-45741ba97a8d,10625666482481,54470461391153,56580247912753,VV12008/ 694-3P - BF9-6,VV12008/ 694-3P - BF9,VV12008/ 694-3P - BF9,no,yes,yes
Sequins Mesh Pants,Size: 8,4a5ec158-3824-434e-aaed-e68cb38fb861,10625666482481,53242616316209,55345171726641,VV12008/ 694-3P - BF9-2,VV12008/ 694-3P - BF9,VV12008/ 694-3P - BF9,no,yes,yes
Sequins Mesh Pants,Size: 8,00e6b8f3-f7db-4cc6-8173-0f3f55442b8d,10720469614897,55191721574705,57303845404977,VV12008/ 694-3P - BF9-7,VV12008/ 694-3P - BF9,VV12008/ 694-3P - BF9,no,yes,yes
Seraphina Pants - Purple,Size: L,e2489e0e-4b87-4a0f-9f58-4456b9a315c4,10332713976113,51540945469745,53608159576369,JB-040 - RB029 Jaase Box 55-5,JB-040 - RB029 Jaase Box 55,JB-040 - RB029 Jaase Box 55,no,yes,yes
Seraphina Pants - Purple,Size: M,9065da9b-8036-48b0-a87a-bddc5277d5c2,10332713976113,51540945436977,53608159543601,JB-040 - RB029 Jaase Box 55-4,JB-040 - RB029 Jaase Box 55,JB-040 - RB029 Jaase Box 55,no,yes,yes
Seraphina Pants - Purple,Size: S,dfdf6097-5b80-4f87-b57a-4eacc3ce29b5,10332713976113,51540945404209,53608159510833,JB-040 - RB029 Jaase Box 55-3,JB-040 - RB029 Jaase Box 55,JB-040 - RB029 Jaase Box 55,no,yes,yes
Seraphina Pants - Purple,Size: XS,5b3ddc4f-afd7-4bf1-97ec-15af441f167d,10332713976113,51540945371441,53608159478065,JB-040 - RB029 Jaase Box 55-2,JB-040 - RB029 Jaase Box 55,JB-040 - RB029 Jaase Box 55,no,yes,yes
Seraphina Shirt - Purple,Size: L,caabb635-9e2e-4324-8436-5c9012a6ae23,10332713713969,51540944290097,53608158331185,JB039-rb029 Jaase Box 55-5,JB039-rb029 Jaase Box 55,JB039-rb029 Jaase Box 55,no,yes,yes
Seraphina Shirt - Purple,Size: M,4aa6861c-9e98-4f98-b51c-d49e5a2645d9,10332713713969,51540944257329,53608158298417,JB039-rb029 Jaase Box 55-4,JB039-rb029 Jaase Box 55,JB039-rb029 Jaase Box 55,no,yes,yes
Seraphina Shirt - Purple,Size: S,c58f8764-f007-418e-97b8-363afb6df455,10332713713969,51540944224561,53608158265649,JB039-rb029 Jaase Box 55-3,JB039-rb029 Jaase Box 55,JB039-rb029 Jaase Box 55,no,yes,yes
Seraphina Shirt - Purple,Size: XS,e18f727c-4a25-43b7-b05b-1d9df67e7dc4,10332713713969,51540944191793,53608158232881,JB039-rb029 Jaase Box 55-2,JB039-rb029 Jaase Box 55,JB039-rb029 Jaase Box 55,no,yes,yes
Serena Embroidery Blouse - Pastel Lilac,Size: L,b8d7ab0c-7bf8-4d5d-b399-4841fb805d37,7545766674589,42803908182173,44902191595677,280 1392 BOX 1 GDS-4,280 1392 BOX 1 GDS,280 1392 BOX 1 GDS,no,yes,yes
Serena Embroidery Blouse - Pastel Lilac,Size: M,079fe37c-6da6-4a3f-a62c-0b8a40db37b3,7545766674589,42803908149405,44902191562909,280 1392 BOX 1 GDS-3,280 1392 BOX 1 GDS,280 1392 BOX 1 GDS,no,yes,yes
Serena Embroidery Blouse - Pastel Lilac,Size: S,128e389c-1e03-4955-b30a-e0037641170a,7545766674589,42803908116637,44902191530141,280 1392 BOX 1 GDS-2,280 1392 BOX 1 GDS,280 1392 BOX 1 GDS,no,yes,yes
Serena Embroidery Blouse - Pastel Lilac,Size: XL,7d18a082-56c1-4c4d-aea2-7f1a1c7c338d,7545766674589,42803908214941,44902191628445,280 1392 BOX 1 GDS-5,280 1392 BOX 1 GDS,280 1392 BOX 1 GDS,no,yes,yes
Serena Embroidery Blouse - Salmon Pink,Size: L,c09749ee-008a-4c50-a02d-b5c5480e7ba2,7545821823133,42803987349661,44902270763165,280 1392 BOX 1 GDS-9,280 1392 BOX 1 GDS,280 1392 BOX 1 GDS,no,yes,yes
Serena Embroidery Blouse - Salmon Pink,Size: M,694e544a-57a8-41ad-9337-987e8471e223,7545821823133,42803987316893,44902270730397,280 1392 BOX 1 GDS-8,280 1392 BOX 1 GDS,280 1392 BOX 1 GDS,no,yes,yes
Serena Embroidery Blouse - Salmon Pink,Size: S,b8dd5de6-8b06-4180-a734-96a5f095ff40,7545821823133,42803987284125,44902270697629,280 1392 BOX 1 GDS-7,280 1392 BOX 1 GDS,280 1392 BOX 1 GDS,no,yes,yes
Serena Embroidery Blouse - Salmon Pink,Size: XL,a353bfae-b399-469e-9a54-40b2f2f0ccee,7545821823133,42803987382429,44902270795933,280 1392 BOX 1 GDS-10,280 1392 BOX 1 GDS,280 1392 BOX 1 GDS,no,yes,yes
Serena Embroidery Blouse - Salmon Pink,Size: XS,e2c66446-3842-4ba5-9f79-d4d6c3fa7d61,7545821823133,42803987251357,44902270664861,280 1392 BOX 1 GDS-6,280 1392 BOX 1 GDS,280 1392 BOX 1 GDS,no,yes,yes
Serena Embroidery Blouse - White/Cream,Size: L,c6a672db-9731-434e-8ac9-3d6bab1daad2,7545813926045,42803976306845,44902259720349,280 1392 Box 10-4,280 1392 Box 10,280 1392 Box 10,no,yes,yes
Serena Embroidery Blouse - White/Cream,Size: M,4e94e4e0-da7b-40a6-a784-8cc49289d0fd,7545813926045,42803976274077,44902259687581,280 1392 Box 10-3,280 1392 Box 10,280 1392 Box 10,no,yes,yes
Serena Embroidery Blouse - White/Cream,Size: S,5c0747b9-8ee8-4dd4-af53-88fb98a45039,7545813926045,42803976241309,44902259654813,280 1392 Box 10-2,280 1392 Box 10,280 1392 Box 10,no,yes,yes
Serena Embroidery Blouse - White/Cream,Size: XL,9237aa21-8c30-4faf-bbba-ad5193bd85fc,7545813926045,42803976339613,44902259753117,280 1392 Box 10-5,280 1392 Box 10,280 1392 Box 10,no,yes,yes
Serena Embroidery Shorts - Salmon/White,Size: S,ce9026a0-085e-44c5-905e-cafcc0b6e02f,8006132367665,43944615379249,45994110288177,208 1395-2,208 1395,208 1395,no,yes,yes
Serena Embroidery Shorts - Salmon/White,Size: XL,07d2d5cd-0ea8-4bbd-905d-5a0419f894bd,8006132367665,43944615477553,45994110386481,208 1395 MKT-2,208 1395 MKT,208 1395 MKT,no,yes,yes
Serena Embroidery Shorts - White/Cream,Size: L,c6bcb1bd-e500-4476-bb64-fb81d07edf15,7549396648093,42810324287645,44908615205021,280 1395-4,280 1395,280 1395,no,yes,yes
Serena Embroidery Shorts - White/Cream,Size: M,144393eb-b163-4d53-99ec-79d99dc27acc,7549396648093,42810324254877,44908615172253,280 1395-3,280 1395,280 1395,no,yes,yes
Serena Embroidery Shorts - White/Cream,Size: S,580cc92e-5d65-4d55-9307-620b8453cbb1,7549396648093,42810324222109,44908615139485,280 1395-2,280 1395,280 1395,no,yes,yes
Serena Embroidery Shorts - White/Cream,Size: XL,16b90d85-a627-4737-ad38-43603b8ec66d,7549396648093,42810324320413,44908615237789,280 1395-5,280 1395,280 1395,no,yes,yes
Shania Earrings - Maroon/Gold,Size: One size,461e7575-9087-4264-a2a1-7cf2a18a3813,7300487970973,42050840166557,44149712814237,AED-2314-2,AED-2314,AED-2314,no,yes,yes
Sharmilla Midi Dress - Blue,Size: L,cff75250-4a5c-47ac-a407-7e98163ba581,6796823691421,40285877567645,42381939802269,JA 201970 - 757 - A1-4,JA 201970 - 757 - A1,JA 201970 - 757 - A1,no,yes,yes
Sharmilla Midi Dress - Blue,Size: M,4cd5d93e-b897-4aec-9735-3038696aec83,6796823691421,40285877534877,42381939769501,JA 201970 - 757 - A1-3,JA 201970 - 757 - A1,JA 201970 - 757 - A1,no,yes,yes
Sharmilla Midi Dress - Blue,Size: S,660201e8-5229-497d-8004-9e57d1607075,6796823691421,40285877502109,42381939736733,JA 201970 - 757 - A1-2,JA 201970 - 757 - A1,JA 201970 - 757 - A1,no,yes,yes
Sharmilla Midi Dress - Blue,Size: XL,86059468-601e-4fb0-b57b-c22a52099d7a,6796823691421,40285877600413,42381939835037,JA 201970 - 757 - A1-5,JA 201970 - 757 - A1,JA 201970 - 757 - A1,no,yes,yes
Shaya Maxi Skirt - Khaki/Purple,Size: L,e7704a94-f0d2-4be0-8593-42f8e1962db0,9426196431153,48556399952177,50603634819377,JB035-RB027GRN - G-5,JB035-RB027GRN - G,JB035-RB027GRN - G,no,yes,yes
Shaya Maxi Skirt - Khaki/Purple,Size: M,edddc157-e162-4f83-b0b3-e68935cc1986,9426196431153,48556399919409,50603634786609,JB035-RB027GRN - G-4,JB035-RB027GRN - G,JB035-RB027GRN - G,no,yes,yes
Shaya Maxi Skirt - Khaki/Purple,Size: S,4386cb48-45ca-455e-9e74-3e897af75b0a,9426196431153,48556399886641,50603634753841,JB035-RB027GRN - G-3,JB035-RB027GRN - G,JB035-RB027GRN - G,no,yes,yes
Shaya Maxi Skirt - Khaki/Purple,Size: XS,f0fc7e2f-a547-43cf-be13-57a14e7ba95c,9426196431153,48556399853873,50603634721073,JB035-RB027GRN - G-2,JB035-RB027GRN - G,JB035-RB027GRN - G,no,yes,yes
Shaya Shirt - Khaki/Purple,Size: L,f74b505b-8580-4671-8620-04c2e80afab0,9425141236017,48553437495601,50600666267953,JB036-RB027GRN - G-5,JB036-RB027GRN - G,JB036-RB027GRN - G,no,yes,yes
Shaya Shirt - Khaki/Purple,Size: M,154b5235-fbdd-4f4d-80c7-503b030d7bd0,9425141236017,48553437462833,50600666235185,JB036-RB027GRN - G-4,JB036-RB027GRN - G,JB036-RB027GRN - G,no,yes,yes
Shaya Shirt - Khaki/Purple,Size: S,954b8992-0538-4645-b4ec-f99c990f95ee,9425141236017,48553437430065,50600666202417,JB036-RB027GRN - G-3,JB036-RB027GRN - G,JB036-RB027GRN - G,no,yes,yes
Shaya Shirt - Khaki/Purple,Size: XS,498cb438-3936-4781-9d2e-f919939720d5,9425141236017,48553437397297,50600666169649,JB036-RB027GRN - G-2,JB036-RB027GRN - G,JB036-RB027GRN - G,no,yes,yes
Shayla Jumper Set - By Frankie,Size: L,ca1a6627-e777-4304-956e-05689722525e,10663397654833,54070712041777,56177830854961,2605-1 - JUMP BOX 2-5,2605-1 - JUMP BOX 2,2605-1 - JUMP BOX 2,no,yes,yes
Shayla Jumper Set - By Frankie,Size: M,01cafebc-a6d1-4652-9cb0-ef006cbbb092,10663397654833,54070712009009,56177830822193,2605-1 - JUMP BOX 2-4,2605-1 - JUMP BOX 2,2605-1 - JUMP BOX 2,no,yes,yes
Shayla Jumper Set - By Frankie,Size: S,f966981c-8db0-4bdb-b4c8-0e49a169a5a8,10663397654833,54070711976241,56177830789425,2605-1 - JUMP BOX 2-3,2605-1 - JUMP BOX 2,2605-1 - JUMP BOX 2,no,yes,yes
Shayla Jumper Set - By Frankie,Size: XS,edda6c30-b8e5-41c4-b1c9-d0512375074d,10663397654833,54070711943473,56177830756657,2605-1 - JUMP BOX 2-2,2605-1 - JUMP BOX 2,2605-1 - JUMP BOX 2,no,yes,yes
Siarne Shirred Midi Dress - Green,Size: 10,202aaefa-a2a0-4f37-8c69-7966a6b7af33,9847513743665,49543953088817,51591004225841,201742A-9 - A8-3,201742A-9 - A8,201742A-9 - A8,no,yes,yes
Siarne Shirred Midi Dress - Green,Size: 12,2e0e0f6f-9da7-46d8-b0ea-2b3c6cc7d444,9847513743665,49543953121585,51591004258609,201742A-9 - A8-4,201742A-9 - A8,201742A-9 - A8,no,yes,yes
Siarne Shirred Midi Dress - Green,Size: 14,e99c8c45-953c-42f7-b018-42de3385a7f4,9847513743665,49543953154353,51591004291377,201742A-9 - A8-5,201742A-9 - A8,201742A-9 - A8,no,yes,yes
Siarne Shirred Midi Dress - Green,Size: 8,a477a1aa-3e19-4903-b689-d84dbe3c8a92,9847513743665,49543953056049,51591004193073,201742A-9 - A8-2,201742A-9 - A8,201742A-9 - A8,no,yes,yes
Sienna Black Sequins Mesh Tee,Size: 10,912d2bda-a05a-454f-9292-834f430a099c,10568506966321,52797268033841,54894814396721,VV12007 - H-3,VV12007 - H,VV12007 - H,no,yes,yes
Sienna Black Sequins Mesh Tee,Size: 12,15618594-ad8a-4de6-9eff-c8aee83ab35e,10568506966321,52797268066609,54894814429489,VV12007 - H-4,VV12007 - H,VV12007 - H,no,yes,yes
Sienna Black Sequins Mesh Tee,Size: 14,cfa65d12-ac89-4c18-a48d-2ade6ce18ede,10568506966321,54468896719153,56578682487089,VV12007 - H-5,VV12007 - H,VV12007 - H,no,yes,yes
Sienna Black Sequins Mesh Tee,Size: 8,0ac27ad0-d501-4d2c-99f9-335d4f4d539f,10568506966321,52797268001073,54894814363953,VV12007 - H-2,VV12007 - H,VV12007 - H,no,yes,yes
Sienna Brown Sequins Mesh Tee - By Frankie,Size: L/12,d26846ec-0cdb-4dc3-b1c4-6fcc5fc239f2,10555763392817,52461306478897,54558478270769,231-1 - H-4,231-1 - H,231-1 - H,no,yes,yes
Sienna Brown Sequins Mesh Tee - By Frankie,Size: M/10,d0abdce8-3dd4-4390-be89-9fb92247ae20,10555763392817,52461306446129,54558478238001,231-1 - H-3,231-1 - H,231-1 - H,no,yes,yes
Sienna Brown Sequins Mesh Tee - By Frankie,Size: S/8,dc29beda-65f6-4ce8-9971-dfe5ce1e8ac3,10555763392817,52461306413361,54558478205233,231-1 - H-2,231-1 - H,231-1 - H,no,yes,yes
Sienna Sequins Cream/Beige Mesh Tee - By Frankie,Size: L/12,0f86532d-a3ff-463c-bdc8-3e9e9b995031,10555574190385,52459795415345,54556955672881,231-2 - J-4,231-2 - J,231-2 - J,no,yes,yes
Sienna Sequins Cream/Beige Mesh Tee - By Frankie,Size: M/10,1c8cedf0-4706-4499-bb5c-795ae3677c2f,10555574190385,52459795382577,54556955640113,231-2 - J-3,231-2 - J,231-2 - J,no,yes,yes
Sienna Sequins Cream/Beige Mesh Tee - By Frankie,Size: S/8,a912c497-3ddb-4a28-96a8-dcd52d216786,10555574190385,52459795349809,54556955607345,231-2 - J-2,231-2 - J,231-2 - J,no,yes,yes
Sienna Sequins Cream/Beige Mesh Tee - By Frankie,Size: XL/14,eec896cf-ac10-4ac4-93b3-e35c70f3c05f,10555574190385,52459795448113,54556955705649,231-2 - J-5,231-2 - J,231-2 - J,no,yes,yes
Silas Linen Dress - Green - GDS,Size: 10,4ef6a205-b8ff-405f-a980-b4125f814a69,9321889726769,48231896351025,50278744686897,25112051 Box 9 GDS-3,25112051 Box 9 GDS,25112051 Box 9 GDS,no,yes,yes
Silas Linen Dress - Green - GDS,Size: 12,3deff0f0-167f-4167-8162-96dace9d49d9,9321889726769,48231896383793,50278744719665,25112051 Box 9 GDS-4,25112051 Box 9 GDS,25112051 Box 9 GDS,no,yes,yes
Silas Linen Dress - Green - GDS,Size: 14,ba530f21-9223-400c-87af-d08bbb04940e,9321889726769,48231896416561,50278744752433,25112051 Box 9 GDS-5,25112051 Box 9 GDS,25112051 Box 9 GDS,no,yes,yes
Silas Linen Dress - Green - GDS,Size: 8,cfd63fa6-f255-4c3a-8cb0-0f006e97a75b,9321889726769,48231896318257,50278744654129,25112051 Box 9 GDS-2,25112051 Box 9 GDS,25112051 Box 9 GDS,no,yes,yes
Silk Hair Scrunchie - Red/Cream,Title: Default Title,ef68d9a8-ddb8-4b3b-9323-9444cb175067,10102465069361,50392229052721,52446929551665,Red Scrunchie #5-2,Red Scrunchie #5,Red Scrunchie #5,no,yes,yes
Sinade Black Lace Shorts - By Frankie,Size: L,4f8ae556-c4c2-44ce-97bc-544e691a73ac,10664128512305,54089946661169,56197171118385,1355 - BF2-5,1355 - BF2,1355 - BF2,no,yes,yes
Sinade Black Lace Shorts - By Frankie,Size: M,3a31d83d-0df2-49e4-9d16-e21d405c2b19,10664128512305,54089946628401,56197171085617,1355 - BF2-4,1355 - BF2,1355 - BF2,no,yes,yes
Sinade Black Lace Shorts - By Frankie,Size: S,a29f0fd1-28b8-4901-a2ea-93832648f996,10664128512305,54089946595633,56197171052849,1355 - BF2-3,1355 - BF2,1355 - BF2,no,yes,yes
Sinade Black Lace Shorts - By Frankie,Size: XS,ff6ea150-fb57-4440-b6a5-bc29ce2f8b62,10664128512305,54089946562865,56197171020081,1355 - BF2-2,1355 - BF2,1355 - BF2,no,yes,yes
Sinade Blouse - Cream/Pink/Purple,Size: L,1b7313a8-40be-45a8-b469-398d02d4c3bb,10250017734961,51233284489521,53301569061169,JS2024083 - G-5,JS2024083 - G,JS2024083 - G,no,yes,yes
Sinade Blouse - Cream/Pink/Purple,Size: M,74fa6ab2-8623-43fa-9e6e-0b7dac4d1d98,10250017734961,51233284456753,53301569028401,JS2024083 - G-4,JS2024083 - G,JS2024083 - G,no,yes,yes
Sinade Blouse - Cream/Pink/Purple,Size: S,8ecf801e-fd36-4305-9022-5d5b3d0ae336,10250017734961,51233284423985,53301568995633,JS2024083 - G-3,JS2024083 - G,JS2024083 - G,no,yes,yes
Sinade Blouse - Cream/Pink/Purple,Size: XS,cb0ec58b-af64-4c09-8f36-6630ef5795ca,10250017734961,51233284391217,53301568962865,JS2024083 - G-2,JS2024083 - G,JS2024083 - G,no,yes,yes
Sinade Lace Shorts - By Frankie,Size: L,93d1796c-57c5-414f-9677-c287cb2c5834,10663427080497,54070998565169,56178118000945,9956 - B10-5,9956 - B10,9956 - B10,no,yes,yes
Sinade Lace Shorts - By Frankie,Size: M,4bfb6622-b522-400c-a2d9-e66802c04fce,10663427080497,54070998532401,56178117968177,9956 - B10-4,9956 - B10,9956 - B10,no,yes,yes
Sinade Lace Shorts - By Frankie,Size: S,960b7941-ba26-4e7f-aea3-5279c20342b0,10663427080497,54070998499633,56178117935409,9956 - B10-3,9956 - B10,9956 - B10,no,yes,yes
Sinade Lace Shorts - By Frankie,Size: XS,96596468-cca3-4ce0-ae2a-1fcd307998ac,10663427080497,54070998466865,56178117902641,9956 - B10-2,9956 - B10,9956 - B10,no,yes,yes
Sinade Maxi - Cream/Pink/Purple,Size: L,9fa731b9-fa03-4f2b-a395-0ac887ecfc2e,10226908660017,51126397141297,53196025758001,JS2023066L - 1112 -G-5,JS2023066L - 1112 -G,JS2023066L - 1112 -G,no,yes,yes
Sinade Maxi - Cream/Pink/Purple,Size: M,976281e3-b52c-4224-9ea0-261b3e9cb2dc,10226908660017,51126397108529,53196025725233,JS2023066L - 1112 -G-4,JS2023066L - 1112 -G,JS2023066L - 1112 -G,no,yes,yes
Sinade Maxi - Cream/Pink/Purple,Size: S,87a70963-06fe-4299-b49a-682885a6efac,10226908660017,51126397075761,53196025692465,JS2023066L - 1112 -G-3,JS2023066L - 1112 -G,JS2023066L - 1112 -G,no,yes,yes
Sinade Maxi - Cream/Pink/Purple,Size: XS,23201c4e-8280-4488-b949-787324b6b91c,10226908660017,51126397042993,53196025659697,JS2023066L - 1112 -G-2,JS2023066L - 1112 -G,JS2023066L - 1112 -G,no,yes,yes
Soleil Pink Bandana Set - By Frankie,Size: L,a7a09bf3-601c-4e1e-ac78-5e51f7056ee8,10191336472881,50743324672305,52812812648753,188-5 - B10-5,188-5 - B10,188-5 - B10,no,yes,yes
Soleil Pink Bandana Set - By Frankie,Size: M,351d4cf6-991d-4e3a-aca2-051811b9a7f6,10191336472881,50743324639537,52812812615985,188-5 - B10-4,188-5 - B10,188-5 - B10,no,yes,yes
Soleil Pink Bandana Set - By Frankie,Size: S,df455dec-5bc9-4420-ad0e-6bbc2b1b88e3,10191336472881,50743324606769,52812812583217,188-5 - B10-3,188-5 - B10,188-5 - B10,no,yes,yes
Soleil Pink Bandana Set - By Frankie,Size: XS,b503abf4-1b46-4fe2-a4c9-7c0aed727fe9,10191336472881,50743324574001,52812812550449,188-5 - B10-2,188-5 - B10,188-5 - B10,no,yes,yes
Solina Denim Mini Dress,Size: 10,1ff1c1d9-21a9-4350-b3dd-28f09f21d943,10689151795505,54478991393073,56588793970993,36223 - B2-4,36223 - B2,36223 - B2,no,yes,yes
Solina Denim Mini Dress,Size: 12,4da867ef-88a6-4765-9af7-87d2e9ba99a6,10689151795505,54478991425841,56588794003761,36223 - B2-5,36223 - B2,36223 - B2,no,yes,yes
Solina Denim Mini Dress,Size: 14,ceea6438-cb64-46e9-9c60-f168b55be1a5,10689151795505,54478991458609,56588794036529,36223 - B2-6,36223 - B2,36223 - B2,no,yes,yes
Solina Denim Mini Dress,Size: 6,337eb68d-41fb-407d-9f6d-e0149cfc1df7,10689151795505,54478991327537,56588793905457,36223 - B2-2,36223 - B2,36223 - B2,no,yes,yes
Solina Denim Mini Dress,Size: 8,b44a830d-9a11-477e-9fa8-81d62526fb06,10689151795505,54478991360305,56588793938225,36223 - B2-3,36223 - B2,36223 - B2,no,yes,yes
Solita Mini Dress - Navy/Gold,Size: 10,f6d90d51-594a-4ab2-8f76-ea3df84974cd,9909876982065,49710059258161,51757091094833,2011421-2- B10-3,2011421-2- B10,2011421-2- B10,no,yes,yes
Solita Mini Dress - Navy/Gold,Size: 12,e05340f5-9aac-49f7-8651-9b3d2f0fa513,9909876982065,49710059290929,51757091127601,2011421-2- B10-4,2011421-2- B10,2011421-2- B10,no,yes,yes
Solita Mini Dress - Navy/Gold,Size: 14,da038b54-bd57-402e-afd9-fda0913435df,9909876982065,49710059323697,51757091160369,2011421-2- B10-5,2011421-2- B10,2011421-2- B10,no,yes,yes
Solita Mini Dress - Navy/Gold,Size: 8,5117c261-d1d6-4c72-bf12-1a414843831c,9909876982065,49710059225393,51757091062065,2011421-2- B10-2,2011421-2- B10,2011421-2- B10,no,yes,yes
Sonia Shirt Mini Dress - Chocolate,Size: 10,cecac3f5-7705-4a46-aa23-5d1ff732aa78,7475430293661,42626017231005,44723479085213,AL1002D - A-3,AL1002D - A,AL1002D - A,no,yes,yes
Sonia Shirt Mini Dress - Chocolate,Size: 12,77ec4800-3964-40d7-baa7-d1311e34b39d,7475430293661,42626017263773,44723479117981,AL1002D - A-4,AL1002D - A,AL1002D - A,no,yes,yes
Sonia Shirt Mini Dress - Chocolate,Size: 8,5e9161d4-3c4a-4851-b054-160dddc32336,7475430293661,42626017198237,44723479052445,AL1002D - A-2,AL1002D - A,AL1002D - A,no,yes,yes
Sophia Blouse - Black/Gold - GDS,Size: L,9008ce4f-0248-4ddc-baba-4c294e45f184,8725823521073,46268194521393,48315170586929,2801427 Box 8 GDS-5,2801427 Box 8 GDS,2801427 Box 8 GDS,no,yes,yes
Sophia Blouse - Black/Gold - GDS,Size: M,9c48e313-64e7-4e62-920d-dac37ea03905,8725823521073,46268194488625,48315170554161,2801427 Box 8 GDS-4,2801427 Box 8 GDS,2801427 Box 8 GDS,no,yes,yes
Sophia Blouse - Black/Gold - GDS,Size: S,eb850a4b-7415-4f56-a11a-117abbcebddb,8725823521073,46268194455857,48315170521393,2801427 Box 8 GDS-3,2801427 Box 8 GDS,2801427 Box 8 GDS,no,yes,yes
Sophia Blouse - Black/Gold - GDS,Size: XS,a7a711ec-d970-4f2c-bf41-2b9a234cea0e,8725823521073,46268194423089,48315170488625,2801427 Box 8 GDS-2,2801427 Box 8 GDS,2801427 Box 8 GDS,no,yes,yes
Sophia Midi Dress - Black - Gold,Size: L,d27ee201-d2de-43b3-939f-98f8d2192eff,8352072171825,45027953312049,47073272135985,2801426  Box 8-4,2801426  Box 8,2801426  Box 8,no,yes,yes
Sophia Midi Dress - Black - Gold,Size: M,e4d93eae-7fe1-47f8-9bdf-c3fde9064d56,8352072171825,45027953279281,47073272103217,2801426  Box 8-3,2801426  Box 8,2801426  Box 8,no,yes,yes
Sophia Midi Dress - Black - Gold,Size: S,ceef6d48-27f6-4f75-a115-e78bcfa8181b,8352072171825,45027953246513,47073272070449,2801426  Box 8-2,2801426  Box 8,2801426  Box 8,no,yes,yes
Sophia Midi Dress - Black - Gold,Size: XL,cd8f2d2c-01d4-4bcc-9864-0ea76a138650,8352072171825,45027953344817,47073272168753,2801426  Box 8-5,2801426  Box 8,2801426  Box 8,no,yes,yes
Sophia Mini Dress - Pink/Purple,Size: 10,7181a3a1-73db-4627-b26e-94f816ccc013,6920703836317,40678848037021,42775116120221,IM-201347-4 - B8-2,IM-201347-4 - B8,IM-201347-4 - B8,no,yes,yes
Sophia Mini Dress - Pink/Purple,Size: 12,d51a1e59-ed1f-4281-b7c8-e57779412761,6920703836317,40678848102557,42775116152989,IM-201347-4 - B8-3,IM-201347-4 - B8,IM-201347-4 - B8,no,yes,yes
Sophia Mini Dress - Pink/Purple,Size: 14,b1b86bdd-a902-48f9-b1d7-6b89adfe660b,6920703836317,40678848168093,42775116185757,IM-201347-4 - B8-4,IM-201347-4 - B8,IM-201347-4 - B8,no,yes,yes
Sophia Mini Dress - Pink/Purple,Size: 16,2456af43-4636-44a2-a53f-526e5ecb7b1b,6920703836317,40678848233629,42775116218525,IM-201347-4 - B8-5,IM-201347-4 - B8,IM-201347-4 - B8,no,yes,yes
Sophie Maxi - Pink/Green,Size: 16,e8814623-9f9b-4f81-ad28-24446a038d40,10118135120177,50514600100145,52573389422897,JS-201161270-0895 - A9-7,JS-201161270-0895 - A9,JS-201161270-0895 - A9,no,yes,yes
Sophie Maxi - Pink/Green,Size: 18,fa110198-fc6d-4254-86dc-f10c5583beda,10118135120177,50514600132913,52573389455665,JS-201161270-0895 - A9-8,JS-201161270-0895 - A9,JS-201161270-0895 - A9,no,yes,yes
Sophie Maxi - Pink/Green,Size: L,06b8ce1d-8cd7-46d6-96e0-27f76b823e0e,10118135120177,50465367556401,52520795865393,JS-201161270-0895 - A9-5,JS-201161270-0895 - A9,JS-201161270-0895 - A9,no,yes,yes
Sophie Maxi - Pink/Green,Size: M,95d1b6c0-4f11-4ec6-a471-5406d96d2b5d,10118135120177,50465367523633,52520795832625,JS-201161270-0895 - A9-4,JS-201161270-0895 - A9,JS-201161270-0895 - A9,no,yes,yes
Sophie Maxi - Pink/Green,Size: S,aaec7d1b-4b69-47c0-8166-1bab30341c3e,10118135120177,50465367490865,52520795799857,JS-201161270-0895 - A9-3,JS-201161270-0895 - A9,JS-201161270-0895 - A9,no,yes,yes
Sophie Maxi - Pink/Green,Size: XL,a8df05be-53c4-4866-b780-0d27931650ee,10118135120177,50465367589169,52520795898161,JS-201161270-0895 - A9-6,JS-201161270-0895 - A9,JS-201161270-0895 - A9,no,yes,yes
Sophie Maxi - Pink/Green,Size: XS,c8656537-3f60-4ade-81e0-2bede266bd84,10118135120177,50465367458097,52520795767089,JS-201161270-0895 - A9-2,JS-201161270-0895 - A9,JS-201161270-0895 - A9,no,yes,yes
Sophie Maxi Dress - White,Size: L,721ce2c6-fbe7-48d8-86ba-51c36bc7d34f,8261381914929,44676057006385,46721145307441,SJ-0051 - A10-4,SJ-0051 - A10,SJ-0051 - A10,no,yes,yes
Sophie Maxi Dress - White,Size: M,2482a5d9-8121-4d12-8d4e-952644f6cc31,8261381914929,44676056973617,46721145274673,SJ-0051 - A10-3,SJ-0051 - A10,SJ-0051 - A10,no,yes,yes
Sophie Maxi Dress - White,Size: S,693b00ec-51bc-4625-9acc-6a029596ca9b,8261381914929,44676056940849,46721145241905,SJ-0051 - A10-2,SJ-0051 - A10,SJ-0051 - A10,no,yes,yes
Sophie Maxi Dress - White,Size: XL,2059ab99-3133-4e8d-967a-6fc4d5360256,8261381914929,44676057039153,46721145340209,SJ-0051 - A10-5,SJ-0051 - A10,SJ-0051 - A10,no,yes,yes
Sophie Mini Dress - Multi,Size: 10,e088faab-99d2-4f3e-a264-aa04f68bf579,10476666093873,52153850921265,54245090558257,201973-9 B3-3,201973-9 B3,201973-9 B3,no,yes,yes
Sophie Mini Dress - Multi,Size: 12,d0d5d8f1-9801-4085-8c79-f201ba3c2eaf,10476666093873,52153850954033,54245090591025,201973-9 B3-4,201973-9 B3,201973-9 B3,no,yes,yes
Sophie Mini Dress - Multi,Size: 14,d431f8f4-3d38-4c57-97f4-0395a1e9df80,10476666093873,52153850986801,54245090623793,201973-9 B3-5,201973-9 B3,201973-9 B3,no,yes,yes
Sophie Mini Dress - Multi,Size: 8,48fe587e-4844-47c3-b0bc-c41b43e3a329,10476666093873,52153850888497,54245090525489,201973-9 B3-2,201973-9 B3,201973-9 B3,no,yes,yes
Sorento Denim Jacket,Size: 10,6c112d83-b4f4-4c89-a70e-401f49976b51,9387239375153,48437616869681,50484687962417,JAD-004 - A11-3,JAD-004 - A11,JAD-004 - A11,no,yes,yes
Sorento Denim Jacket,Size: 12,f64831c7-7152-4ba2-8847-435fc163374b,9387239375153,48437616902449,50484687995185,JAD-004 - A11-4,JAD-004 - A11,JAD-004 - A11,no,yes,yes
Sorento Denim Jacket,Size: 14,def43232-8b69-45bc-ae5f-32019bdd2c18,9387239375153,48437616935217,50484688027953,JAD-004 - A11-5,JAD-004 - A11,JAD-004 - A11,no,yes,yes
Sorento Denim Jacket,Size: 16,3b605c7f-5f7a-4f51-9f3e-61229ff60586,9387239375153,48437616967985,50484688060721,JAD-004 - A11-6,JAD-004 - A11,JAD-004 - A11,no,yes,yes
Sorento Denim Jacket,Size: 18,0955d0e2-17ce-4fe0-9f18-7faf4b684d96,9387239375153,49363758088497,51410771378481,JAD-004 - A11-7,JAD-004 - A11,JAD-004 - A11,no,yes,yes
Sorento Denim Jacket,Size: 8,f4086413-15a8-467a-9467-f1e263544a18,9387239375153,48437616836913,50484687929649,JAD-004 - A11-2,JAD-004 - A11,JAD-004 - A11,no,yes,yes
Spicy Marg Set - By Frankie,Size: L,56601c61-b0d9-4d57-a24e-f9239462e965,9974236479793,49882223837489,51931896250673,801-242-B10-5,801-242-B10,801-242-B10,no,yes,yes
Spicy Marg Set - By Frankie,Size: M,4c097aec-3c4d-4732-afc6-023fd3267481,9974236479793,49882223804721,51931896217905,801-242-B10-4,801-242-B10,801-242-B10,no,yes,yes
Spicy Marg Set - By Frankie,Size: S,6f146d8f-ef0c-4b8d-952c-23993f6a13cd,9974236479793,49882223771953,51931896185137,801-242-B10-3,801-242-B10,801-242-B10,no,yes,yes
Spicy Marg Set - By Frankie,Size: XS,c1f6fa17-e496-44e6-9c07-55046f6cfb4e,9974236479793,49882223739185,51931896152369,801-242-B10-2,801-242-B10,801-242-B10,no,yes,yes
Stala Stone Satin Jacket,Size: 10,2e0c98ec-d754-4147-b6c3-ce00e1923e91,10606699020593,53096860909873,55198430724401,CM6766J-T-GYST - L-4,CM6766J-T-GYST - L,CM6766J-T-GYST - L,no,yes,yes
Stala Stone Satin Jacket,Size: 12,90906ac0-c2d0-46d8-b6f8-a17ed4ada0f7,10606699020593,53096860942641,55198430757169,CM6766J-T-GYST - L-5,CM6766J-T-GYST - L,CM6766J-T-GYST - L,no,yes,yes
Stala Stone Satin Jacket,Size: 6,4d703deb-499f-4026-b7a9-4ab0028e7461,10606699020593,53096860844337,55198430658865,CM6766J-T-GYST - L-2,CM6766J-T-GYST - L,CM6766J-T-GYST - L,no,yes,yes
Stala Stone Satin Jacket,Size: 8,33c45f27-73ce-4126-b1b9-6e185a03220c,10606699020593,53096860877105,55198430691633,CM6766J-T-GYST - L-3,CM6766J-T-GYST - L,CM6766J-T-GYST - L,no,yes,yes
Stallion Tee - By Frankie,Size: L,3eb0b18d-8ec3-4579-9846-a022b28c9b14,10760785232177,55715911434545,57833203728689,A20-5,A20,A20,no,yes,yes
Stallion Tee - By Frankie,Size: M,1db50bf8-92df-4400-b6ed-6deb088c45f0,10760785232177,55715911401777,57833203695921,A20-4,A20,A20,no,yes,yes
Stallion Tee - By Frankie,Size: S,dcfa93a6-3080-488c-bd7c-bb558167b62e,10760785232177,55715911369009,57833203663153,A20-3,A20,A20,no,yes,yes
Stallion Tee - By Frankie,Size: XS,1c7c347b-1fb1-4b70-ab29-f301e0f90608,10760785232177,55715911336241,57833203630385,A20-2,A20,A20,no,yes,yes
Stella Mini Dress - Mint,Size: 10,0115cecb-d68e-47e0-8dbf-262cce9ef858,10126388429105,50504545567025,52561356914993,A57520-3 - B3-3,A57520-3 - B3,A57520-3 - B3,no,yes,yes
Stella Mini Dress - Mint,Size: 12,62c08b37-75aa-4dff-992f-06f814376b2b,10126388429105,50504545599793,52561356947761,A57520-3 - B3-4,A57520-3 - B3,A57520-3 - B3,no,yes,yes
Stella Mini Dress - Mint,Size: 14,2bebc0e9-43bb-4bb8-aa9e-47903b2de0af,10126388429105,50504545632561,52561356980529,A57520-3 - B3-5,A57520-3 - B3,A57520-3 - B3,no,yes,yes
Stella Mini Dress - Mint,Size: 8,fdc8c77a-b670-4af9-a05f-dbead7b840a7,10126388429105,50504545534257,52561356882225,A57520-3 - B3-2,A57520-3 - B3,A57520-3 - B3,no,yes,yes
Stella Singlet Maxi Dress - Mint,Size: 10,50480c2e-630a-4854-9da0-f275008d0453,10055451836721,50200193368369,52252625994033,A57516 - B3-3,A57516 - B3,A57516 - B3,no,yes,yes
Stella Singlet Maxi Dress - Mint,Size: 12,24c682fa-e20a-4b69-a107-df7259e9790b,10055451836721,50200193401137,52252626026801,A57516 - B3-4,A57516 - B3,A57516 - B3,no,yes,yes
Stella Singlet Maxi Dress - Mint,Size: 14,67f49da1-8b26-418d-aed0-dc541ca27129,10055451836721,50200193433905,52252626059569,A57516 - B3-5,A57516 - B3,A57516 - B3,no,yes,yes
Stella Singlet Maxi Dress - Mint,Size: 8,3f79ac26-5be1-47da-a75a-28dfb8439d61,10055451836721,50200193335601,52252625961265,A57516 - B3-2,A57516 - B3,A57516 - B3,no,yes,yes
Stephanie Mini - White/Black,Size: 10,c20f7e46-877f-4b54-a45e-2169f8b78a08,7335026065565,42160756523165,44259359850653,AJD-0117 - E-2,AJD-0117 - E,AJD-0117 - E,no,yes,yes
Stephanie Mini - White/Black,Size: 12,45ca160c-3ceb-4908-8fa6-65c7596390f2,7335026065565,42160756555933,44259359883421,AJD-0117 - E-3,AJD-0117 - E,AJD-0117 - E,no,yes,yes
Stephanie Mini - White/Black,Size: 14,70dcd55b-d348-4a85-ace1-ee564b5ebbe9,7335026065565,42160756588701,44259359916189,AJD-0117 - E-4,AJD-0117 - E,AJD-0117 - E,no,yes,yes
Stephanie Mini - White/Black,Size: 16,ce6815b6-53ff-4100-9064-28c3c0489af1,7335026065565,42271892177053,44370383306909,AJD-0117 - E-5,AJD-0117 - E,AJD-0117 - E,no,yes,yes
Stephanie Top - White/Black,Size: 10,89f774cb-bd15-4936-b021-a65d38450364,7371763024029,42271547621533,44370038784157,AJD-0192 - E-2,AJD-0192 - E,AJD-0192 - E,no,yes,yes
Stephanie Top - White/Black,Size: 12,1de2f061-22ec-406a-9dfc-fb690104e741,7371763024029,42271547654301,44370038816925,AJD-0192 - E-3,AJD-0192 - E,AJD-0192 - E,no,yes,yes
Stephanie Top - White/Black,Size: 14,26f8e245-8ce4-44de-a4f6-74e1e9f1480b,7371763024029,42271547687069,44370038849693,AJD-0192 - E-4,AJD-0192 - E,AJD-0192 - E,no,yes,yes
Stephanie Top - White/Black,Size: 16,8a8489a2-cee2-410c-be4b-570998f415bf,7371763024029,42271894143133,44370385272989,AJD-0192 - E-5,AJD-0192 - E,AJD-0192 - E,no,yes,yes
Summer Fruits Tee - By Frankie,Size: L,3dd32d67-34ce-43a7-b8f9-203fa6bf4536,10429424501041,51959162503473,54036838678833,610-3 - A15-5,610-3 - A15,610-3 - A15,no,yes,yes
Summer Fruits Tee - By Frankie,Size: M,e30247fd-8765-42ab-aa4e-abf6b6ee0076,10429424501041,51959162470705,54036838646065,610-3 - A15-4,610-3 - A15,610-3 - A15,no,yes,yes
Summer Fruits Tee - By Frankie,Size: S,f6c8c660-61ad-4905-b932-c66b14d691e4,10429424501041,51959162437937,54036838613297,610-3 - A15-3,610-3 - A15,610-3 - A15,no,yes,yes
Summer Fruits Tee - By Frankie,Size: XS,a8d5a352-023f-46ea-8c53-0fd7542715c0,10429424501041,51959162405169,54036838580529,610-3 - A15-2,610-3 - A15,610-3 - A15,no,yes,yes
Sun and Sand Playsuit - By Frankie,Size: L,816f43cd-5691-4c3e-988a-7af6ba8b735b,10135081550129,50539252023601,52601282724145,1039-46 - B12-5,1039-46 - B12,1039-46 - B12,no,yes,yes
Sun and Sand Playsuit - By Frankie,Size: M,e2ed8997-b39a-40d8-b317-9673a3591c64,10135081550129,50539251990833,52601282691377,1039-46 - B12-4,1039-46 - B12,1039-46 - B12,no,yes,yes
Sun and Sand Playsuit - By Frankie,Size: S,331328df-d478-4270-b94e-d010db82e221,10135081550129,50539251958065,52601282658609,1039-46 - B12-3,1039-46 - B12,1039-46 - B12,no,yes,yes
Sun and Sand Playsuit - By Frankie,Size: XS,7cf49253-8b12-4134-932e-27616f263a5f,10135081550129,50539251925297,52601282625841,1039-46 - B12-2,1039-46 - B12,1039-46 - B12,no,yes,yes
Sun Set - By Frankie,Size: L,e78c2664-ff30-495e-b4eb-9fca9b3b8632,9969113661745,49872631759153,51922289492273,801-148-B9-5,801-148-B9,801-148-B9,no,yes,yes
Sun Set - By Frankie,Size: L,6b200383-f1af-4bdd-82ed-927440c23d83,9974241362225,49882239402289,51931912470833,1039-46-B11-5,1039-46-B11,1039-46-B11,no,yes,yes
Sun Set - By Frankie,Size: M,b9ef4027-89a0-41b6-afc5-6d6b8041fdbe,9969113661745,49872631726385,51922289459505,801-148-B9-4,801-148-B9,801-148-B9,no,yes,yes
Sun Set - By Frankie,Size: M,8d5a02b5-f637-4cf3-bbcb-d4a72ed40ecc,9974241362225,49882239369521,51931912438065,1039-46-B11-4,1039-46-B11,1039-46-B11,no,yes,yes
Sun Set - By Frankie,Size: S,75224d13-8873-47ef-8a01-5878aa8487a7,9969113661745,49872631693617,51922289426737,801-148-B9-3,801-148-B9,801-148-B9,no,yes,yes
Sun Set - By Frankie,Size: S,443efad7-ee56-4499-81e4-ed5f3cdd5f44,9974241362225,49882239336753,51931912405297,1039-46-B11-3,1039-46-B11,1039-46-B11,no,yes,yes
Sun Set - By Frankie,Size: XS,1c0bc6c0-c39e-4987-af3c-403350cc0b7c,9969113661745,49872631660849,51922289393969,801-148-B9-2,801-148-B9,801-148-B9,no,yes,yes
Sun Set - By Frankie,Size: XS,56ac107f-8fc2-4fe5-8aed-800ee7f81d36,9974241362225,49882239303985,51931912372529,1039-46-B11-2,1039-46-B11,1039-46-B11,no,yes,yes
Sun Set Long - Khaki,Size: 10,52c3b7b3-0784-4b21-adc8-ddd1cc44f062,9981917724977,49898591781169,51948289818929,A57382 - A13-3,A57382 - A13,A57382 - A13,no,yes,yes
Sun Set Long - Khaki,Size: 12,8f81d180-098d-4a3a-a578-2c05ed20e11c,9981917724977,49898591813937,51948289851697,A57382 - A13-4,A57382 - A13,A57382 - A13,no,yes,yes
Sun Set Long - Khaki,Size: 14,c1a15cd8-ca21-4b73-a682-aa14f0e78605,9981917724977,49898591846705,51948289884465,A57382 - A13-5,A57382 - A13,A57382 - A13,no,yes,yes
Sun Set Long - Khaki,Size: 8,f5d7a665-28db-4184-b519-17d130fc8db6,9981917724977,49898583818545,51948281856305,A57382 - A13-2,A57382 - A13,A57382 - A13,no,yes,yes
Sun Set Long- By Frankie,Size: L,77f62145-041b-4f44-8da9-66e308dfc6b2,9974254076209,49882284294449,51931957330225,820-22 - B11-5,820-22 - B11,820-22 - B11,no,yes,yes
Sun Set Long- By Frankie,Size: M,68b1ebe4-81de-4963-8f39-9e0be43730e4,9974254076209,49882284261681,51931957297457,820-22 - B11-4,820-22 - B11,820-22 - B11,no,yes,yes
Sun Set Long- By Frankie,Size: S,48c9c1c9-818d-478d-a5ad-cc9febd5c48e,9974254076209,49882284228913,51931957264689,820-22 - B11-3,820-22 - B11,820-22 - B11,no,yes,yes
Sun Set Long- By Frankie,Size: XS,e9b00e82-39b8-4e43-a6ef-2b376bb0fdb6,9974254076209,49882284196145,51931957231921,820-22 - B11-2,820-22 - B11,820-22 - B11,no,yes,yes
Suns and Shells Bandana Set - By Frankie,Size: L,108a717b-c025-4d66-a7dd-7911c71cb843,10138601029937,50552202166577,52615469170993,188-1 - T4-5,188-1 - T4,188-1 - T4,no,yes,yes
Suns and Shells Bandana Set - By Frankie,Size: M,a02fae28-0d12-49c2-b552-d5b71b5d1a32,10138601029937,50552202133809,52615469138225,188-1 - T4-4,188-1 - T4,188-1 - T4,no,yes,yes
Suns and Shells Bandana Set - By Frankie,Size: S,92351a52-66a7-49ae-b977-7a842ce81ab9,10138601029937,50552202101041,52615469105457,188-1 - T4-3,188-1 - T4,188-1 - T4,no,yes,yes
Suns and Shells Bandana Set - By Frankie,Size: XS,7f1c7a53-ccda-488c-8744-9c3c67386ae8,10138601029937,50552202068273,52615469072689,188-1 - T4-2,188-1 - T4,188-1 - T4,no,yes,yes
Sunset Crochet Shirt Dress,Size: 10,8b91a1d8-4bb5-4123-aa44-f50305810b2d,9986095087921,49915600798001,51965303652657,ST3563D - A8-4,ST3563D - A8,ST3563D - A8,no,yes,yes
Sunset Crochet Shirt Dress,Size: 12,7a83abb8-2bf7-4fdd-b485-e980fe4061d5,9986095087921,49915600830769,51965303685425,ST3563D - A8-5,ST3563D - A8,ST3563D - A8,no,yes,yes
Sunset Crochet Shirt Dress,Size: 6,c4550d30-bbd3-466c-851c-1540c672c554,9986095087921,49915600732465,51965303587121,ST3563D - A8-2,ST3563D - A8,ST3563D - A8,no,yes,yes
Sunset Crochet Shirt Dress,Size: 8,f4e3b264-dcdf-4c33-8c4e-4896348e05fd,9986095087921,49915600765233,51965303619889,ST3563D - A8-3,ST3563D - A8,ST3563D - A8,no,yes,yes
Sunset Mini Dress - Orange,Size: 10,5da87ce5-fc8f-424e-9b62-bb90e740f775,10082664677681,50321765990705,52375321280817,SR1132J - N-4,SR1132J - N,SR1132J - N,no,yes,yes
Sunset Mini Dress - Orange,Size: 6,20f67514-ead5-4de6-9f45-10e782ef0631,10082664677681,50321765925169,52375321215281,SR1132J - N-2,SR1132J - N,SR1132J - N,no,yes,yes
Sunset Mini Dress - Orange,Size: 8,0c3b2356-ea27-46db-b822-7b9aec334def,10082664677681,50321765957937,52375321248049,SR1132J - N-3,SR1132J - N,SR1132J - N,no,yes,yes
Sunset Tropics Bandana Set - By Frankie,Size: L,1f501540-cce5-4359-ac53-78adb998c49a,10557450846513,52468734394673,54566015303985,188-3 - BF9-5,188-3 - BF9,188-3 - BF9,no,yes,yes
Sunset Tropics Bandana Set - By Frankie,Size: M,cc54eff4-c8ac-4635-9d02-b5b1ec72a7fa,10557450846513,52468734361905,54566015271217,188-3 - BF9-4,188-3 - BF9,188-3 - BF9,no,yes,yes
Sunset Tropics Bandana Set - By Frankie,Size: S,a1c04ec7-39bf-4699-8df4-59238153a10f,10557450846513,52468734329137,54566015238449,188-3 - BF9-3,188-3 - BF9,188-3 - BF9,no,yes,yes
Sunset Tropics Bandana Set - By Frankie,Size: XS,5e800f96-0cb5-4b60-9a90-319a4b4bdc58,10557450846513,52468734296369,54566015205681,188-3 - BF9-2,188-3 - BF9,188-3 - BF9,no,yes,yes
Suri Maxi Dress - Pink,Size: L,f4aaf6e4-51ff-41e6-8135-7701b0aa58fc,8460248187185,45340470411569,47386054066481,RS-JAS221004-75959 - A7-4,RS-JAS221004-75959 - A7,RS-JAS221004-75959 - A7,no,yes,yes
Suri Maxi Dress - Pink,Size: M,d2a6ef43-209d-428a-be58-d27628cf543e,8460248187185,45340470378801,47386054033713,RS-JAS221004-75959 - A7-3,RS-JAS221004-75959 - A7,RS-JAS221004-75959 - A7,no,yes,yes
Suri Maxi Dress - Pink,Size: S,06639ce3-535d-475d-8e7e-85868190db9a,8460248187185,45340470346033,47386054000945,RS-JAS221004-75959 - A7-2,RS-JAS221004-75959 - A7,RS-JAS221004-75959 - A7,no,yes,yes
Suri Maxi Dress - Pink,Size: XL,725abea9-801c-49d4-8e51-dde504bdaa8d,8460248187185,45340470444337,47386054099249,RS-JAS221004-75959 - A7-5,RS-JAS221004-75959 - A7,RS-JAS221004-75959 - A7,no,yes,yes
Suri Mini Dress - Pink,Size: L,16af8820-4340-4b95-991e-1e01577b720d,8459551834417,45338197164337,47383574118705,JA528-75959 - H-4,JA528-75959 - H,JA528-75959 - H,no,yes,yes
Suri Mini Dress - Pink,Size: M,f25281b9-f204-42bc-99ce-ed431a5ab496,8459551834417,45338197131569,47383574085937,JA528-75959 - H-3,JA528-75959 - H,JA528-75959 - H,no,yes,yes
Suri Mini Dress - Pink,Size: S,52746b74-c1ab-4f19-8d17-61c8e0af28a9,8459551834417,45338197098801,47383574053169,JA528-75959 - H-2,JA528-75959 - H,JA528-75959 - H,no,yes,yes
Suri Mini Dress - Pink,Size: XL,d9bbe5d5-5262-4a94-bbe3-5e68a421f7dd,8459551834417,45338197197105,47383574151473,JA528-75959 - H-5,JA528-75959 - H,JA528-75959 - H,no,yes,yes
Tabitha Maxi Dress - Pink,Size: 16,74171349-b672-4009-b520-0cee8c1cc87f,7002178060445,41212328870045,43308072730781,2017382B-810 - A8-6,2017382B-810 - A8,2017382B-810 - A8,no,yes,yes
Tabitha Maxi Dress - Pink,Size: 18,1c2069dc-fc27-46ec-825e-d9b5c4525ba4,7002178060445,41232670097565,43328444924061,2017382B-810 - A8-7,2017382B-810 - A8,2017382B-810 - A8,no,yes,yes
Tabitha Maxi Dress - Pink,Size: 20,819005ee-444b-407f-a356-394d8c86ed56,7002178060445,41232670359709,43328445186205,2017382B-810 - A8-8,2017382B-810 - A8,2017382B-810 - A8,no,yes,yes
Tabitha Maxi Dress - Pink,Size: l,e68a3bd1-62c8-4e7d-995f-8d174e269b5a,7002178060445,40980196982941,43075844866205,2017382B-810 - A8-4,2017382B-810 - A8,2017382B-810 - A8,no,yes,yes
Tabitha Maxi Dress - Pink,Size: m,4e7bf7c0-005a-496c-9fa5-5d97427bac5e,7002178060445,40980196917405,43075844833437,2017382B-810 - A8-3,2017382B-810 - A8,2017382B-810 - A8,no,yes,yes
Tabitha Maxi Dress - Pink,Size: s,2d965230-1a33-48e4-b8d9-097b4f567c90,7002178060445,40980196851869,43075844800669,2017382B-810 - A8-2,2017382B-810 - A8,2017382B-810 - A8,no,yes,yes
Tabitha Maxi Dress - Pink,Size: xl,6ca23b11-9c15-45f6-9dab-7fbdb2973686,7002178060445,40980197081245,43075845226653,2017382B-810 - A8-5,2017382B-810 - A8,2017382B-810 - A8,no,yes,yes
Taco and Lime Playsuit - By Frankie,Size: L,bd5fe2fc-db37-4ec4-8158-ad33736dafae,9968946970929,49872295887153,51921953653041,1039-41-B9-5,1039-41-B9,1039-41-B9,no,yes,yes
Taco and Lime Playsuit - By Frankie,Size: L,092f4490-089e-4a90-872c-fcab87c63b72,9969163174193,49872727638321,51922385371441,1039-43-B11-5,1039-43-B11,1039-43-B11,no,yes,yes
Taco and Lime Playsuit - By Frankie,Size: L,c8ee6fcf-70a2-4c18-b381-011662e4962f,9969783931185,49873784111409,51923447415089,1039-42-B11-5,1039-42-B11,1039-42-B11,no,yes,yes
Taco and Lime Playsuit - By Frankie,Size: M,816ec4a0-a497-4071-90eb-930d1d11adb0,9968946970929,49872295854385,51921953620273,1039-41-B9-4,1039-41-B9,1039-41-B9,no,yes,yes
Taco and Lime Playsuit - By Frankie,Size: M,44ba7df5-20ed-40b4-96f4-a28d8910d3dd,9969163174193,49872727605553,51922385338673,1039-43-B11-4,1039-43-B11,1039-43-B11,no,yes,yes
Taco and Lime Playsuit - By Frankie,Size: M,746217c1-774b-4d48-b97d-9894379672ec,9969783931185,49873784078641,51923447382321,1039-42-B11-4,1039-42-B11,1039-42-B11,no,yes,yes
Taco and Lime Playsuit - By Frankie,Size: S,954b15b6-952b-4dc0-803e-43bb256f6333,9968946970929,49872295821617,51921953587505,1039-41-B9-3,1039-41-B9,1039-41-B9,no,yes,yes
Taco and Lime Playsuit - By Frankie,Size: S,7d6370c0-5ce2-4341-9b43-1acb622caa67,9969163174193,49872727572785,51922385305905,1039-43-B11-3,1039-43-B11,1039-43-B11,no,yes,yes
Taco and Lime Playsuit - By Frankie,Size: S,cf3228c2-47e2-4dfe-bfca-af3fd02152a9,9969783931185,49873784045873,51923447349553,1039-42-B11-3,1039-42-B11,1039-42-B11,no,yes,yes
Taco and Lime Playsuit - By Frankie,Size: XS,0de2fd0c-951c-46cb-b4ac-b4b7c520f484,9968946970929,49872295788849,51921953554737,1039-41-B9-2,1039-41-B9,1039-41-B9,no,yes,yes
Taco and Lime Playsuit - By Frankie,Size: XS,490a8377-84e0-44ef-b7f1-e0b551deb6b4,9969163174193,49872727540017,51922385273137,1039-43-B11-2,1039-43-B11,1039-43-B11,no,yes,yes
Taco and Lime Playsuit - By Frankie,Size: XS,bb323958-87c2-4291-a263-418542339bf1,9969783931185,49873784013105,51923447316785,1039-42-B11-2,1039-42-B11,1039-42-B11,no,yes,yes
Taco and Lime set - By Frankie,Size: L,16e08e30-b94d-44e2-bd48-6e6d5bd2ce4b,9968968139057,49872376791345,51922034524465,801-227-B12-5,801-227-B12,801-227-B12,no,yes,yes
Taco and Lime set - By Frankie,Size: M,5c4efd7d-76b4-4d89-8db6-1e455a42ce6d,9968968139057,49872376758577,51922034491697,801-227-B12-4,801-227-B12,801-227-B12,no,yes,yes
Taco and Lime set - By Frankie,Size: S,a6255f0b-6560-47f2-b4ff-ecfb0ce69bf1,9968968139057,49872376725809,51922034458929,801-227-B12-3,801-227-B12,801-227-B12,no,yes,yes
Taco and Lime set - By Frankie,Size: XS,f2385042-076d-4448-b358-705f9366d80a,9968968139057,49872376693041,51922034426161,801-227-B12-2,801-227-B12,801-227-B12,no,yes,yes
Tahari Silk Long Dress - Navy,Size: L/14,dbf8e08f-c75c-4b52-8eee-9c7f4d01d4dd,9955787178289,49836545409329,51886125383985,2521 2219-5,2521 2219,2521 2219,no,yes,yes
Tahari Silk Long Dress - Navy,Size: M/12,6beeac3f-aaa4-42a7-bfd4-9725d228cac1,9955787178289,49836545376561,51886125351217,2521 2219-4,2521 2219,2521 2219,no,yes,yes
Tahari Silk Long Dress - Navy,Size: S/10,01676fc7-f988-460f-a701-dd8d6903fe96,9955787178289,49836545343793,51886125318449,2521 2219-3,2521 2219,2521 2219,no,yes,yes
Tahari Silk Long Dress - Navy,Size: XS/8,952ff0e0-a5d2-4669-beb5-cccc28b5b72e,9955787178289,49836545311025,51886125285681,2521 2219-2,2521 2219,2521 2219,no,yes,yes
Tahnee Wide Leg Pants - Black,Size: 10,36d02a51-2c11-4a0b-b671-2561b5f5e6dc,9762484551985,49366254485809,51413267841329,W203933-9 - N-4,W203933-9 - N,W203933-9 - N,no,yes,yes
Tahnee Wide Leg Pants - Black,Size: 12,3fd71aac-dcb4-44ba-8029-b7b57529763e,9762484551985,49366254518577,51413267874097,W203933-9 - N-5,W203933-9 - N,W203933-9 - N,no,yes,yes
Tahnee Wide Leg Pants - Black,Size: 6,ccc7d322-748e-4e31-8d10-0bbc3e5e7287,9762484551985,49366254420273,51413267775793,W203933-9 - N-2,W203933-9 - N,W203933-9 - N,no,yes,yes
Tahnee Wide Leg Pants - Black,Size: 8,6369f343-880b-4eef-a7fd-231a32047517,9762484551985,49366254453041,51413267808561,W203933-9 - N-3,W203933-9 - N,W203933-9 - N,no,yes,yes
Tala Midi Dress - Blue,Size: 10,916e5c06-f4df-4ae7-a808-027815099a22,9236365738289,47898993131825,49947155562801,lov23152 - A14-4,lov23152 - A14,lov23152 - A14,no,yes,yes
Tala Midi Dress - Blue,Size: 12,0c65ed31-40b7-4623-882c-2a6fdc589b91,9236365738289,47898993164593,49947155595569,lov23152 - A14-5,lov23152 - A14,lov23152 - A14,no,yes,yes
Tala Midi Dress - Blue,Size: 6,2034ec8e-28bf-46cf-b0e1-38f9d1cdacfe,9236365738289,47898993066289,49947155497265,lov23152 - A14-2,lov23152 - A14,lov23152 - A14,no,yes,yes
Tala Midi Dress - Blue,Size: 8,8c07067b-5bc2-4e2b-bb3c-df6b32a31220,9236365738289,47898993099057,49947155530033,lov23152 - A14-3,lov23152 - A14,lov23152 - A14,no,yes,yes
Talia Midi Dress - Black - GDS,Size: L,596f31eb-fecd-43be-b7a1-76b95742f2b6,8809534062897,46570832920881,48618796712241,Talia Midi Dress Box 2 GDS-5,Talia Midi Dress Box 2 GDS,Talia Midi Dress Box 2 GDS,no,yes,yes
Talia Midi Dress - Black - GDS,Size: M,802297f6-1c54-42fe-9388-ea5a96d676b9,8809534062897,46570832888113,48618796679473,Talia Midi Dress Box 2 GDS-4,Talia Midi Dress Box 2 GDS,Talia Midi Dress Box 2 GDS,no,yes,yes
Talia Midi Dress - Black - GDS,Size: S,52170f0c-f1e5-46f8-b9f2-e59bf1f0ff8e,8809534062897,46570832855345,48618796646705,Talia Midi Dress Box 2 GDS-3,Talia Midi Dress Box 2 GDS,Talia Midi Dress Box 2 GDS,no,yes,yes
Talia Midi Dress - Black - GDS,Size: XS,2abc98df-e127-40c2-bb20-7f675aec9a4f,8809534062897,46570832822577,48618796613937,Talia Midi Dress Box 2 GDS-2,Talia Midi Dress Box 2 GDS,Talia Midi Dress Box 2 GDS,no,yes,yes
Taline Lemon Embroidered Top,Size: 10,5ac1a384-5c12-4600-ad79-23666ded91c1,10475448009009,52149833138481,54241038434609,1234 - B5-4,1234 - B5,1234 - B5,no,yes,yes
Taline Lemon Embroidered Top,Size: 12,09d4e6dd-a382-40c9-ad3b-baa29d373350,10475448009009,52149833171249,54241038467377,1234 - B5-5,1234 - B5,1234 - B5,no,yes,yes
Taline Lemon Embroidered Top,Size: 14,81a5ca6d-48aa-4477-8e12-bf435b17ce89,10475448009009,52187615428913,54279728169265,1234 - B5-6,1234 - B5,1234 - B5,no,yes,yes
Taline Lemon Embroidered Top,Size: 6,247bcc51-948c-46c3-81a9-9c1f1bc97269,10475448009009,52149833040177,54241038336305,1234 - B5-2,1234 - B5,1234 - B5,no,yes,yes
Taline Lemon Embroidered Top,Size: 8,7ee86747-d16a-427a-9bcf-d7ce74f8a94b,10475448009009,52149833072945,54241038369073,1234 - B5-3,1234 - B5,1234 - B5,no,yes,yes
Taline White Cotton Embroidered Mini - By Frankie,Size: 10,121730ed-ebb6-4264-95fb-5980f16c1254,10465894990129,52104793981233,54195677888817,B5-4,B5,B5,no,yes,yes
Taline White Cotton Embroidered Mini - By Frankie,Size: 12,50e18a2e-5eba-4528-b2e0-1b1ddeec0fe3,10465894990129,52104794014001,54195677921585,B5-5,B5,B5,no,yes,yes
Taline White Cotton Embroidered Mini - By Frankie,Size: 14,44bcb5cb-0d0e-47e5-9ac4-deaeccab59a2,10465894990129,52104794046769,54195677954353,B5-6,B5,B5,no,yes,yes
Taline White Cotton Embroidered Mini - By Frankie,Size: 6,85b13321-2857-4f9a-8b67-2373297c5521,10465894990129,52104793915697,54195677823281,B5-2,B5,B5,no,yes,yes
Taline White Cotton Embroidered Mini - By Frankie,Size: 8,dae7257c-d3f7-4972-bd39-3691e35ab47a,10465894990129,52104793948465,54195677856049,B5-3,B5,B5,no,yes,yes
Taline White Embroidered Top,Size: 10,2b35dacc-61cf-49f0-af83-84fa993f11ed,10475460133169,52149862236465,54241067532593,1234 - B5-9,1234 - B5,1234 - B5,no,yes,yes
Taline White Embroidered Top,Size: 12,8458a478-3da0-488d-a71d-b06836e224f9,10475460133169,52149862269233,54241067565361,1234 - B5-10,1234 - B5,1234 - B5,no,yes,yes
Taline White Embroidered Top,Size: 6,47a9e171-aae4-48dc-9ff4-6bae5acb9059,10475460133169,52149862170929,54241067467057,1234 - B5-7,1234 - B5,1234 - B5,no,yes,yes
Taline White Embroidered Top,Size: 8,f05b9bfa-0e39-484d-8521-4e158dc7eea4,10475460133169,52149862203697,54241067499825,1234 - B5-8,1234 - B5,1234 - B5,no,yes,yes
Taline Yellow Cotton Embroidered Mini,Size: 10,51fce1c0-77e8-4a57-a278-c7632c8130bd,10465876934961,52104784118065,54195670974769,MKT-41,MKT,MKT,no,yes,yes
Taline Yellow Cotton Embroidered Mini,Size: 12,e62538b4-cb11-4bfd-86b9-be93b6a5eac6,10465876934961,52104784150833,54195671007537,MKT-42,MKT,MKT,no,yes,yes
Taline Yellow Cotton Embroidered Mini,Size: 14,3b3aaf07-9445-4efc-92eb-e6aa5df1d4ed,10465876934961,52104784183601,54195671040305,MKT-43,MKT,MKT,no,yes,yes
Taline Yellow Cotton Embroidered Mini,Size: 6,01473eea-4eca-4d2a-9ec7-43af74ffcd9f,10465876934961,52104724578609,54195611009329,MKT-39,MKT,MKT,no,yes,yes
Taline Yellow Cotton Embroidered Mini,Size: 8,cb4f354c-fa43-47d2-872c-11351fd2ff88,10465876934961,52104784085297,54195670942001,MKT-40,MKT,MKT,no,yes,yes
Tamara Khaki knit,Size: 10,c4d967a3-6b1a-4e7a-9e05-7b129029d624,5247836815517,34450354536605,36339303350429,TF4657 Cardi Box 2-2,TF4657 Cardi Box 2,TF4657 Cardi Box 2,no,yes,yes
Tamara Khaki knit,Size: 12,9896d49f-8e67-4a25-9486-acd5db97539e,5247836815517,35141899681949,37161269493917,TF4657 Cardi Box 2-3,TF4657 Cardi Box 2,TF4657 Cardi Box 2,no,yes,yes
Tamara Khaki knit,Size: 14,74af4a7a-6437-4a31-8dba-abd323ef9cee,5247836815517,35729426120861,37748818509981,TF4657 Cardi Box 2-4,TF4657 Cardi Box 2,TF4657 Cardi Box 2,no,yes,yes
Tamarii Shirred Maxi Dress - Cream/Black,Size: L,93b7cb38-2258-4377-9eed-766f7bca669e,10190413529393,50739568345393,52809050751281,JS2019826-1103 - A2-5,JS2019826-1103 - A2,JS2019826-1103 - A2,no,yes,yes
Tamarii Shirred Maxi Dress - Cream/Black,Size: M,e0673fcc-7845-4757-b870-3898e951455b,10190413529393,50739568312625,52809050718513,JS2019826-1103 - A2-4,JS2019826-1103 - A2,JS2019826-1103 - A2,no,yes,yes
Tamarii Shirred Maxi Dress - Cream/Black,Size: S,484fe09e-f77d-49d1-a0a7-508c3e3d63a0,10190413529393,50739568279857,52809050685745,JS2019826-1103 - A2-3,JS2019826-1103 - A2,JS2019826-1103 - A2,no,yes,yes
Tamarii Shirred Maxi Dress - Cream/Black,Size: XS,26df494c-d209-49c0-88dd-49de5b0249a0,10190413529393,50739568247089,52809050652977,JS2019826-1103 - A2-2,JS2019826-1103 - A2,JS2019826-1103 - A2,no,yes,yes
Tamika Mini Dress - Pink,Size: L,94b96874-0113-49ef-b1b5-9dac9ab258f2,10273118912817,51304964358449,53372923314481,JA09 - 0875 - A4-5,JA09 - 0875 - A4,JA09 - 0875 - A4,no,yes,yes
Tamika Mini Dress - Pink,Size: M,91d8a428-3f2f-4db2-bf3d-998abe7964f2,10273118912817,51304964325681,53372923281713,JA09 - 0875 - A4-4,JA09 - 0875 - A4,JA09 - 0875 - A4,no,yes,yes
Tamika Mini Dress - Pink,Size: S,8df6f22b-aada-4d78-97f4-758228e3d0da,10273118912817,51304964292913,53372923248945,JA09 - 0875 - A4-3,JA09 - 0875 - A4,JA09 - 0875 - A4,no,yes,yes
Tamika Mini Dress - Pink,Size: XS,7bd15410-7c97-44fa-9252-518411cc7034,10273118912817,51304964260145,53372923216177,JA09 - 0875 - A4-2,JA09 - 0875 - A4,JA09 - 0875 - A4,no,yes,yes
Tamika Pink Midi Dress - Pink,Size: L,f8cc29fc-bf63-4823-8ef6-c7a02fed0090,10273119895857,51304968683825,53372927574321,JA80-0875 - A4-5,JA80-0875 - A4,JA80-0875 - A4,no,yes,yes
Tamika Pink Midi Dress - Pink,Size: M,b1336a9a-6491-461e-900d-1fa884013f27,10273119895857,51304968651057,53372927541553,JA80-0875 - A4-4,JA80-0875 - A4,JA80-0875 - A4,no,yes,yes
Tamika Pink Midi Dress - Pink,Size: S,b228fd1a-d014-4363-bb62-973272cc9e95,10273119895857,51304968618289,53372927508785,JA80-0875 - A4-3,JA80-0875 - A4,JA80-0875 - A4,no,yes,yes
Tamika Pink Midi Dress - Pink,Size: XS,83c9895e-6a6b-45fd-83db-267a1bf17787,10273119895857,51304968585521,53372927476017,JA80-0875 - A4-2,JA80-0875 - A4,JA80-0875 - A4,no,yes,yes
Tamika Shirred Maxi Dress - Aqua/Beige,Size: 10,0a81a762-ec86-4604-a78f-acc128f12e65,9130242179377,47608098652465,49657498796337,201699-1 - A3-3,201699-1 - A3,201699-1 - A3,no,yes,yes
Tamika Shirred Maxi Dress - Aqua/Beige,Size: 12,fa6c0645-0bd1-4016-93e7-dafc0ada29e6,9130242179377,47608098685233,49657498829105,201699-1 - A3-4,201699-1 - A3,201699-1 - A3,no,yes,yes
Tamika Shirred Maxi Dress - Aqua/Beige,Size: 14,c129a3a3-bc25-4f98-b3f2-63d97917201e,9130242179377,47608098718001,49657498861873,201699-1 - A3-5,201699-1 - A3,201699-1 - A3,no,yes,yes
Tamika Shirred Maxi Dress - Aqua/Beige,Size: 8,89c76c37-553b-4e2c-9333-215fc1f662b3,9130242179377,47608098619697,49657498763569,201699-1 - A3-2,201699-1 - A3,201699-1 - A3,no,yes,yes
Tammy Lace Midi Dress - Purple,Size: L,5b8b7f54-e6aa-4d74-8937-4ed6586a7811,8249372901681,44635296432433,46680245698865,280 2355 Box 5 GDS-4,280 2355 Box 5 GDS,280 2355 Box 5 GDS,no,yes,yes
Tammy Lace Midi Dress - Purple,Size: M,20b87685-f531-4ed2-82a9-20842d661a0c,8249372901681,44635296399665,46680245666097,280 2355 Box 5 GDS-3,280 2355 Box 5 GDS,280 2355 Box 5 GDS,no,yes,yes
Tammy Lace Midi Dress - Purple,Size: S,5429732f-def3-4931-aac6-0d8e3fd5212e,8249372901681,44635296366897,46680245633329,280 2355 Box 5 GDS-2,280 2355 Box 5 GDS,280 2355 Box 5 GDS,no,yes,yes
Tammy Lace Midi Dress - Purple,Size: XL,f0fc6ace-4b55-4122-8511-3ce3b36d7bb5,8249372901681,44635296465201,46680245731633,280 2355 Box 5 GDS-5,280 2355 Box 5 GDS,280 2355 Box 5 GDS,no,yes,yes
Tammy Lace Midi Dress - White,Size: L,4f397908-2978-4230-a69a-3e08473a0901,8249372246321,44635293483313,46680242749745,280 2355 MKT-4,280 2355 MKT,280 2355 MKT,no,yes,yes
Tammy Lace Midi Dress - White,Size: M,69f57c70-ddba-4d61-9dc3-b660f55a43a6,8249372246321,44635293450545,46680242716977,280 2355 MKT-3,280 2355 MKT,280 2355 MKT,no,yes,yes
Tammy Lace Midi Dress - White,Size: S,1f809525-c96b-4b4c-887e-a3c8d5cf054f,8249372246321,44635293417777,46680242684209,280 2355 MKT-2,280 2355 MKT,280 2355 MKT,no,yes,yes
Tammy Lace Mini Dress - Aqua,Size: L,f089c170-4c04-44ab-a542-0a0780e0d4a2,8249350324529,44635224146225,46680173412657,280 2354 Box 5 GDS-4,280 2354 Box 5 GDS,280 2354 Box 5 GDS,no,yes,yes
Tammy Lace Mini Dress - Aqua,Size: M,33acd870-f955-48ad-94b3-64e515f4c391,8249350324529,44635224113457,46680173379889,280 2354 Box 5 GDS-3,280 2354 Box 5 GDS,280 2354 Box 5 GDS,no,yes,yes
Tammy Lace Mini Dress - Aqua,Size: S,c7144e94-54aa-45cb-815c-07c2d6cbbac1,8249350324529,44635224080689,46680173347121,280 2354 Box 5 GDS-2,280 2354 Box 5 GDS,280 2354 Box 5 GDS,no,yes,yes
Tammy Lace Mini Dress - Aqua,Size: XL,d988af55-e1b9-4c85-afca-a7487a4fb16a,8249350324529,44635224178993,46680173445425,280 2354 Box 5 GDS-5,280 2354 Box 5 GDS,280 2354 Box 5 GDS,no,yes,yes
Tammy Lace Mini Dress - Purple,Size: L,487ffb4e-fddd-403d-8ac6-f4f02087ed05,8249373458737,44635297644849,46680246911281,280 2354 Box 5 GDS-9,280 2354 Box 5 GDS,280 2354 Box 5 GDS,no,yes,yes
Tammy Lace Mini Dress - Purple,Size: M,eaae560a-8a36-4635-b2ba-df0974dbe8a0,8249373458737,44635297612081,46680246878513,280 2354 Box 5 GDS-8,280 2354 Box 5 GDS,280 2354 Box 5 GDS,no,yes,yes
Tammy Lace Mini Dress - Purple,Size: S,03f4d371-d82e-4ecc-a993-415ac4379832,8249373458737,44635297579313,46680246845745,280 2354 Box 5 GDS-7,280 2354 Box 5 GDS,280 2354 Box 5 GDS,no,yes,yes
Tammy Lace Mini Dress - Purple,Size: XL,c5e7f6c6-5c6b-43bc-acb6-d93eef3e59c6,8249373458737,44635297677617,46680246944049,280 2354 Box 5 GDS-10,280 2354 Box 5 GDS,280 2354 Box 5 GDS,no,yes,yes
Tammy Lace Mini Dress - Purple,Size: XS,b99148b1-ec94-4d3b-bd12-b5d8080e05b0,8249373458737,44635297546545,46680246812977,280 2354 Box 5 GDS-6,280 2354 Box 5 GDS,280 2354 Box 5 GDS,no,yes,yes
Tammy Lace Mini Dress - White,Size: L,1922954d-9b06-4750-92a8-0847f9662aaf,8249371787569,44635290927409,46680240193841,280 2354 Box 7 GDS mkt-2,280 2354 Box 7 GDS mkt,280 2354 Box 7 GDS mkt,no,yes,yes
Tammy Lace Mini Dress - White,Size: S,281fd797-232c-495b-9191-591c002c7a2f,8249371787569,44635290861873,46680240128305,280 2354 Box 7 GDS-2,280 2354 Box 7 GDS,280 2354 Box 7 GDS,no,yes,yes
Tammy Lace Mini Dress - White,Size: XL,bd24e2e0-e4dd-4009-aebd-b636bd0433aa,8249371787569,44635290960177,46680240226609,280 2354 Box 7 GDS mkt-3,280 2354 Box 7 GDS mkt,280 2354 Box 7 GDS mkt,no,yes,yes
Tamryn Lace Blouse - Cream,Size: L,8910a58c-007c-4fe4-aef7-f4e086fa486e,7376625270941,42289372037277,44387888791709,2803397 BOX 1 GDS-4,2803397 BOX 1 GDS,2803397 BOX 1 GDS,no,yes,yes
Tamryn Lace Blouse - Cream,Size: M,2d1b495c-99e1-4857-98f1-557cbd666db0,7376625270941,42289372004509,44387888758941,2803397 BOX 1 GDS-3,2803397 BOX 1 GDS,2803397 BOX 1 GDS,no,yes,yes
Tamryn Lace Blouse - Cream,Size: S,e8abd343-b0f8-417b-a590-c6a7043510a0,7376625270941,42289371971741,44387888726173,2803397 BOX 1 GDS-2,2803397 BOX 1 GDS,2803397 BOX 1 GDS,no,yes,yes
Tamryn Lace Blouse - Cream,Size: XL,8b27084e-f7d4-4c93-8b8d-b756d272e155,7376625270941,42289372070045,44387888824477,2803397 BOX 1 GDS-5,2803397 BOX 1 GDS,2803397 BOX 1 GDS,no,yes,yes
Tamryn Lace Blouse - Emerald - GDS,Size: L,c8910bab-32b1-4123-9ab5-562753e68167,7376625860765,42289378164893,44387894919325,2803397 BOX 1 GDS-9,2803397 BOX 1 GDS,2803397 BOX 1 GDS,no,yes,yes
Tamryn Lace Blouse - Emerald - GDS,Size: M,6da6789e-4d7b-4feb-8e23-e77c718dbfb3,7376625860765,42289378132125,44387894886557,2803397 BOX 1 GDS-8,2803397 BOX 1 GDS,2803397 BOX 1 GDS,no,yes,yes
Tamryn Lace Blouse - Emerald - GDS,Size: S,ad0cec5b-5eb4-4e26-873b-eb8fbe3d9f1a,7376625860765,42289378099357,44387894853789,2803397 BOX 1 GDS-7,2803397 BOX 1 GDS,2803397 BOX 1 GDS,no,yes,yes
Tamryn Lace Blouse - Emerald - GDS,Size: XL,c4525634-3ac0-484a-8690-f6ac8f00e5da,7376625860765,42289378197661,44387894952093,2803397 BOX 1 GDS-10,2803397 BOX 1 GDS,2803397 BOX 1 GDS,no,yes,yes
Tamryn Lace Blouse - Emerald - GDS,Size: XS,511a556a-31de-432b-96fb-58c4e6d12eac,7376625860765,42289378066589,44387894821021,2803397 BOX 1 GDS-6,2803397 BOX 1 GDS,2803397 BOX 1 GDS,no,yes,yes
Tania Top - Blush,Size: 10,4c9b5a79-93fa-4cf4-940a-0d5ed1e7730c,6896808460445,40616689795229,42713119916189,B2-2,B2,B2,no,yes,yes
Tania Top - Blush,Size: 12,029f1e06-6301-4a4d-9e29-d6efce06906a,6896808460445,40616689827997,42713119948957,B2-3,B2,B2,no,yes,yes
Tara Cut Out Midi Dress - Black,Size: 10,a95d32a6-e5b8-444d-b515-86fb2ec6c1af,8877342359857,46915340402993,48963742794033,8957 - B6-4,8957 - B6,8957 - B6,no,yes,yes
Tara Cut Out Midi Dress - Black,Size: 12,87c05a53-2d97-4a69-a50f-0b3c8bbfe92e,8877342359857,46915340435761,48963742826801,8957 - B6-5,8957 - B6,8957 - B6,no,yes,yes
Tara Cut Out Midi Dress - Black,Size: 6,28363b5a-0ab5-4716-af78-5cc11efccb42,8877342359857,46915340337457,48963742728497,8957 - B6-2,8957 - B6,8957 - B6,no,yes,yes
Tara Cut Out Midi Dress - Black,Size: 8,164f52b2-da03-4a33-ab08-270c54786e31,8877342359857,46915340370225,48963742761265,8957 - B6-3,8957 - B6,8957 - B6,no,yes,yes
Tara Mini Dress - Pink,Size: 10,16489844-867a-4373-a05d-2d120aa33bbb,10095143092529,50371024453937,52424996028721,34929 - B2-3,34929 - B2,34929 - B2,no,yes,yes
Tara Mini Dress - Pink,Size: 12,463711ba-9391-4d09-ac99-8a8e82d05bb1,10095143092529,50371024486705,52424996061489,34929 - B2-4,34929 - B2,34929 - B2,no,yes,yes
Tara Mini Dress - Pink,Size: 14,a3cfebc2-f901-4ce7-93d6-f57d7661ecbb,10095143092529,50371024519473,52424996094257,34929 - B2-5,34929 - B2,34929 - B2,no,yes,yes
Tara Mini Dress - Pink,Size: 8,811e9243-7de7-4318-bea3-3cbb15c7874f,10095143092529,50371024421169,52424995995953,34929 - B2-2,34929 - B2,34929 - B2,no,yes,yes
Tarot Card Maxi Dress - Multi,Size: 10,1d6e2085-6d60-4ff3-9ce6-51af72eb70e5,10185031090481,50726263095601,52795750646065,35270 - A7-4,35270 - A7,35270 - A7,no,yes,yes
Tarot Card Maxi Dress - Multi,Size: 12,ace281f2-db50-450e-811f-4f78bdd66a92,10185031090481,50726263128369,52795750678833,35270 - A7-5,35270 - A7,35270 - A7,no,yes,yes
Tarot Card Maxi Dress - Multi,Size: 14,b1c11ded-1278-463b-9471-ea3e67e54323,10185031090481,50726263161137,52795750711601,35270 - A7-6,35270 - A7,35270 - A7,no,yes,yes
Tarot Card Maxi Dress - Multi,Size: 6,30f14519-d295-4efe-8737-f5a3dbcb084c,10185031090481,50726263030065,52795750580529,35270 - A7-2,35270 - A7,35270 - A7,no,yes,yes
Tarot Card Maxi Dress - Multi,Size: 8,f4fe72b0-8e7d-4fe8-b082-7e0f69a6877a,10185031090481,50726263062833,52795750613297,35270 - A7-3,35270 - A7,35270 - A7,no,yes,yes
Tarot Card Mini Dress - Multi,Size: 10,cb214693-01c2-4634-8030-6000fa9ec1d0,10187858477361,50732911984945,52802398224689,S190107-187-3,S190107-187,S190107-187,no,yes,yes
Tarot Card Mini Dress - Multi,Size: 10/M,25927622-a4da-4b34-b9f2-96a1fe9800c3,10185035710769,50726267879729,52795755430193,W2011837-9 - B6-4,W2011837-9 - B6,W2011837-9 - B6,no,yes,yes
Tarot Card Mini Dress - Multi,Size: 12,085dfa9c-d300-474e-9d4c-d0935919a66a,10187858477361,50732912017713,52802398257457,S190107-187-4,S190107-187,S190107-187,no,yes,yes
Tarot Card Mini Dress - Multi,Size: 12/L,9f27b007-8951-4de5-9963-7530e4c9e938,10185035710769,50726267912497,52795755462961,W2011837-9 - B6-5,W2011837-9 - B6,W2011837-9 - B6,no,yes,yes
Tarot Card Mini Dress - Multi,Size: 6/XS,635d61ac-d35c-495d-a39c-86a837feb763,10185035710769,50726267814193,52795755364657,W2011837-9 - B6-2,W2011837-9 - B6,W2011837-9 - B6,no,yes,yes
Tarot Card Mini Dress - Multi,Size: 8,18fe788a-06b0-42ce-a5fd-bef75b58f643,10187858477361,50732911952177,52802398191921,S190107-187-2,S190107-187,S190107-187,no,yes,yes
Tarot Card Mini Dress - Multi,Size: 8/S,8d82308f-f3e2-4e2d-8d89-5338cdd4daaf,10185035710769,50726267846961,52795755397425,W2011837-9 - B6-3,W2011837-9 - B6,W2011837-9 - B6,no,yes,yes
Taryn Mini Dress - Pink/White,Size: L,9298bd65-9d5a-448b-9570-2d6b39dccc46,8477348528433,45406239818033,47452398223665,JA511 - A3-4,JA511 - A3,JA511 - A3,no,yes,yes
Taryn Mini Dress - Pink/White,Size: M,57ef21be-1627-477c-8243-0f280f9077cc,8477348528433,45406239752497,47452398190897,JA511 - A3-3,JA511 - A3,JA511 - A3,no,yes,yes
Taryn Mini Dress - Pink/White,Size: S,8a491056-294b-43bf-bce0-768933cd7dce,8477348528433,45406239719729,47452398158129,JA511 - A3-2,JA511 - A3,JA511 - A3,no,yes,yes
Taryn Mini Dress - Pink/White,Size: XL,c1c3c3b7-8a17-4c5e-98a6-167ecee0ace8,8477348528433,45406239850801,47452398256433,JA511 - A3-5,JA511 - A3,JA511 - A3,no,yes,yes
Tash Ruffle Maxi Dress- Green,Size: 10,493401a5-c6c4-4457-a139-b2c5ed77186b,4566809673824,32035883384928,33617241997408,VVE7948-5 - D-2,VVE7948-5 - D,VVE7948-5 - D,no,yes,yes
Tash Ruffle Maxi Dress- Green,Size: 12,59a50b6f-f568-417d-b104-aa3475fb383e,4566809673824,32035883417696,33617242030176,VVE7948-5 - D-3,VVE7948-5 - D,VVE7948-5 - D,no,yes,yes
Tash Ruffle Maxi Dress- Green,Size: 14,7c90c120-cdea-4219-afc5-9270136f21f9,4566809673824,32035883450464,33617242062944,VVE7948-5 - D-4,VVE7948-5 - D,VVE7948-5 - D,no,yes,yes
Taylor Black Boob Tube Set - By Frankie,Size: L,77a7d5ae-816c-46b5-9862-ba164483a824,10425313231153,51942663192881,54019685253425,560-2 - BF2-5,560-2 - BF2,560-2 - BF2,no,yes,yes
Taylor Black Boob Tube Set - By Frankie,Size: M,962624b0-1c85-428b-b129-dd6375db5b95,10425313231153,51942663160113,54019685220657,560-2 - BF2-4,560-2 - BF2,560-2 - BF2,no,yes,yes
Taylor Black Boob Tube Set - By Frankie,Size: S,72a05b87-cb02-4711-96b6-c56e95b8d440,10425313231153,51942663127345,54019685187889,560-2 - BF2-3,560-2 - BF2,560-2 - BF2,no,yes,yes
Taylor Black Boob Tube Set - By Frankie,Size: XS,5aebdf31-aff8-4cd7-aae4-a8b6017eb9e5,10425313231153,51942663094577,54019685155121,560-2 - BF2-2,560-2 - BF2,560-2 - BF2,no,yes,yes
Taylor Blouse - White,Size: L,056040cc-e7de-4e37-882f-c5a62f0f551a,7376651387037,42289439113373,44387955867805,280 3322 - Box 1 GDS-4,280 3322 - Box 1 GDS,280 3322 - Box 1 GDS,no,yes,yes
Taylor Blouse - White,Size: M,ac483db3-ac85-439a-bd57-4f012607fad6,7376651387037,42289439080605,44387955835037,280 3322 - Box 1 GDS-3,280 3322 - Box 1 GDS,280 3322 - Box 1 GDS,no,yes,yes
Taylor Blouse - White,Size: S,a0979610-efd2-4008-8c6c-10803ace4c1c,7376651387037,42289439047837,44387955802269,280 3322 - Box 1 GDS-2,280 3322 - Box 1 GDS,280 3322 - Box 1 GDS,no,yes,yes
Taylor Blouse - White,Size: XL,916fbe1b-a003-456a-ab12-36c46a519fa2,7376651387037,42289439146141,44387955900573,280 3322 - Box 1 GDS-5,280 3322 - Box 1 GDS,280 3322 - Box 1 GDS,no,yes,yes
Taylor Brown Boob Tube Set - By Frankie,Size: L,bfa2307d-0dcf-4f5e-9959-db1bedde838e,10425311461681,51942658179377,54019680272689,560-3 - BF2-5,560-3 - BF2,560-3 - BF2,no,yes,yes
Taylor Brown Boob Tube Set - By Frankie,Size: M,5f3104c8-4e73-467d-8408-28e607c604ff,10425311461681,51942658146609,54019680239921,560-3 - BF2-4,560-3 - BF2,560-3 - BF2,no,yes,yes
Taylor Brown Boob Tube Set - By Frankie,Size: S,e072f2be-6b85-4e0a-9fbc-a9b998c95712,10425311461681,51942658113841,54019680207153,560-3 - BF2-3,560-3 - BF2,560-3 - BF2,no,yes,yes
Taylor Brown Boob Tube Set - By Frankie,Size: XS,d0bf7380-3ff5-4b90-bc7e-38ac98757113,10425311461681,51942658081073,54019680174385,560-3 - BF2-2,560-3 - BF2,560-3 - BF2,no,yes,yes
Taylor Tassel Poncho- Beige,Size: M/L | Color: Beige,5d4d934c-0adf-423a-8361-62f1c98083e1,6743080075421,40217919062173,42313986179229,123101 Jumpers Box 2-2,123101 Jumpers Box 2,123101 Jumpers Box 2,no,yes,yes
Tencel Singlet Dress - Baby Blue,Size: L,9d27f9ab-6cab-4fb1-9843-0dec235ac5af,7288803917981,41998171439261,44096672432285,155 - C-4,155 - C,155 - C,no,yes,yes
Tencel Singlet Dress - Baby Blue,Size: M,f5f6c2c8-10b4-4da1-9014-d8b9907411a2,7288803917981,41998171406493,44096672399517,155 - C-3,155 - C,155 - C,no,yes,yes
Tencel Singlet Dress - Baby Blue,Size: S,898b1887-bf1d-44a0-9cb0-c10b3f1df919,7288803917981,41998171373725,44096672366749,155 - C-2,155 - C,155 - C,no,yes,yes
Tencel Singlet Dress - Baby Blue,Size: XL,17d8ee40-baab-40af-87ef-f92cb1777927,7288803917981,41998171472029,44096672465053,155 - C-5,155 - C,155 - C,no,yes,yes
Tequila & Cactus Set - By Frankie,Size: L,c4469c6f-915b-4930-b519-8d08cef0190a,10190494433585,50739815350577,52809298641201,801-134 - B11-5,801-134 - B11,801-134 - B11,no,yes,yes
Tequila & Cactus Set - By Frankie,Size: M,d31c873c-7112-45bc-9dab-601461649d6e,10190494433585,50739815317809,52809298608433,801-134 - B11-4,801-134 - B11,801-134 - B11,no,yes,yes
Tequila & Cactus Set - By Frankie,Size: S,73c42a28-5210-4ad7-95ee-12ea540a7ee9,10190494433585,50739815285041,52809298575665,801-134 - B11-3,801-134 - B11,801-134 - B11,no,yes,yes
Tequila & Cactus Set - By Frankie,Size: XS,c87f4d16-5d63-47bf-8888-257dfb47fa9e,10190494433585,50739815252273,52809298542897,801-134 - B11-2,801-134 - B11,801-134 - B11,no,yes,yes
Tequila Sunrise Playsuit - By Frankie,Size: L,1e9b536d-b7cd-4f81-8b86-61d8e4a91066,9967433711921,49868521996593,51918165180721,1039-48 - B9-5,1039-48 - B9,1039-48 - B9,no,yes,yes
Tequila Sunrise Playsuit - By Frankie,Size: L,b1fd9263-6a2d-4136-80c0-7273aa8b4846,9969210327345,49872783835441,51922441568561,1039-47-B11-5,1039-47-B11,1039-47-B11,no,yes,yes
Tequila Sunrise Playsuit - By Frankie,Size: M,fc5e6206-c327-4df4-8522-8fe1b71144e3,9967433711921,49868521931057,51918165115185,1039-48 - B9-4,1039-48 - B9,1039-48 - B9,no,yes,yes
Tequila Sunrise Playsuit - By Frankie,Size: M,07fe5182-99cc-4fc4-a94c-7bce06b29145,9969210327345,49872783802673,51922441535793,1039-47-B11-4,1039-47-B11,1039-47-B11,no,yes,yes
Tequila Sunrise Playsuit - By Frankie,Size: S,2be00562-b96e-451d-9f33-7f8e8c07d308,9967433711921,49868521898289,51918165082417,1039-48 - B9-3,1039-48 - B9,1039-48 - B9,no,yes,yes
Tequila Sunrise Playsuit - By Frankie,Size: S,c434e620-3229-4566-bfea-428dd313da82,9969210327345,49872783769905,51922441503025,1039-47-B11-3,1039-47-B11,1039-47-B11,no,yes,yes
Tequila Sunrise Playsuit - By Frankie,Size: XS,2752f6b0-c596-4b8f-8ba6-d805190b20c3,9967433711921,49868521865521,51918165049649,1039-48 - B9-2,1039-48 - B9,1039-48 - B9,no,yes,yes
Tequila Sunrise Playsuit - By Frankie,Size: XS,1c73b0c3-cbe8-459f-8de0-c94144b02dd2,9969210327345,49872783737137,51922441470257,1039-47-B11-2,1039-47-B11,1039-47-B11,no,yes,yes
Thea Midi - Dusty Pink/Turquoise,Size: L,0309b174-2de0-4420-a99e-ef185d302b11,9228646973745,47878467748145,49926598492465,SJ-00141 - J-5,SJ-00141 - J,SJ-00141 - J,no,yes,yes
Thea Midi - Dusty Pink/Turquoise,Size: M,af13aea6-828e-49d7-b44a-84ddb84e93ed,9228646973745,47878467715377,49926598459697,SJ-00141 - J-4,SJ-00141 - J,SJ-00141 - J,no,yes,yes
Thea Midi - Dusty Pink/Turquoise,Size: S,a70cc030-0862-4df5-a3b7-2b4fb8403171,9228646973745,47878467682609,49926598426929,SJ-00141 - J-3,SJ-00141 - J,SJ-00141 - J,no,yes,yes
Thea Midi - Dusty Pink/Turquoise,Size: XS,f44c4320-788a-4843-8d65-888a1e1b0af6,9228646973745,47878467649841,49926598394161,SJ-00141 - J-2,SJ-00141 - J,SJ-00141 - J,no,yes,yes
Tiana Tencel Maxi Dress - TURQUOISE/BLUE/GREEN - GDS,Size: L/12,62580efc-aa1e-4c3b-8856-dc0e26a5c329,9087916769585,47488503152945,49537729265969,25112026 MKT-5,25112026 MKT,25112026 MKT,no,yes,yes
Tiana Tencel Maxi Dress - TURQUOISE/BLUE/GREEN - GDS,Size: M/10,b8c74be3-0046-40de-bd6b-ead6f50e7d4e,9087916769585,47488503120177,49537729233201,25112026 MKT-4,25112026 MKT,25112026 MKT,no,yes,yes
Tiana Tencel Maxi Dress - TURQUOISE/BLUE/GREEN - GDS,Size: S/8,77699fc7-6ccf-43ef-921f-82871050f492,9087916769585,47488503087409,49537729200433,25112026 MKT-3,25112026 MKT,25112026 MKT,no,yes,yes
Tiana Tencel Maxi Dress - TURQUOISE/BLUE/GREEN - GDS,Size: XL/14,164c3c00-376d-4db6-98a3-6e6f92125f4a,9087916769585,47488503185713,49537729298737,25112026 MKT-6,25112026 MKT,25112026 MKT,no,yes,yes
Tiana Tencel Maxi Dress - TURQUOISE/BLUE/GREEN - GDS,Size: XS/6,9b3e8cfc-c647-4e2b-bec3-708e622ad8d1,9087916769585,47488503054641,49537729167665,25112026 MKT-2,25112026 MKT,25112026 MKT,no,yes,yes
Tigers & Mermaids Tee  - By Frankie,Size: L,fedb84e5-b4d3-44c9-81ad-811031238dbb,10776361664817,55848570814769,57966340243761,610-53T - A18-5,610-53T - A18,610-53T - A18,no,yes,yes
Tigers & Mermaids Tee  - By Frankie,Size: M,42418558-79e3-4884-a55f-6fdbf79d4a09,10776361664817,55848570782001,57966340210993,610-53T - A18-4,610-53T - A18,610-53T - A18,no,yes,yes
Tigers & Mermaids Tee  - By Frankie,Size: S,15275d61-3f31-4ea9-85e3-9ee4ebe1eb21,10776361664817,55848570749233,57966340178225,610-53T - A18-3,610-53T - A18,610-53T - A18,no,yes,yes
Tigers & Mermaids Tee  - By Frankie,Size: XS,873dbb04-1c64-49e3-9904-aff886e43383,10776361664817,55848570716465,57966340145457,610-53T - A18-2,610-53T - A18,610-53T - A18,no,yes,yes
Tigers & Mermaids Washed Black Tee  - By Frankie,Size: L,e27a04e1-4856-468b-a9fc-960733383340,10776364384561,55848839217457,57966608679217,610-52T - A18-5,610-52T - A18,610-52T - A18,no,yes,yes
Tigers & Mermaids Washed Black Tee  - By Frankie,Size: M,d79ed39b-22b2-4adf-b015-4add5aa60f45,10776364384561,55848839184689,57966608646449,610-52T - A18-4,610-52T - A18,610-52T - A18,no,yes,yes
Tigers & Mermaids Washed Black Tee  - By Frankie,Size: S,7629906a-2707-47c2-8fb5-6d4544d5913d,10776364384561,55848839151921,57966608613681,610-52T - A18-3,610-52T - A18,610-52T - A18,no,yes,yes
Tigers & Mermaids Washed Black Tee  - By Frankie,Size: XS,61d0ee62-34cc-4022-a648-d8903b0192af,10776364384561,55848839119153,57966608580913,610-52T - A18-2,610-52T - A18,610-52T - A18,no,yes,yes
Tiller Brown Vest - By Frankie,Size: L,3730cda3-718f-46d6-9444-7f37cd4f932f,10361852821809,51685914837297,53754397753649,67-3 - BF8-5,67-3 - BF8,67-3 - BF8,no,yes,yes
Tiller Brown Vest - By Frankie,Size: M,48164070-a759-4911-860c-60cd2de45eb4,10361852821809,51685914804529,53754397720881,67-3 - BF8-4,67-3 - BF8,67-3 - BF8,no,yes,yes
Tiller Brown Vest - By Frankie,Size: S,0fdb1bc4-6ce3-4207-a1af-7ae22ba99a68,10361852821809,51685914771761,53754397688113,67-3 - BF8-3,67-3 - BF8,67-3 - BF8,no,yes,yes
Tiller Brown Vest - By Frankie,Size: XS,9e90d972-69a6-4fde-b9cb-4d516257bdc5,10361852821809,51685914738993,53754397655345,67-3 - BF8-2,67-3 - BF8,67-3 - BF8,no,yes,yes
Tiller White Vest - By Frankie,Size: L,e9d118db-6416-4fb0-b2b0-0818e0f22883,10361824379185,51685760368945,53754242203953,#67-2-5,#67-2,#67-2,no,yes,yes
Tiller White Vest - By Frankie,Size: M,4467bfb5-390b-4191-bfb1-52aa84536c28,10361824379185,51685760336177,53754242171185,#67-2-4,#67-2,#67-2,no,yes,yes
Tiller White Vest - By Frankie,Size: S,44749d00-830d-4e67-bd6e-4820c0358004,10361824379185,51685760303409,53754242138417,#67-2-3,#67-2,#67-2,no,yes,yes
Tiller White Vest - By Frankie,Size: XS,226d59bc-a502-4359-879a-b72db091aefd,10361824379185,51685760270641,53754242105649,#67-2-2,#67-2,#67-2,no,yes,yes
Tina Denim Dress - Washed Denim Blue,Size: 10,474f2021-6a4d-4620-9a29-99face31a0f6,10579075203377,52861956489521,54962310447409,DA14040 - B-4,DA14040 - B,DA14040 - B,no,yes,yes
Tina Denim Dress - Washed Denim Blue,Size: 12,db9c1985-8ce8-4fc8-86de-cefc83abd2f8,10579075203377,52861956522289,54962310480177,DA14040 - B-5,DA14040 - B,DA14040 - B,no,yes,yes
Tina Denim Dress - Washed Denim Blue,Size: 14,c024803c-7652-46d7-8aa2-0cfab2a59044,10579075203377,52861956555057,54962310512945,DA14040 - B-6,DA14040 - B,DA14040 - B,no,yes,yes
Tina Denim Dress - Washed Denim Blue,Size: 6,95e377b1-62ef-4f88-be77-fa02628906d3,10579075203377,52861956423985,54962310381873,DA14040 - B-2,DA14040 - B,DA14040 - B,no,yes,yes
Tina Denim Dress - Washed Denim Blue,Size: 8,8d66d2eb-17d9-4e87-8626-a5d6aa815ec3,10579075203377,52861956456753,54962310414641,DA14040 - B-3,DA14040 - B,DA14040 - B,no,yes,yes
Tobi Ribbed Singlet - White,Size: M/L,c0c6e838-1dd8-44a0-9f5e-c422897207d4,7302828621981,42062275739805,44161163952285,M9801 - B7-2,M9801 - B7,M9801 - B7,no,yes,yes
Toni Maxi Dress - Mint,Size: 10,44d0acdb-32a8-4c06-a46c-ac73ca3019fa,10014625431857,50036719452465,52086543712561,SR1060H02 - A4-4,SR1060H02 - A4,SR1060H02 - A4,no,yes,yes
Toni Maxi Dress - Mint,Size: 12,325e85a0-6193-4829-8406-2726aa5c37e3,10014625431857,50036719485233,52086543745329,SR1060H02 - A4-5,SR1060H02 - A4,SR1060H02 - A4,no,yes,yes
Toni Maxi Dress - Mint,Size: 6,f2cf1365-1504-4a93-bdda-c67dd9c4dde6,10014625431857,50036719386929,52086543647025,SR1060H02 - A4-2,SR1060H02 - A4,SR1060H02 - A4,no,yes,yes
Toni Maxi Dress - Mint,Size: 8,41a6eee4-b846-41ef-b35b-ccec9a5c7142,10014625431857,50036719419697,52086543679793,SR1060H02 - A4-3,SR1060H02 - A4,SR1060H02 - A4,no,yes,yes
Toni Mini Dress -Black,Size: L,d2e5a47f-cb63-4426-adb6-fba006957918,10191223521585,50742910878001,52812400099633,JS-2019864-0713 - B-5,JS-2019864-0713 - B,JS-2019864-0713 - B,no,yes,yes
Toni Mini Dress -Black,Size: M,8f363085-48de-4988-9f21-cc2360245aca,10191223521585,50742910845233,52812400066865,JS-2019864-0713 - B-4,JS-2019864-0713 - B,JS-2019864-0713 - B,no,yes,yes
Toni Mini Dress -Black,Size: S,e2d65846-9b2a-4d20-837d-ce158abdb46e,10191223521585,50742910812465,52812400034097,JS-2019864-0713 - B-3,JS-2019864-0713 - B,JS-2019864-0713 - B,no,yes,yes
Toni Mini Dress -Black,Size: XS,55fccb88-29ce-4479-8bec-bbc0d2dd4583,10191223521585,50742910779697,52812400001329,JS-2019864-0713 - B-2,JS-2019864-0713 - B,JS-2019864-0713 - B,no,yes,yes
Toni Playsuit - Black,Size: L,ce697588-d416-45b1-b200-10a0cf97d4a4,10191221883185,50742908911921,52812398133553,JS2023061 - 0731 - B-5,JS2023061 - 0731 - B,JS2023061 - 0731 - B,no,yes,yes
Toni Playsuit - Black,Size: M,8f19b1cf-abe8-4c84-825b-f31fb0d86667,10191221883185,50742908879153,52812398100785,JS2023061 - 0731 - B-4,JS2023061 - 0731 - B,JS2023061 - 0731 - B,no,yes,yes
Toni Playsuit - Black,Size: S,8bb5bff1-769f-49d7-b14b-62caeac5f457,10191221883185,50742908846385,52812398068017,JS2023061 - 0731 - B-3,JS2023061 - 0731 - B,JS2023061 - 0731 - B,no,yes,yes
Toni Playsuit - Black,Size: XS,e8cf38dd-c800-4d54-aa9e-97acd77581f7,10191221883185,50742908813617,52812398035249,JS2023061 - 0731 - B-2,JS2023061 - 0731 - B,JS2023061 - 0731 - B,no,yes,yes
Trina Dress,Size: L,86149530-3822-43e1-9555-109c3ca22036,10639533736241,53470202233137,55574151233841,JA329-RB016P - A6-5,JA329-RB016P - A6,JA329-RB016P - A6,no,yes,yes
Trina Dress,Size: M,d3cc88fa-f1c6-4d9a-83d0-3ae6b78ab4aa,10639533736241,53470202200369,55574151201073,JA329-RB016P - A6-4,JA329-RB016P - A6,JA329-RB016P - A6,no,yes,yes
Trina Dress,Size: S,40696727-1c31-4f8d-b240-7b0d7e670a1c,10639533736241,53470202167601,55574151168305,JA329-RB016P - A6-3,JA329-RB016P - A6,JA329-RB016P - A6,no,yes,yes
Trina Dress,Size: XS,ef183480-d742-4b5d-a845-7941c475da70,10639533736241,53470202134833,55574151135537,JA329-RB016P - A6-2,JA329-RB016P - A6,JA329-RB016P - A6,no,yes,yes
Trina Maxi Dress -,Size: L,34fe74d8-5c54-4d6a-9c44-8e916519336d,10639516893489,53470161010993,55574104572209,JB004B-0984 - A10-5,JB004B-0984 - A10,JB004B-0984 - A10,no,yes,yes
Trina Maxi Dress -,Size: M,d64a23bd-f134-496e-82e5-a6bd5680c73c,10639516893489,53470160978225,55574104539441,JB004B-0984 - A10-4,JB004B-0984 - A10,JB004B-0984 - A10,no,yes,yes
Trina Maxi Dress -,Size: S,7e8b616a-539a-46f4-a1f9-a6635b4ef117,10639516893489,53470160945457,55574104506673,JB004B-0984 - A10-3,JB004B-0984 - A10,JB004B-0984 - A10,no,yes,yes
Trina Maxi Dress -,Size: XS,ec0b6b15-48fc-4fa4-9336-6fc6eedbee22,10639516893489,53470160912689,55574104473905,JB004B-0984 - A10-2,JB004B-0984 - A10,JB004B-0984 - A10,no,yes,yes
Trina Maxi Dress - Khaki,Size: L,0221b967-6d87-4e8b-8b6f-c6f1ffe5771b,9186603991345,47772147253553,49821506797873,2023009- 0942 - A10-5,2023009- 0942 - A10,2023009- 0942 - A10,no,yes,yes
Trina Maxi Dress - Khaki,Size: M,f892a452-e03d-4006-a452-ad1acb0bf471,9186603991345,47772147220785,49821506765105,2023009- 0942 - A10-4,2023009- 0942 - A10,2023009- 0942 - A10,no,yes,yes
Trina Maxi Dress - Khaki,Size: S,3a4ea8f9-772b-4cf7-ad6d-89ebc8a6425c,9186603991345,47772147188017,49821506732337,2023009- 0942 - A10-3,2023009- 0942 - A10,2023009- 0942 - A10,no,yes,yes
Trina Maxi Dress - Khaki,Size: XS,555a1709-5819-4817-9fc0-ab34158cf9cb,9186603991345,47772147155249,49821506699569,2023009- 0942 - A10-2,2023009- 0942 - A10,2023009- 0942 - A10,no,yes,yes
Tyra Blouse - Dusty Rose,Size: L,5b795983-a319-427d-acf9-bb1d869d7937,10332706996529,51540920992049,53608132346161,JB-036 -RB027BRN Jaase Box 55-5,JB-036 -RB027BRN Jaase Box 55,JB-036 -RB027BRN Jaase Box 55,no,yes,yes
Tyra Blouse - Dusty Rose,Size: M,a371c2f1-633e-47de-b871-ee05ceb3b8c5,10332706996529,51540920959281,53608132313393,JB-036 -RB027BRN Jaase Box 55-4,JB-036 -RB027BRN Jaase Box 55,JB-036 -RB027BRN Jaase Box 55,no,yes,yes
Tyra Blouse - Dusty Rose,Size: S,21403624-e518-4e4f-bf08-b9f6e839d4e5,10332706996529,51540920926513,53608132280625,JB-036 -RB027BRN Jaase Box 55-3,JB-036 -RB027BRN Jaase Box 55,JB-036 -RB027BRN Jaase Box 55,no,yes,yes
Tyra Blouse - Dusty Rose,Size: XS,85dd16c5-300e-45ce-972c-f8cd88d361d1,10332706996529,51540920893745,53608132247857,JB-036 -RB027BRN Jaase Box 55-2,JB-036 -RB027BRN Jaase Box 55,JB-036 -RB027BRN Jaase Box 55,no,yes,yes
Tyra Maxi Skirt - Dusty Rose,Size: L,aeaa3730-f2cb-40f7-9f5e-f4aaeece98d4,10332705947953,51540915028273,53608125366577,JB-035-RB027BRN Jaase Box 55-5,JB-035-RB027BRN Jaase Box 55,JB-035-RB027BRN Jaase Box 55,no,yes,yes
Tyra Maxi Skirt - Dusty Rose,Size: M,191ca25d-b5ce-4f57-a6de-8dba6f2619b4,10332705947953,51540914995505,53608125333809,JB-035-RB027BRN Jaase Box 55-4,JB-035-RB027BRN Jaase Box 55,JB-035-RB027BRN Jaase Box 55,no,yes,yes
Tyra Maxi Skirt - Dusty Rose,Size: S,1e051654-d28a-48c9-866b-41c7237ce6c9,10332705947953,51540914962737,53608125301041,JB-035-RB027BRN Jaase Box 55-3,JB-035-RB027BRN Jaase Box 55,JB-035-RB027BRN Jaase Box 55,no,yes,yes
Tyra Maxi Skirt - Dusty Rose,Size: XS,da98823c-8678-4c37-863d-ece182cebd55,10332705947953,51540914929969,53608125268273,JB-035-RB027BRN Jaase Box 55-2,JB-035-RB027BRN Jaase Box 55,JB-035-RB027BRN Jaase Box 55,no,yes,yes
Valencia Top - Pink,Size: L,7a3810f8-ac17-4f58-afd5-844419b5d140,7605147074717,43014389530781,45113134547101,GDS123 Box 1 GDS-4,GDS123 Box 1 GDS,GDS123 Box 1 GDS,no,yes,yes
Valencia Top - Pink,Size: M,29cc02fd-078b-43bb-9d28-8586e14082f9,7605147074717,43014389498013,45113134514333,GDS123 Box 1 GDS-3,GDS123 Box 1 GDS,GDS123 Box 1 GDS,no,yes,yes
Valencia Top - Pink,Size: S,7654eaa5-01e6-49f2-94ab-8c13c4951808,7605147074717,43014389465245,45113134481565,GDS123 Box 1 GDS-2,GDS123 Box 1 GDS,GDS123 Box 1 GDS,no,yes,yes
Valencia Top - Pink,Size: XL,a1bc5f4b-53eb-4609-8e5c-974222fc39be,7605147074717,43014389563549,45113134579869,GDS123 Box 1 GDS-5,GDS123 Box 1 GDS,GDS123 Box 1 GDS,no,yes,yes
Valentia Mini Dress - White/Navy,Size: L,23a08948-3147-4e46-b6ba-6b0c00b92f7e,8343309975857,45001169600817,47046406865201,280 1434 Box 5 GDS-4,280 1434 Box 5 GDS,280 1434 Box 5 GDS,no,yes,yes
Valentia Mini Dress - White/Navy,Size: M,2102d0dc-5302-4201-9ff9-ec5a3ce88d48,8343309975857,45001169568049,47046406832433,280 1434 Box 5 GDS-3,280 1434 Box 5 GDS,280 1434 Box 5 GDS,no,yes,yes
Valentia Mini Dress - White/Navy,Size: S,ea18ced1-8a40-4e13-b008-3f9705a6aa05,8343309975857,45001169535281,47046406799665,280 1434 Box 5 GDS-2,280 1434 Box 5 GDS,280 1434 Box 5 GDS,no,yes,yes
Valentia Mini Dress - White/Navy,Size: XL,889bd6e5-c2d9-415c-8c17-3c995c2c0f9c,8343309975857,45001169633585,47046406897969,280 1434 Box 5 GDS-5,280 1434 Box 5 GDS,280 1434 Box 5 GDS,no,yes,yes
Vana Black Satin Wide leg Pants - By Frankie,Size: L,0a790516-50ea-4610-8b04-aeacc9e0b6de,10306791604529,51417041207601,53484257411377,542-1 B15-5,542-1 B15,542-1 B15,no,yes,yes
Vana Black Satin Wide leg Pants - By Frankie,Size: M,3cb74775-a732-4b14-891e-16e7dcf5b361,10306791604529,51417041174833,53484257378609,542-1 B15-4,542-1 B15,542-1 B15,no,yes,yes
Vana Black Satin Wide leg Pants - By Frankie,Size: S,9b58a151-582d-4026-9441-c004566740f6,10306791604529,51417041142065,53484257345841,542-1 B15-3,542-1 B15,542-1 B15,no,yes,yes
Vana Black Satin Wide leg Pants - By Frankie,Size: XS,89148f81-62e6-4abc-b93b-c5d2e858547a,10306791604529,51417041109297,53484257313073,542-1 B15-2,542-1 B15,542-1 B15,no,yes,yes
Vana Black Vest - By Frankie,Size: L,d895885c-1b6d-416e-821c-e77fabe9b2fa,10307725558065,51420621046065,53487844950321,6565 - BF2-5,6565 - BF2,6565 - BF2,no,yes,yes
Vana Black Vest - By Frankie,Size: M,cd184900-e1c9-4007-bb78-b0b93e6009d2,10307725558065,51420621013297,53487844917553,6565 - BF2-4,6565 - BF2,6565 - BF2,no,yes,yes
Vana Black Vest - By Frankie,Size: S,2cbc175e-a877-44e6-a90b-5dc4498e1bad,10307725558065,51420620980529,53487844884785,6565 - BF2-3,6565 - BF2,6565 - BF2,no,yes,yes
Vana Black Vest - By Frankie,Size: XS,9c61997d-896b-4b4e-b346-36885f4ef9a4,10307725558065,51420620947761,53487844852017,6565 - BF2-2,6565 - BF2,6565 - BF2,no,yes,yes
Vana Brown Vest - By Frankie,Size: L,598b7751-27e1-4870-aa49-b8e3f7803ba4,10307723985201,51420615246129,53487839150385,MKT-27,MKT,MKT,no,yes,yes
Vana Brown Vest - By Frankie,Size: M,ca079a26-5db1-4d6b-a8b7-99fc5c11e932,10307723985201,51420615213361,53487839117617,MKT-26,MKT,MKT,no,yes,yes
Vana Brown Vest - By Frankie,Size: S,904bf975-5027-470d-bcc3-895f1ef89e66,10307723985201,51420615180593,53487839084849,MKT-25,MKT,MKT,no,yes,yes
Vana Brown Vest - By Frankie,Size: XL,4e2ffac7-73b2-4494-ad8a-10afb7ab53a8,10307723985201,51420615278897,53487839183153,MKT-28,MKT,MKT,no,yes,yes
Vana Brown Vest - By Frankie,Size: XS,24abacfe-6c89-4a61-b00b-5eced65b41bf,10307723985201,51420615147825,53487839052081,MKT-24,MKT,MKT,no,yes,yes
Vanessa Colourful Cardi - Multicoulur,Size: L/XL,50980755-57a7-4197-8fe5-77c746ce39c4,7400825061533,42378847551645,44477056712861,3061A Cardi Box 2-3,3061A Cardi Box 2,3061A Cardi Box 2,no,yes,yes
Vanessa Colourful Cardi - Multicoulur,Size: M/L,970475e9-dfc2-4b50-87b5-222b1de87b28,7400825061533,42378847518877,44477056680093,3061A Cardi Box 2-2,3061A Cardi Box 2,3061A Cardi Box 2,no,yes,yes
Vennie Shirred Mini Dress - Blue,Size: 10,cb1be118-3a18-4a40-a25b-cd86ee0d8d24,9236467843377,47899152384305,49947314815281,201687-3 - B5-3,201687-3 - B5,201687-3 - B5,no,yes,yes
Vennie Shirred Mini Dress - Blue,Size: 12,06890cae-1f4a-4202-9b50-be48fc627b05,9236467843377,47899152417073,49947314848049,201687-3 - B5-4,201687-3 - B5,201687-3 - B5,no,yes,yes
Vennie Shirred Mini Dress - Blue,Size: 14,3d73078a-0a78-4255-a5ca-48f1eb267c45,9236467843377,47899152449841,49947314880817,201687-3 - B5-5,201687-3 - B5,201687-3 - B5,no,yes,yes
Vennie Shirred Mini Dress - Blue,Size: 16,14c1ac28-29c6-42d7-91ba-57eed4ad1646,9236467843377,47899152482609,49947314913585,201687-3 - B5-6,201687-3 - B5,201687-3 - B5,no,yes,yes
Vennie Shirred Mini Dress - Blue,Size: 8,e11a4fde-bd21-4b43-a6fa-05dba0bc6d18,9236467843377,47899152351537,49947314782513,201687-3 - B5-2,201687-3 - B5,201687-3 - B5,no,yes,yes
Vennie Shirred Mini Dress - Green,Size: 10,ced846be-5567-40ae-8c61-a87f83485219,9236468236593,47899153301809,49947315732785,201687 - I-3,201687 - I,201687 - I,no,yes,yes
Vennie Shirred Mini Dress - Green,Size: 12,356356ce-4b36-4c59-8b4d-8e866ac6412e,9236468236593,47899153334577,49947315765553,201687 - I-4,201687 - I,201687 - I,no,yes,yes
Vennie Shirred Mini Dress - Green,Size: 14,537c6b7a-8532-4d47-9620-83c225fc9c43,9236468236593,47899153367345,49947315798321,201687 - I-5,201687 - I,201687 - I,no,yes,yes
Vennie Shirred Mini Dress - Green,Size: 16,7a9ebd68-cace-4a86-a7cf-f30363bbccba,9236468236593,47899153400113,49947315831089,201687 - I-6,201687 - I,201687 - I,no,yes,yes
Vennie Shirred Mini Dress - Green,Size: 8,c834ee86-a906-4a35-a942-3cca4fa78e0f,9236468236593,47899153269041,49947315700017,201687 - I-2,201687 - I,201687 - I,no,yes,yes
Venus Top -  Black/Golden,Size: L,227875df-e0d2-4215-8cdc-5e8ed0bab026,7299792109725,42046710513821,44145535221917,S15 096 853 - T3-4,S15 096 853 - T3,S15 096 853 - T3,no,yes,yes
Venus Top -  Black/Golden,Size: M,7e6cf795-b55e-4ef5-968f-15d025298de3,7299792109725,42046710481053,44145535189149,S15 096 853 - T3-3,S15 096 853 - T3,S15 096 853 - T3,no,yes,yes
Venus Top -  Black/Golden,Size: S,13d7821e-5f0a-4b98-8723-bb12e10f2f5c,7299792109725,42046710448285,44145535156381,S15 096 853 - T3-2,S15 096 853 - T3,S15 096 853 - T3,no,yes,yes
Venus Top -  Black/Golden,Size: XL,3eb3d352-dd0d-49cd-aeec-ad234d5c0362,7299792109725,42046710546589,44145535254685,S15 096 853 - T3-5,S15 096 853 - T3,S15 096 853 - T3,no,yes,yes
Violet Hair Scrunchie,Title: Default Title,36eca08c-cade-4284-bdf7-dabc1dd8bc34,10366585536817,51707270103345,53775921447217,SC28B-2,SC28B,SC28B,no,yes,yes
Vitoria Mini Dress - White,Size: 10/S,226b73d8-fecc-47e2-b913-bfdfd06b2fab,9957138759985,49839915598129,51889499504945,2511 2070-3,2511 2070,2511 2070,no,yes,yes
Vitoria Mini Dress - White,Size: 12/M,907644af-b153-4170-82d0-86ddf42f2b5f,9957138759985,49839915630897,51889499537713,2511 2070-4,2511 2070,2511 2070,no,yes,yes
Vitoria Mini Dress - White,Size: 14/L,f12fc999-1b2a-4efb-a23b-e92ab4d5e60e,9957138759985,49839915663665,51889499570481,2511 2070-5,2511 2070,2511 2070,no,yes,yes
Vitoria Mini Dress - White,Size: 8/XS,6e023e49-81cb-4183-834c-66a8307f92a5,9957138759985,49839915565361,51889499472177,2511 2070-2,2511 2070,2511 2070,no,yes,yes
Viva Linen Long Dress - Blue - GDS,Size: 10,d5653659-6cbd-4bdf-a57f-4369912f7248,9321981215025,48232240939313,50279089275185,25112004 Box 10 GDS-3,25112004 Box 10 GDS,25112004 Box 10 GDS,no,yes,yes
Viva Linen Long Dress - Blue - GDS,Size: 12,135edff1-8dac-4618-8c3b-f768b7a93a6a,9321981215025,48232240972081,50279089307953,25112004 Box 10 GDS-4,25112004 Box 10 GDS,25112004 Box 10 GDS,no,yes,yes
Viva Linen Long Dress - Blue - GDS,Size: 14,43b9fcd8-53d0-4dbd-bd9b-d2550bb86593,9321981215025,48232241004849,50279089340721,25112004 Box 10 GDS-5,25112004 Box 10 GDS,25112004 Box 10 GDS,no,yes,yes
Viva Linen Long Dress - Blue - GDS,Size: 8,df67716d-9f1e-4e8c-990b-da0f6f141479,9321981215025,48232240906545,50279089242417,25112004 Box 10 GDS-2,25112004 Box 10 GDS,25112004 Box 10 GDS,no,yes,yes
Vivian Blouse - Navy/Blue,Size: L,09824ce0-40d3-43c3-812b-b9e9bb8983f7,8480033931569,45412192420145,47458399519025,JS80113-0892 - A12-4,JS80113-0892 - A12,JS80113-0892 - A12,no,yes,yes
Vivian Blouse - Navy/Blue,Size: M,480a4e66-197e-48ab-b028-c082f100b0d6,8480033931569,45412192387377,47458399486257,JS80113-0892 - A12-3,JS80113-0892 - A12,JS80113-0892 - A12,no,yes,yes
Vivian Blouse - Navy/Blue,Size: S,d030770b-cb7f-4023-a06b-b4437325b9c3,8480033931569,45412192354609,47458399453489,JS80113-0892 - A12-2,JS80113-0892 - A12,JS80113-0892 - A12,no,yes,yes
Vivian Blouse - Navy/Blue,Size: XL,0f54b8b6-9809-4358-9661-8e077b8e1722,8480033931569,45412192452913,47458399551793,JS80113-0892 - A12-5,JS80113-0892 - A12,JS80113-0892 - A12,no,yes,yes
Vivian Maxi Dress - Navy/Blue,Size: L,e08a1fad-a9d0-45df-b619-6f101cb07e78,8480039665969,45412208804145,47458415903025,2017382D-0892 - A5-4,2017382D-0892 - A5,2017382D-0892 - A5,no,yes,yes
Vivian Maxi Dress - Navy/Blue,Size: M,225cfdc7-29b5-46eb-a781-3d63cb55d1b5,8480039665969,45412208771377,47458415870257,2017382D-0892 - A5-3,2017382D-0892 - A5,2017382D-0892 - A5,no,yes,yes
Vivian Maxi Dress - Navy/Blue,Size: S,7bdd5f29-2b3f-4b9c-89af-5b1f70db1605,8480039665969,45412208738609,47458415837489,2017382D-0892 - A5-2,2017382D-0892 - A5,2017382D-0892 - A5,no,yes,yes
Vivian Maxi Dress - Navy/Blue,Size: XL,aadd7bed-33ef-48ad-b264-ffdb92e990c5,8480039665969,45412208836913,47458415935793,2017382D-0892 - A5-5,2017382D-0892 - A5,2017382D-0892 - A5,no,yes,yes
Vivian Midi Dress - Navy/Blue,Size: L,f597e94e-23f1-47ca-92de-f4fda967d1ce,8480045793585,45412237115697,47458444214577,JS-20175068W-0892 - A2-4,JS-20175068W-0892 - A2,JS-20175068W-0892 - A2,no,yes,yes
Vivian Midi Dress - Navy/Blue,Size: M,02641b40-1f13-49d4-a67c-8c1565a90bc2,8480045793585,45412237082929,47458444181809,JS-20175068W-0892 - A2-3,JS-20175068W-0892 - A2,JS-20175068W-0892 - A2,no,yes,yes
Vivian Midi Dress - Navy/Blue,Size: S,8267208f-6f03-45a6-b650-65de43188da5,8480045793585,45412237050161,47458444149041,JS-20175068W-0892 - A2-2,JS-20175068W-0892 - A2,JS-20175068W-0892 - A2,no,yes,yes
Vivian Midi Dress - Navy/Blue,Size: XL,e106f058-7fe1-467e-9269-78956c86bd38,8480045793585,45412237148465,47458444247345,JS-20175068W-0892 - A2-5,JS-20175068W-0892 - A2,JS-20175068W-0892 - A2,no,yes,yes
Vivian Mini Dress - Navy/Blue,Size: L,f121435b-3049-4f06-9e2f-d4e737ff717a,8480048120113,45412240589105,47458447687985,JS-20175042B-0892 - G-4,JS-20175042B-0892 - G,JS-20175042B-0892 - G,no,yes,yes
Vivian Mini Dress - Navy/Blue,Size: M,e9e31cd8-c6c2-4c7b-8fd4-22cd4e6a6c3a,8480048120113,45412240556337,47458447655217,JS-20175042B-0892 - G-3,JS-20175042B-0892 - G,JS-20175042B-0892 - G,no,yes,yes
Vivian Mini Dress - Navy/Blue,Size: S,c9ecd385-46cf-4975-9223-d85b4374c41a,8480048120113,45412240523569,47458447622449,JS-20175042B-0892 - G-2,JS-20175042B-0892 - G,JS-20175042B-0892 - G,no,yes,yes
Vivian Mini Dress - Navy/Blue,Size: XL,bbf1f42c-ec03-4294-8308-7b8e0dd2dbda,8480048120113,45412240621873,47458447720753,JS-20175042B-0892 - G-5,JS-20175042B-0892 - G,JS-20175042B-0892 - G,no,yes,yes
Wake the World With Your Light Long Sleeve Tee - By Frankie,Size: L,69aff1dd-4a38-4506-8645-8783a0c06df1,10344013398321,51600175497521,53667735503153,684-1 - BF5-5,684-1 - BF5,684-1 - BF5,no,yes,yes
Wake the World With Your Light Long Sleeve Tee - By Frankie,Size: M,77be5ff8-27ee-421f-9a90-27dc637ac375,10344013398321,51600175464753,53667735470385,684-1 - BF5-4,684-1 - BF5,684-1 - BF5,no,yes,yes
Wake the World With Your Light Long Sleeve Tee - By Frankie,Size: S,b55536c9-2955-4972-a275-9cc547d7290f,10344013398321,51600175431985,53667735437617,684-1 - BF5-3,684-1 - BF5,684-1 - BF5,no,yes,yes
Wake the World With Your Light Long Sleeve Tee - By Frankie,Size: XS,ef6b66d7-be53-409e-86ae-f3d9781687be,10344013398321,51600175399217,53667735404849,684-1 - BF5-2,684-1 - BF5,684-1 - BF5,no,yes,yes
Wandering Hearts Jumper - By Frankie,Size: L,7016fedc-757e-4451-8ece-c25862a96ff5,10343983546673,51600083812657,53667642278193,689-1 - BF5-5,689-1 - BF5,689-1 - BF5,no,yes,yes
Wandering Hearts Jumper - By Frankie,Size: L,55dd3e6d-4b0e-4463-b4e4-7002449a676c,10343995441457,51600117858609,53667676324145,689-2 - BF5-5,689-2 - BF5,689-2 - BF5,no,yes,yes
Wandering Hearts Jumper - By Frankie,Size: M,1b44006b-762e-45b9-a1b1-b7eb47627076,10343983546673,51600083779889,53667642245425,689-1 - BF5-4,689-1 - BF5,689-1 - BF5,no,yes,yes
Wandering Hearts Jumper - By Frankie,Size: M,890d811e-2f42-4115-83b2-2c321de2a0d3,10343995441457,51600117825841,53667676291377,689-2 - BF5-4,689-2 - BF5,689-2 - BF5,no,yes,yes
Wandering Hearts Jumper - By Frankie,Size: S,2e8baa12-473d-4584-ac79-95f13273ad92,10343983546673,51600083747121,53667642212657,689-1 - BF5-3,689-1 - BF5,689-1 - BF5,no,yes,yes
Wandering Hearts Jumper - By Frankie,Size: S,a2291cdb-d539-4303-ac24-9d9cbc077e19,10343995441457,51600117793073,53667676258609,689-2 - BF5-3,689-2 - BF5,689-2 - BF5,no,yes,yes
Wandering Hearts Jumper - By Frankie,Size: XS,1abcfcec-506a-4406-ac5d-20da2cfa7c0b,10343983546673,51600083714353,53667642179889,689-1 - BF5-2,689-1 - BF5,689-1 - BF5,no,yes,yes
Wandering Hearts Jumper - By Frankie,Size: XS,175f0675-79b4-4256-aa26-7027db5cef3c,10343995441457,51600117760305,53667676225841,689-2 - BF5-2,689-2 - BF5,689-2 - BF5,no,yes,yes
White and Blue Stripe Shorts - By Frankie,Size: L,b65a01aa-7dba-4c11-917a-b4bf793fa3b8,10633845702961,53344004636977,55447285236017,463-1P - B10-5,463-1P - B10,463-1P - B10,no,yes,yes
White and Blue Stripe Shorts - By Frankie,Size: M,7049b025-2fdb-4f42-95b3-2020132ff8b9,10633845702961,53344004604209,55447285203249,463-1P - B10-4,463-1P - B10,463-1P - B10,no,yes,yes
White and Blue Stripe Shorts - By Frankie,Size: S,51578d86-2612-4acf-a6fa-f657395a0ffc,10633845702961,53344004571441,55447285170481,463-1P - B10-3,463-1P - B10,463-1P - B10,no,yes,yes
White and Blue Stripe Shorts - By Frankie,Size: XS,c4fb0009-5317-4402-80fd-1af9cc8f2d18,10633845702961,53344004538673,55447285137713,463-1P - B10-2,463-1P - B10,463-1P - B10,no,yes,yes
White Bodysuit,Size: 10,36cd121e-6b23-47bc-9291-b0908529a9e8,10760806269233,55716120559921,57833417867569,Q19926-4,Q19926,Q19926,no,yes,yes
White Bodysuit,Size: 6,3f160687-9c19-4215-8c21-75fccb416dca,10760806269233,55716120494385,57833417802033,Q19926-2,Q19926,Q19926,no,yes,yes
White Bodysuit,Size: 8,685c31f2-6c82-4d68-983f-00ad351a2faf,10760806269233,55716120527153,57833417834801,Q19926-3,Q19926,Q19926,no,yes,yes
White Crochet Pants - By Frankie,Size: L,94a9f6a9-bdf6-4471-bd4a-2503af54303c,10393068667185,51816374141233,53887934726449,2570-5,2570,2570,yes,yes,yes
White Crochet Pants - By Frankie,Size: M,df4d18e5-54e3-4a8b-b561-7d394d3836ab,10393068667185,51816374108465,53887934693681,2570-4,2570,2570,yes,yes,yes
White Crochet Pants - By Frankie,Size: S,96033a19-72c4-499b-a7b9-dad62409c71c,10393068667185,51816374075697,53887934660913,2570-3,2570,2570,yes,yes,yes
White Crochet Pants - By Frankie,Size: XS,e3ddb4b9-4491-438f-9ef3-06900c5708d3,10393068667185,51816374042929,53887934628145,2570-2,2570,2570,yes,yes,yes
White Lace Pants  - By Frankie,Size: L,f8e4951e-abe8-4066-a028-6975a1770b2c,10320042918193,51463940768049,53531100873009,MKT-37,MKT,MKT,no,yes,yes
White Lace Pants  - By Frankie,Size: M,8f8f4e3b-f45d-4447-b9a7-22cc36a92539,10320042918193,51463940735281,53531100840241,MKT-36,MKT,MKT,no,yes,yes
White Lace Pants  - By Frankie,Size: S,dbbbad72-fa25-4bd1-8045-3372a2247f35,10320042918193,51463940702513,53531100807473,MKT-35,MKT,MKT,no,yes,yes
White Lace Pants  - By Frankie,Size: XL,e72b0d52-aacd-4e7b-8a2e-6097dd9d31ba,10320042918193,51463940800817,53531100905777,MKT-38,MKT,MKT,no,yes,yes
White Lace Pants  - By Frankie,Size: XS,ecce42df-3b2d-47c0-9eec-329cf41cdd7e,10320042918193,51463940669745,53531100774705,MKT-34,MKT,MKT,no,yes,yes
White Lace Pants With Stars  - By Frankie,Size: L,a6b6fade-33fa-474f-85b2-25c6ab81fa98,10611256099121,53125675254065,55227298578737,748-2 - BF3-5,748-2 - BF3,748-2 - BF3,no,yes,yes
White Lace Pants With Stars  - By Frankie,Size: M,35c2d2ca-435e-47e9-8fde-cf7e9223d3a2,10611256099121,53125675221297,55227298545969,748-2 - BF3-4,748-2 - BF3,748-2 - BF3,no,yes,yes
White Lace Pants With Stars  - By Frankie,Size: S,8350bd0c-3341-44c8-82cb-c6688ac5650a,10611256099121,53125675188529,55227298513201,748-2 - BF3-3,748-2 - BF3,748-2 - BF3,no,yes,yes
White Lace Pants With Stars  - By Frankie,Size: XS,72d59d2d-f8db-46d8-8886-3a4d631bb6d4,10611256099121,53125675155761,55227298480433,748-2 - BF3-2,748-2 - BF3,748-2 - BF3,no,yes,yes
White Lace Skirt - By Frankie,Size: L,c4d74aa6-a9f6-4cbe-83a3-e028823bc006,10361825722673,51685762531633,53754244366641,#345-5,#345,#345,no,yes,yes
White Lace Skirt - By Frankie,Size: M,433e38ba-67f7-4985-9fcb-aa86f5f25f81,10361825722673,51685762498865,53754244333873,#345-4,#345,#345,no,yes,yes
White Lace Skirt - By Frankie,Size: S,f81cfe23-e705-424d-919e-b57d7ff18a6a,10361825722673,51685762466097,53754244301105,#345-3,#345,#345,no,yes,yes
White Lace Skirt - By Frankie,Size: XS,10da5ff9-9a1e-4e81-a7f4-cda13daf660c,10361825722673,51685762433329,53754244268337,#345-2,#345,#345,no,yes,yes
White Ribbed Bodysuit,Size: 10,57c5839c-eaa8-430b-806d-991d55fc110d,10633013330225,53337798541617,55440992043313,122337 - A13-3,122337 - A13,122337 - A13,no,yes,yes
White Ribbed Bodysuit,Size: 12,dfcc857e-e9b3-4ee3-9809-3efe93b8c062,10633013330225,53337798574385,55440992076081,122337 - A13-4,122337 - A13,122337 - A13,no,yes,yes
White Ribbed Bodysuit,Size: 8,8bb6f8c0-131f-4223-a5e8-a056df0165fa,10633013330225,53337790054705,55440983425329,122337 - A13-2,122337 - A13,122337 - A13,no,yes,yes
White Tee With Black Lace Trim - By Frankie,Size: L,e6e06385-2170-477b-bbbe-e1625ec87614,10663395000625,54069600747825,56176709239089,202602-2 - B10-5,202602-2 - B10,202602-2 - B10,no,yes,yes
White Tee With Black Lace Trim - By Frankie,Size: M,3945c659-9457-4a17-9b37-4e7ed18e5b05,10663395000625,54069600715057,56176709206321,202602-2 - B10-4,202602-2 - B10,202602-2 - B10,no,yes,yes
White Tee With Black Lace Trim - By Frankie,Size: S,61d2d3e6-979d-4d49-989a-a0f609a6eed3,10663395000625,54069600682289,56176709173553,202602-2 - B10-3,202602-2 - B10,202602-2 - B10,no,yes,yes
White Tee With Black Lace Trim - By Frankie,Size: XS,5574953b-e0e2-4976-b5a4-9ccb9a47a9a2,10663395000625,54069600649521,56176709140785,202602-2 - B10-2,202602-2 - B10,202602-2 - B10,no,yes,yes
White Tee With Lace Trim - By Frankie,Size: L,b6d13ec6-8c58-42df-83e3-d3693a84262f,10568579088689,52797605282097,54895156068657,590-2 - A15-5,590-2 - A15,590-2 - A15,no,yes,yes
White Tee With Lace Trim - By Frankie,Size: M,91edd9ff-2057-4ee1-a911-7cf6d21ad06d,10568579088689,52797605249329,54895156035889,590-2 - A15-4,590-2 - A15,590-2 - A15,no,yes,yes
White Tee With Lace Trim - By Frankie,Size: S,a76f090b-12bd-4600-b370-c5aadbe5f271,10568579088689,52797605216561,54895156003121,590-2 - A15-3,590-2 - A15,590-2 - A15,no,yes,yes
White Tee With Lace Trim - By Frankie,Size: XS,d5b50a57-806b-4dab-9805-b7f2dbc955c1,10568579088689,52797605183793,54895155970353,590-2 - A15-2,590-2 - A15,590-2 - A15,no,yes,yes
Wild One Tee - By Frankie,Size: L,95f3cfbc-4597-4f75-9b34-db811fa2b068,10735890596145,55396143497521,57509673926961,787-18 - A19-5,787-18 - A19,787-18 - A19,no,yes,yes
Wild One Tee - By Frankie,Size: M,1d45fa2e-d4ac-4d3a-9c77-54071c72acc6,10735890596145,55396143464753,57509673894193,787-18 - A19-4,787-18 - A19,787-18 - A19,no,yes,yes
Wild One Tee - By Frankie,Size: S,2315ee24-a486-414c-ba75-01b9c6948ccd,10735890596145,55396143431985,57509673861425,787-18 - A19-3,787-18 - A19,787-18 - A19,no,yes,yes
Wild One Tee - By Frankie,Size: XS,18cbbe55-0cc8-456a-8bf7-383f165ddc19,10735890596145,55396143399217,57509673828657,787-18 - A19-2,787-18 - A19,787-18 - A19,no,yes,yes
Wild One Tee Brown - By Frankie,Size: L,642b3700-e66a-4368-ba54-8400fb0c8769,10737356964145,55400936243505,57514503766321,787-19 - A20-5,787-19 - A20,787-19 - A20,no,yes,yes
Wild One Tee Brown - By Frankie,Size: M,035d5cca-01ef-4a37-9696-aa309b10b2c9,10737356964145,55400936210737,57514503733553,787-19 - A20-4,787-19 - A20,787-19 - A20,no,yes,yes
Wild One Tee Brown - By Frankie,Size: S,b9350573-db61-4e45-bc81-b814b210a7f9,10737356964145,55400936177969,57514503700785,787-19 - A20-3,787-19 - A20,787-19 - A20,no,yes,yes
Wild One Tee Brown - By Frankie,Size: XS,547d4993-b8f3-499a-8d9c-a91dc60e2904,10737356964145,55400936145201,57514503668017,787-19 - A20-2,787-19 - A20,787-19 - A20,no,yes,yes
Willow Wrap dress - Pink/Purple,Size: 10,8554b835-fc02-42e6-90b3-bb9757269cb2,6602199138461,39469401505949,41564316041373,S0400-20 - T5-3,S0400-20 - T5,S0400-20 - T5,no,yes,yes
Willow Wrap dress - Pink/Purple,Size: 12,0416e982-059b-4917-a234-ec0a7f1c42d2,6602199138461,39469401538717,41564316074141,S0400-20 - T5-4,S0400-20 - T5,S0400-20 - T5,no,yes,yes
Willow Wrap dress - Pink/Purple,Size: 14,a725ffde-5ed9-43dd-876c-7238a4b303fb,6602199138461,40752989470877,42848337100957,S0400-20 - T5-5,S0400-20 - T5,S0400-20 - T5,no,yes,yes
Willow Wrap dress - Pink/Purple,Size: 16,2457d3bf-2d6c-4119-8bbd-81e99b141f0f,6602199138461,40805710364829,42901043282077,S0400-20 - T5-6,S0400-20 - T5,S0400-20 - T5,no,yes,yes
Willow Wrap dress - Pink/Purple,Size: 8,ba38bf14-a25a-4465-abf3-82ff2d489f99,6602199138461,39469401473181,41564316008605,S0400-20 - T5-2,S0400-20 - T5,S0400-20 - T5,no,yes,yes
Wine and Moons Set - By Frankie,Size: L,661de9f5-399b-44f8-b0fc-531da2a0d08c,10193399677233,50749625270577,52819188941105,31-2  B12-5,31-2  B12,31-2  B12,no,yes,yes
Wine and Moons Set - By Frankie,Size: M,3564213b-9e19-4a0c-8641-fd1a5436ce96,10193399677233,50749625237809,52819188908337,31-2  B12-4,31-2  B12,31-2  B12,no,yes,yes
Wine and Moons Set - By Frankie,Size: S,aa0dcd53-d7f0-49f1-b86d-f0b9dafcf1ad,10193399677233,50749625205041,52819188875569,31-2  B12-3,31-2  B12,31-2  B12,no,yes,yes
Wine and Moons Set - By Frankie,Size: XS,526a00cf-b02b-426b-a5c8-5789b43c1370,10193399677233,50749625172273,52819188842801,31-2  B12-2,31-2  B12,31-2  B12,no,yes,yes
Wine Racer Pants - By Frankie,Size: M,d7b55fce-25b4-4d36-9ceb-fdaf091afe07,10270916280625,51299783737649,53367774839089,"1122 MKT, Warehouse-2","1122 MKT, Warehouse","1122 MKT, Warehouse",no,yes,yes
Wine Racer Pants - By Frankie,Size: S,5810f0d8-8bc2-4ef5-9dc7-9ea456880563,10270916280625,51299783704881,53367774806321,1122 MKT-3,1122 MKT,1122 MKT,no,yes,yes
Wine Racer Pants - By Frankie,Size: XS,1199d8da-3b4b-403a-a64e-f9e8d70e83ae,10270916280625,51299783672113,53367774773553,1122 MKT-2,1122 MKT,1122 MKT,no,yes,yes
Winona Wide Leg Jeans - Dark Blue,Size: 10,43e12bea-580f-4fab-99a3-b99d599def03,10363590279473,51694141014321,53762755690801,CGJ1622-D-6,CGJ1622-D,CGJ1622-D,no,yes,yes
Winona Wide Leg Jeans - Dark Blue,Size: 12,9ca91df3-9826-44d8-a94a-c19c5992f69b,10363590279473,51696217030961,53764870570289,CGJ1622-D-7,CGJ1622-D,CGJ1622-D,no,yes,yes
Winona Wide Leg Jeans - Dark Blue,Size: 14,ce176471-009f-465f-9277-82d2b54edf75,10363590279473,51696217063729,53764870603057,CGJ1622-D-8,CGJ1622-D,CGJ1622-D,no,yes,yes
Winona Wide Leg Jeans - Dark Blue,Size: 6,7fa9ad7a-0dd3-46b9-a41c-5aeb0f8a55a4,10363590279473,51694140883249,53762755559729,CGJ1622-D-2,CGJ1622-D,CGJ1622-D,no,yes,yes
Winona Wide Leg Jeans - Dark Blue,Size: 7,36377019-2fb3-4994-b523-b5d16642a0c5,10363590279473,51694140916017,53762755592497,CGJ1622-D-3,CGJ1622-D,CGJ1622-D,no,yes,yes
Winona Wide Leg Jeans - Dark Blue,Size: 8,0dc46114-1da1-4f04-962c-257d28cd8613,10363590279473,51694140948785,53762755625265,CGJ1622-D-4,CGJ1622-D,CGJ1622-D,no,yes,yes
Winona Wide Leg Jeans - Dark Blue,Size: 9,61be8a31-01d3-4147-a0c8-a3c4e7b85491,10363590279473,51694140981553,53762755658033,CGJ1622-D-5,CGJ1622-D,CGJ1622-D,no,yes,yes
Yana Cut Out Maxi Dress - Mint,Size: 10,086efb11-44e9-4da6-b06c-4ae6f14c9a99,8910804648241,47061479293233,49110146187569,W2011323-1 - F-4,W2011323-1 - F,W2011323-1 - F,no,yes,yes
Yana Cut Out Maxi Dress - Mint,Size: 10,1eb08871-4bdd-4244-9521-ba0e0fdfbb9c,9070180237617,47439833235761,49489011573041,W2011323-4 - F-4,W2011323-4 - F,W2011323-4 - F,no,yes,yes
Yana Cut Out Maxi Dress - Mint,Size: 12,19e3c5f2-164a-4ef3-abdc-a65803b8b985,8910804648241,47061479326001,49110146220337,W2011323-1 - F-5,W2011323-1 - F,W2011323-1 - F,no,yes,yes
Yana Cut Out Maxi Dress - Mint,Size: 12,1d851d6e-45d6-4c2a-96f6-0cda208f3171,9070180237617,47439833268529,49489011605809,W2011323-4 - F-5,W2011323-4 - F,W2011323-4 - F,no,yes,yes
Yana Cut Out Maxi Dress - Mint,Size: 6,8ab68eae-d486-4a98-bbc4-aa24ab70c509,8910804648241,47061479227697,49110146122033,W2011323-1 - F-2,W2011323-1 - F,W2011323-1 - F,no,yes,yes
Yana Cut Out Maxi Dress - Mint,Size: 6,9a2764bf-30bd-49ba-aa35-30a7d5185edb,9070180237617,47439833170225,49489011507505,W2011323-4 - F-2,W2011323-4 - F,W2011323-4 - F,no,yes,yes
Yana Cut Out Maxi Dress - Mint,Size: 8,f8158d9a-f7a7-4a97-ac61-43453bdc7c37,8910804648241,47061479260465,49110146154801,W2011323-1 - F-3,W2011323-1 - F,W2011323-1 - F,no,yes,yes
Yana Cut Out Maxi Dress - Mint,Size: 8,88159496-ed39-4815-9c52-51783ff0d21c,9070180237617,47439833202993,49489011540273,W2011323-4 - F-3,W2011323-4 - F,W2011323-4 - F,no,yes,yes
Yana Cut Out Maxi Dress - Sky Blue,Size: 10,b8f7b13e-cf29-4d9b-8cde-4585a8edfc0e,8976327803185,47247398076721,49296377315633,W2011323-2 - F-4,W2011323-2 - F,W2011323-2 - F,no,yes,yes
Yana Cut Out Maxi Dress - Sky Blue,Size: 12,bd25e318-a695-4268-b5d4-bf1cdd363497,8976327803185,47247398109489,49296377348401,W2011323-2 - F-5,W2011323-2 - F,W2011323-2 - F,no,yes,yes
Yana Cut Out Maxi Dress - Sky Blue,Size: 6,20355030-7090-4481-812e-8fbe89d833be,8976327803185,47247398011185,49296377250097,W2011323-2 - F-2,W2011323-2 - F,W2011323-2 - F,no,yes,yes
Yana Cut Out Maxi Dress - Sky Blue,Size: 8,0f064bbc-1bb7-42a4-bb6e-fce9f1b6b3dd,8976327803185,47247398043953,49296377282865,W2011323-2 - F-3,W2011323-2 - F,W2011323-2 - F,no,yes,yes
Yana Jumper Set - By Frankie,Size: L,4819e3a3-135c-4ece-a8b3-5982acf19de3,10663417381169,54070934405425,56178053808433,2610 - JUMP BOX 2-5,2610 - JUMP BOX 2,2610 - JUMP BOX 2,no,yes,yes
Yana Jumper Set - By Frankie,Size: M,7a765d6b-020c-426f-9c11-34adcec0b13e,10663417381169,54070934372657,56178053775665,2610 - JUMP BOX 2-4,2610 - JUMP BOX 2,2610 - JUMP BOX 2,no,yes,yes
Yana Jumper Set - By Frankie,Size: S,76a540fc-5f69-4801-8079-0fc848e649ee,10663417381169,54070934339889,56178053742897,2610 - JUMP BOX 2-3,2610 - JUMP BOX 2,2610 - JUMP BOX 2,no,yes,yes
Yana Jumper Set - By Frankie,Size: XS,622388e3-9c68-49e1-9104-b5909bb5a480,10663417381169,54070934307121,56178053710129,2610 - JUMP BOX 2-2,2610 - JUMP BOX 2,2610 - JUMP BOX 2,no,yes,yes
Yana Midi Dress - Black/Rust,Size: L,46f1f49b-9d4e-4936-a268-1d5277f0d398,8397050872113,45172203323697,47217947115825,Box 5 GDS-4,Box 5 GDS,Box 5 GDS,no,yes,yes
Yana Midi Dress - Black/Rust,Size: M,234945db-06a1-4aaf-80ac-fc30654f42e8,8397050872113,45172203290929,47217947083057,Box 5 GDS-3,Box 5 GDS,Box 5 GDS,no,yes,yes
Yana Midi Dress - Black/Rust,Size: S,5599228c-eb3a-421e-84ab-24ef1eb53c95,8397050872113,45172203258161,47217947050289,Box 5 GDS-2,Box 5 GDS,Box 5 GDS,no,yes,yes
Yana Midi Dress - Black/Rust,Size: XL,70bbe8fb-f3cf-45c4-aadd-e5f4f62be3df,8397050872113,45172203356465,47217947148593,Box 5 GDS-5,Box 5 GDS,Box 5 GDS,no,yes,yes
Yasmin Midi Dress - Black/Silver,Size: 10,a0832999-d1a5-4300-a554-0af4e29a7456,7161100992669,42034802262173,44133543018653,89371 - B8-3,89371 - B8,89371 - B8,no,yes,yes
Yasmin Midi Dress - Black/Silver,Size: 12,151d5202-0451-4d5e-8e11-e033de04e45a,7161100992669,42034802327709,44133543084189,89371 - B8-4,89371 - B8,89371 - B8,no,yes,yes
Yasmin Midi Dress - Black/Silver,Size: 8,79f72fe1-a769-4739-b3b8-575515a4f209,7161100992669,42034802229405,44133542985885,89371 - B8-2,89371 - B8,89371 - B8,no,yes,yes
Yasmin Midi Dress - Green/Silver,Size: 10,62bcf6e9-9857-4f8f-9db4-19aec9d14042,7161102368925,42034823102621,44133563859101,89371 - B8-7,89371 - B8,89371 - B8,no,yes,yes
Yasmin Midi Dress - Green/Silver,Size: 12,d4dae1d5-23d5-4dc6-8bc8-40e476d834f8,7161102368925,42034823135389,44133563891869,89371 - B8-8,89371 - B8,89371 - B8,no,yes,yes
Yasmin Midi Dress - Green/Silver,Size: 6,f4496c43-8631-4846-a76f-dd2c7ddfe0fb,7161102368925,41396701364381,43493178048669,89371 - B8-5,89371 - B8,89371 - B8,no,yes,yes
Yasmin Midi Dress - Green/Silver,Size: 8,147ecc42-4c68-43d3-931c-547ec32b91ef,7161102368925,42034823069853,44133563826333,89371 - B8-6,89371 - B8,89371 - B8,no,yes,yes
Yeehaw Cowboy Long Sleeve Top - By Frankie,Size: L,24f4c474-b262-4ae6-a6c9-d11a33e27944,10702909505841,54818543501617,56929478148401,787-12 - A18-5,787-12 - A18,787-12 - A18,no,yes,yes
Yeehaw Cowboy Long Sleeve Top - By Frankie,Size: M,257d7311-7339-4a07-b5d5-0d0e37dab909,10702909505841,54818543468849,56929478115633,787-12 - A18-4,787-12 - A18,787-12 - A18,no,yes,yes
Yeehaw Cowboy Long Sleeve Top - By Frankie,Size: S,5fdb05a8-facf-4c59-88a0-833fe8af3d14,10702909505841,54818543436081,56929478082865,787-12 - A18-3,787-12 - A18,787-12 - A18,no,yes,yes
Yeehaw Cowboy Long Sleeve Top - By Frankie,Size: XS,f907b095-e813-4bc4-95e5-a5ebe5dbfc98,10702909505841,54818543403313,56929478050097,787-12 - A18-2,787-12 - A18,787-12 - A18,no,yes,yes
Yellow Vest Set - By Frankie,Size: L,334f88ce-a4fb-4f2a-bfcd-9ffa653ca0e0,10312454701361,51439715778865,53507020718385,BF - B12-5,BF - B12,BF - B12,no,yes,yes
Yellow Vest Set - By Frankie,Size: M,2bd6b8d4-e102-4731-9f48-c9431e097569,10312454701361,51439715746097,53507020685617,BF - B12-4,BF - B12,BF - B12,no,yes,yes
Yellow Vest Set - By Frankie,Size: S,d606eb22-591b-40a3-b428-52b1041aa148,10312454701361,51439715713329,53507020652849,BF - B12-3,BF - B12,BF - B12,no,yes,yes
Yellow Vest Set - By Frankie,Size: XS,74299e25-ffd5-441e-b607-2a4ae605dafe,10312454701361,51439715680561,53507020620081,BF - B12-2,BF - B12,BF - B12,no,yes,yes
Yellow/White Stripe Shorts - By Frankie,Size: L,adff23a4-41d3-49cd-b709-553058224c55,10197313126705,50763559174449,52833150796081,674 - Mkt-5,674 - Mkt,674 - Mkt,no,yes,yes
Yellow/White Stripe Shorts - By Frankie,Size: M,7ecb66a4-4d24-4b57-bf33-ae618df71f47,10197313126705,50763559141681,52833150763313,674 - Mkt-4,674 - Mkt,674 - Mkt,no,yes,yes
Yellow/White Stripe Shorts - By Frankie,Size: S,2c13b57f-dbc8-4d83-9e9b-69ef6d4587a4,10197313126705,50763559108913,52833150730545,674 - Mkt-3,674 - Mkt,674 - Mkt,no,yes,yes
Yellow/White Stripe Shorts - By Frankie,Size: XS,22fc4e06-c582-4d42-aa65-f14823e8f9b7,10197313126705,50763559076145,52833150697777,674 - Mkt-2,674 - Mkt,674 - Mkt,no,yes,yes
Your A Charm Tee - By Frankie,Size: L,c4734453-d3f1-46f9-b494-b4051c21c604,10734549205297,55393891975473,57507420963121,751-68T - A20-5,751-68T - A20,751-68T - A20,no,yes,yes
Your A Charm Tee - By Frankie,Size: M,df4fea67-eb68-4fa5-9681-c60d7ddf6914,10734549205297,55393891942705,57507420930353,751-68T - A20-4,751-68T - A20,751-68T - A20,no,yes,yes
Your A Charm Tee - By Frankie,Size: S,7e517119-f71b-45e6-a0fa-52a9bce3c0c9,10734549205297,55393891909937,57507420897585,751-68T - A20-3,751-68T - A20,751-68T - A20,no,yes,yes
Your A Charm Tee - By Frankie,Size: XS,175d6b92-f902-4d7f-997f-6cbffcb1da9f,10734549205297,55393891877169,57507420864817,751-68T - A20-2,751-68T - A20,751-68T - A20,no,yes,yes
Zali Jumpsuit - Black,Size: L,9b83acdc-547a-4d43-9d17-fdf58aee85f5,10638219772209,53408375603505,55512136188209,2023068 - A11-5,2023068 - A11,2023068 - A11,no,yes,yes
Zali Jumpsuit - Black,Size: M,458fe462-a9c8-4d02-875f-c4dd47101bf6,10638219772209,53408375570737,55512136155441,2023068 - A11-4,2023068 - A11,2023068 - A11,no,yes,yes
Zali Jumpsuit - Black,Size: S,eb3c1218-75a4-45be-8a96-8e5dc389776a,10638219772209,53408375537969,55512136122673,2023068 - A11-3,2023068 - A11,2023068 - A11,no,yes,yes
Zali Jumpsuit - Black,Size: XS,acabc93b-569e-4fea-bf54-9fba6a16cb49,10638219772209,53408375505201,55512136089905,2023068 - A11-2,2023068 - A11,2023068 - A11,no,yes,yes
Zali Playsuit - Black,Size: L,51765b19-d0d9-48d6-a272-6bcca2222bf8,10638220067121,53408467878193,55512226824497,JS 2023061  1044 - A11-5,JS 2023061  1044 - A11,JS 2023061  1044 - A11,no,yes,yes
Zali Playsuit - Black,Size: M,1375920e-59dd-4b00-9911-bf1a3c1300d2,10638220067121,53408467845425,55512226791729,JS 2023061  1044 - A11-4,JS 2023061  1044 - A11,JS 2023061  1044 - A11,no,yes,yes
Zali Playsuit - Black,Size: S,65548b5d-d8b5-4a19-82c3-134a2dfdd96e,10638220067121,53408467812657,55512226758961,JS 2023061  1044 - A11-3,JS 2023061  1044 - A11,JS 2023061  1044 - A11,no,yes,yes
Zali Playsuit - Black,Size: XS,cd509a9a-4693-4572-b57e-693d7e7cc377,10638220067121,53408467779889,55512226726193,JS 2023061  1044 - A11-2,JS 2023061  1044 - A11,JS 2023061  1044 - A11,no,yes,yes
Zara Tie Oatmeal Set - By Frankie,Size: L,908387b6-3c30-4549-ba36-f10436d4f9e3,10579088867633,52863746539825,54964100563249,720-2 - BF9-5,720-2 - BF9,720-2 - BF9,no,yes,yes
Zara Tie Oatmeal Set - By Frankie,Size: M,75d072a5-ada8-41ed-add8-c9ddcdfdc927,10579088867633,52863746507057,54964100530481,720-2 - BF9-4,720-2 - BF9,720-2 - BF9,no,yes,yes
Zara Tie Oatmeal Set - By Frankie,Size: S,285b9ae8-8879-4b6c-a727-1a200dfa3ebc,10579088867633,52863746474289,54964100497713,720-2 - BF9-3,720-2 - BF9,720-2 - BF9,no,yes,yes
Zara Tie Oatmeal Set - By Frankie,Size: XS,a26fbd0c-a819-4deb-95ca-50b979960a36,10579088867633,52863746441521,54964100464945,720-2 - BF9-2,720-2 - BF9,720-2 - BF9,no,yes,yes
Zarina Mini - Navy/Cream,Size: 10,f50f328d-15f0-419f-ad8e-5ba094a6ba1e,10062531297585,50235906162993,52289052934449,A57565-2 - A3-3,A57565-2 - A3,A57565-2 - A3,no,yes,yes
Zarina Mini - Navy/Cream,Size: 12,c1eb7501-41c4-4ad8-9a07-0adc7688e543,10062531297585,50235906195761,52289052967217,A57565-2 - A3-4,A57565-2 - A3,A57565-2 - A3,no,yes,yes
Zarina Mini - Navy/Cream,Size: 14,7d4bfe53-f3a1-45d8-99a6-f0d42edde779,10062531297585,50235906228529,52289052999985,A57565-2 - A3-5,A57565-2 - A3,A57565-2 - A3,no,yes,yes
Zarina Mini - Navy/Cream,Size: 8,df659549-3808-456c-bedd-d0d759f3fba2,10062531297585,50235906130225,52289052901681,A57565-2 - A3-2,A57565-2 - A3,A57565-2 - A3,no,yes,yes
Zarina Mini Dress - Navy/Cream,Size: 10,78243c2a-dac4-43c3-96cc-023eb4968b3c,10068269269297,50256033906993,52309191754033,A57520 - 5 - A2-3,A57520 - 5 - A2,A57520 - 5 - A2,no,yes,yes
Zarina Mini Dress - Navy/Cream,Size: 12,a6e9ef69-6847-4315-9bd8-93a45054fea5,10068269269297,50256033939761,52309191786801,A57520 - 5 - A2-4,A57520 - 5 - A2,A57520 - 5 - A2,no,yes,yes
Zarina Mini Dress - Navy/Cream,Size: 14,2cd68ea5-f2ad-45cb-85ee-3a565f1469ca,10068269269297,50256033972529,52309191819569,A57520 - 5 - A2-5,A57520 - 5 - A2,A57520 - 5 - A2,no,yes,yes
Zarina Mini Dress - Navy/Cream,Size: 8,a63acc89-ccd4-46c9-b95b-1445f977c396,10068269269297,50256033874225,52309191721265,A57520 - 5 - A2-2,A57520 - 5 - A2,A57520 - 5 - A2,no,yes,yes
Zasha Top - White,Size: L,d22e8dc2-66f0-4c9d-b705-abbf8da13a2f,6590637441181,39427080224925,41521123491997,S0495-1 -B10-3,S0495-1 -B10,S0495-1 -B10,no,yes,yes
Zasha Top - White,Size: M,016d0da8-e654-46ff-9e23-ca14bd7fb50d,6590637441181,39427080192157,41521123426461,S0495-1 -B10-2,S0495-1 -B10,S0495-1 -B10,no,yes,yes
Zasha Top - White,Size: XL,0b919199-a63a-4cfd-9b18-878f34280d21,6590637441181,41212905521309,43308650332317,S0495-1 -B10-4,S0495-1 -B10,S0495-1 -B10,no,yes,yes
Zena Mini Dress - Orange/Pink/Beige,Size: 10,055f546c-4723-49bb-8f86-1f06548b3677,6920716550301,40678934904989,42775204987037,TFE 7533~D1 - B1-3,TFE 7533~D1 - B1,TFE 7533~D1 - B1,no,yes,yes
Zena Mini Dress - Orange/Pink/Beige,Size: 12,2490374b-25ae-4d98-97ed-35ff65fa037e,6920716550301,40678934937757,42775205019805,TFE 7533~D1 - B1-4,TFE 7533~D1 - B1,TFE 7533~D1 - B1,no,yes,yes
Zena Mini Dress - Orange/Pink/Beige,Size: 14,d867569e-04bb-4f58-875f-33f1a5942847,6920716550301,40807894712477,42903228285085,TFE 7533~D1 - B1-5,TFE 7533~D1 - B1,TFE 7533~D1 - B1,no,yes,yes
Zena Mini Dress - Orange/Pink/Beige,Size: 8,fdb386dc-3937-4276-9cef-eec3bb9008ee,6920716550301,40678934872221,42775204954269,TFE 7533~D1 - B1-2,TFE 7533~D1 - B1,TFE 7533~D1 - B1,no,yes,yes
Zoe Midi Dress - Rust,Size: L,ee5d94da-0813-41cc-a869-2fbfc55f6a67,7511334518941,42716810510493,44814982611101,280 4332 Box 4 GDS-4,280 4332 Box 4 GDS,280 4332 Box 4 GDS,no,yes,yes
Zoe Midi Dress - Rust,Size: M,721c7fcc-59c6-433b-960f-43349ad29c4d,7511334518941,42716810477725,44814982578333,280 4332 Box 4 GDS-3,280 4332 Box 4 GDS,280 4332 Box 4 GDS,no,yes,yes
Zoe Midi Dress - Rust,Size: S,60bb891d-e50c-43cf-9172-8719613eed5f,7511334518941,42716810444957,44814982545565,280 4332 Box 4 GDS-2,280 4332 Box 4 GDS,280 4332 Box 4 GDS,no,yes,yes
Zoe Midi Dress - Rust,Size: XL,b4eef176-da27-41e3-b217-d507f9ccc916,7511334518941,42716810543261,44814982643869,280 4332 Box 4 GDS-5,280 4332 Box 4 GDS,280 4332 Box 4 GDS,no,yes,yes
Zoe Mini Dress - Floral,Size: 16,25d46758-3a6b-4fba-a146-2620d2552a35,8291267903793,44889530335537,46934617817393,JS80257NS-0884 - G-6,JS80257NS-0884 - G,JS80257NS-0884 - G,no,yes,yes
Zoe Mini Dress - Floral,Size: 18,81f01a31-5237-4e9d-a2f3-fa244255abeb,8291267903793,44889530368305,46934617850161,JS80257NS-0884 - G-7,JS80257NS-0884 - G,JS80257NS-0884 - G,no,yes,yes
Zoe Mini Dress - Floral,Size: 20,6b0d9a51-d1f6-41f2-8f97-113313ee2881,8291267903793,44889530401073,46934617882929,JS80257NS-0884 - G-8,JS80257NS-0884 - G,JS80257NS-0884 - G,no,yes,yes
Zoe Mini Dress - Floral,Size: L,a9fd6bb0-6084-49b3-a868-af4b966e8ce8,8291267903793,44817792008497,46862816772401,JS80257NS-0884 - G-4,JS80257NS-0884 - G,JS80257NS-0884 - G,no,yes,yes
Zoe Mini Dress - Floral,Size: M,0ba47d10-b546-4540-9f04-e03125fcfca9,8291267903793,44817791975729,46862816739633,JS80257NS-0884 - G-3,JS80257NS-0884 - G,JS80257NS-0884 - G,no,yes,yes
Zoe Mini Dress - Floral,Size: S,65f93264-ee5a-4909-ac20-d66f87c5bf08,8291267903793,44817791942961,46862816706865,JS80257NS-0884 - G-2,JS80257NS-0884 - G,JS80257NS-0884 - G,no,yes,yes
Zoe Mini Dress - Floral,Size: XL,e84f03c9-3129-4b18-a84a-a46942b19bdc,8291267903793,44817792041265,46862816805169,JS80257NS-0884 - G-5,JS80257NS-0884 - G,JS80257NS-0884 - G,no,yes,yes
Zoe Mini Dress - Lavender,Size: 10,fd15d401-e67d-46ba-ab2d-3261e695354d,8263281377585,44683159994673,46728250261809,S0670 - C-3,S0670 - C,S0670 - C,no,yes,yes
Zoe Mini Dress - Lavender,Size: 12,71dd4f9d-e32e-4aeb-9527-6f5683c189b4,8263281377585,44683160027441,46728250294577,S0670 - C-4,S0670 - C,S0670 - C,no,yes,yes
Zoe Mini Dress - Lavender,Size: 14,7a4045fa-1f96-40a9-9a83-c285547ebd60,8263281377585,44683160060209,46728250327345,S0670 - C-5,S0670 - C,S0670 - C,no,yes,yes
Zoe Mini Dress - Lavender,Size: 16,6766a06c-6ae2-47a3-a5d6-78fcc76d68c4,8263281377585,44683160092977,46728250360113,S0670 - C-6,S0670 - C,S0670 - C,no,yes,yes
Zoe Mini Dress - Lavender,Size: 8,096b180f-314d-4a7e-858b-33cf9882d568,8263281377585,44683159961905,46728250229041,S0670 - C-2,S0670 - C,S0670 - C,no,yes,yes
Zoe Mini Dress - Mint/Sage,Size: 10,317acd84-0c74-46e5-b00c-372e60fa1838,8263291765041,44683188142385,46728278409521,S0670 - C-9,S0670 - C,S0670 - C,no,yes,yes
Zoe Mini Dress - Mint/Sage,Size: 12,f2f517c4-d4dd-4f36-b9af-e09de1b6a942,8263291765041,44683188175153,46728278442289,S0670 - C-10,S0670 - C,S0670 - C,no,yes,yes
Zoe Mini Dress - Mint/Sage,Size: 14,0a962e86-adda-4169-ada0-27b55f65e8d5,8263291765041,44683188207921,46728278475057,S0670 - C-11,S0670 - C,S0670 - C,no,yes,yes
Zoe Mini Dress - Mint/Sage,Size: 16,930f2d3f-0fa1-4448-828d-b9f0004d9209,8263291765041,44683188240689,46728278507825,S0670 - C-12,S0670 - C,S0670 - C,no,yes,yes
Zoe Mini Dress - Mint/Sage,Size: 6,b279027c-9ff5-4540-bdbc-9f3f9b907a71,8263291765041,44683188076849,46728278343985,S0670 - C-7,S0670 - C,S0670 - C,no,yes,yes
Zoe Mini Dress - Mint/Sage,Size: 8,0054ff13-eb5f-41c9-9c47-4be7be32de9d,8263291765041,44683188109617,46728278376753,S0670 - C-8,S0670 - C,S0670 - C,no,yes,yes
